user_id,gender,married,has_children,home_country,home_city,home_airport,age,amount_only_flight_trips,amount_only_hotel_trips,amount_pauschal_trips,seats,hotel_revenue_w_discount,flight_revenue_w_discount,rooms,nights,checked_bags,cancellation,amount_unique_destinations,fav_hotel,amount_total_trips,total_revenue_w_discount,segment,revenue_per_trip,revenue_per_person,hotel_revenue_per_trip
101486,F,True,True,usa,tacoma,TCM,53,0.0,1.0,1.0,1.0,2199.0,189.91,1.5,4.0,0.0,0,1.0,,2.0,2388.91,Other,1194.455,2388.91,183.25
101961,F,True,False,usa,boston,BOS,45,0.0,0.0,5.0,1.0,2429.0,1237.693,1.0,3.8,0.4,0,5.0,,5.0,3666.693,Other,733.3386,3666.693,127.8421052631579
149058,F,False,True,usa,birmingham,BHM,53,0.0,0.0,5.0,,5579.0,0.0,1.2,5.2,,0,0.0,,5.0,5579.0,Other,1115.8,,178.81410256410257
252835,F,False,True,usa,chicago,ORD,40,1.0,0.0,4.0,1.0,1460.0,1615.635,1.0,2.75,0.6,0,3.0,,5.0,3075.635,Other,615.1270000000001,3075.635,106.18181818181819
330893,F,True,True,usa,oklahoma city,OKC,45,0.0,0.0,3.0,1.0,750.0,861.61,1.0,2.0,0.6666666666666666,0,3.0,,3.0,1611.6100000000001,Other,537.2033333333334,1611.6100000000001,125.0
340166,M,True,True,usa,san francisco,SFO,53,0.0,1.0,0.0,,474.0,0.0,1.0,2.0,,0,0.0,,1.0,474.0,Other,474.0,,237.0
347778,F,False,False,usa,las vegas,LSV,51,1.0,0.0,4.0,1.6,4474.0,12436.29,1.75,2.25,1.0,0,4.0,,5.0,16910.29,Other,3382.058,10568.93125,227.25079365079364
353694,F,False,True,usa,new york,LGA,41,0.0,0.0,2.0,1.5,1634.0,713.52,1.5,4.5,0.5,0,2.0,,2.0,2347.52,Other,1173.76,1565.0133333333333,121.03703703703702
354260,F,False,False,usa,providence,PVD,51,1.0,0.0,1.0,1.0,520.0,1165.01,1.0,2.0,1.0,0,2.0,,2.0,1685.01,Other,842.505,1685.01,130.0
354311,F,True,False,usa,tucson,DMA,47,1.0,0.0,1.0,1.0,291.0,1072.89,1.0,3.0,0.5,0,2.0,,2.0,1363.89,Other,681.945,1363.89,48.5
361459,F,True,True,usa,houston,EFD,43,0.0,0.0,1.0,1.0,165.0,393.91,1.0,1.0,1.0,0,1.0,,1.0,558.9100000000001,Other,558.9100000000001,558.9100000000001,165.0
374341,F,False,False,usa,detroit,YIP,27,0.0,3.0,0.0,,6840.0,0.0,2.0,7.333333333333333,,0,0.0,,3.0,6840.0,Other,2280.0,,155.45454545454547
375751,F,True,False,usa,cleveland,CLE,52,1.0,0.0,2.0,1.0,999.0,707.56,1.0,3.0,0.3333333333333333,0,3.0,,3.0,1706.56,Other,568.8533333333334,1706.56,111.0
376159,F,False,False,usa,long beach,LGB,44,0.0,1.0,1.0,1.0,708.0,367.24,1.0,3.0,1.0,0,1.0,,2.0,1075.24,Other,537.62,1075.24,118.0
377411,F,True,False,canada,montreal,YMX,40,0.0,0.0,2.0,1.5,1026.0,1905.536,1.5,2.5,0.0,0,2.0,,2.0,2931.536,Other,1465.768,1954.3573333333334,136.8
378565,F,True,True,usa,nashville,BNA,42,0.0,3.0,2.0,1.0,8600.0,687.941,1.2,8.8,0.5,0,2.0,,5.0,9287.941,Other,1857.5882000000001,9287.941,162.87878787878788
380434,F,True,True,usa,oklahoma city,TIK,51,0.0,0.0,3.0,1.0,1426.0,999.3375,1.0,2.333333333333333,0.3333333333333333,0,3.0,,3.0,2425.3375,Other,808.4458333333333,2425.3375,203.71428571428572
380757,F,False,True,usa,los angeles,LAX,48,0.0,0.0,3.0,1.0,1310.35,495.62,1.0,4.666666666666667,0.3333333333333333,0,3.0,,3.0,1805.9699999999998,Other,601.9899999999999,1805.9699999999998,93.59642857142856
382181,F,True,False,canada,halifax,YHZ,38,1.0,0.0,2.0,1.0,920.0,1073.04,1.0,2.5,0.6666666666666666,0,3.0,,3.0,1993.04,Other,664.3466666666667,1993.04,122.66666666666667
382384,F,True,False,usa,st. petersburg,PIE,59,0.0,0.0,1.0,1.0,156.0,228.63,1.0,1.0,1.0,0,1.0,,1.0,384.63,Other,384.63,384.63,156.0
385689,F,False,True,usa,nashville,BNA,51,0.0,1.0,3.0,,3545.0,0.0,1.25,4.0,,0,0.0,,4.0,3545.0,Other,886.25,,177.25
388767,F,True,True,usa,tallahassee,TLH,46,0.0,0.0,1.0,,1890.0,0.0,1.0,10.0,,0,0.0,,1.0,1890.0,Other,1890.0,,189.0
388947,M,False,False,usa,new york,LGA,42,1.0,0.0,2.0,1.0,684.0,1196.2385,1.0,2.0,0.6666666666666666,0,3.0,,3.0,1880.2385,Other,626.7461666666667,1880.2385,114.0
389662,F,False,False,usa,fresno,FAT,40,0.0,1.0,2.0,1.0,815.0,631.063,1.0,1.3333333333333333,1.0,0,2.0,,3.0,1446.063,Other,482.021,1446.063,203.75000000000003
390811,F,False,False,usa,los angeles,LAX,42,0.0,0.0,3.0,1.0,1387.0,1099.02,1.0,3.6666666666666665,0.6666666666666666,0,3.0,,3.0,2486.02,Other,828.6733333333333,2486.02,126.0909090909091
400275,F,True,True,usa,phoenix,LUF,58,1.0,0.0,1.0,,1052.0,0.0,1.0,4.0,,0,0.0,,2.0,1052.0,Other,526.0,,131.5
401245,F,False,False,usa,omaha,OFF,30,1.0,0.0,2.0,,722.0,0.0,1.0,3.0,,0,0.0,,3.0,722.0,Other,240.66666666666666,,80.22222222222221
407250,F,False,False,usa,laredo,LRD,38,1.0,0.0,3.0,,1025.0,0.0,1.0,3.0,,0,0.0,,4.0,1025.0,Other,256.25,,85.41666666666667
407275,F,False,False,usa,philadelphia,PNE,44,1.0,0.0,3.0,1.0,2576.0,746.9499999999999,1.0,5.0,0.5,0,4.0,,4.0,3322.95,Other,830.7375,3322.95,128.8
408551,F,True,True,usa,chicago,UGN,45,0.0,0.0,2.0,1.0,1076.0,647.39,1.0,2.5,0.5,0,2.0,,2.0,1723.3899999999999,Other,861.6949999999999,1723.3899999999999,215.2
409073,F,True,False,usa,sacramento,MCC,44,0.0,0.0,3.0,1.0,803.0,1578.56,1.0,1.6666666666666667,1.0,0,2.0,,3.0,2381.56,Other,793.8533333333334,2381.56,160.6
413340,F,True,True,usa,nashville,BNA,49,2.0,0.0,1.0,1.0,1096.0,532.06,1.0,8.0,0.6666666666666666,0,3.0,,3.0,1628.06,Other,542.6866666666666,1628.06,45.666666666666664
415381,F,True,False,usa,chicago,UGN,48,1.0,0.0,2.0,1.0,704.0,451.21,1.0,2.5,1.0,0,3.0,,3.0,1155.21,Other,385.07,1155.21,93.86666666666666
421870,M,True,True,usa,little rock,LIT,31,1.0,0.0,2.0,,1435.0,0.0,1.0,2.5,,0,0.0,,3.0,1435.0,Other,478.3333333333333,,191.33333333333331
424553,F,True,False,usa,oklahoma city,TIK,51,0.0,2.0,1.0,1.0,1798.0,393.35,1.0,5.333333333333333,1.0,0,1.0,,3.0,2191.35,Other,730.4499999999999,2191.35,112.37500000000001
425632,F,True,False,usa,tampa,MCF,47,1.0,1.0,1.0,1.0,2280.0,888.98,1.0,5.0,0.5,0,2.0,,3.0,3168.98,Other,1056.3266666666666,3168.98,152.0
425953,F,True,False,usa,nashville,BNA,40,0.0,0.0,4.0,1.75,1162.85,1596.6765,1.75,2.0,0.0,0,2.0,,4.0,2759.5265,Other,689.881625,1576.8722857142857,83.06071428571428
432333,F,True,True,usa,milwaukee,MKE,51,0.0,1.0,1.0,1.0,1460.0,515.36,1.0,4.5,1.0,0,1.0,,2.0,1975.3600000000001,Other,987.6800000000001,1975.3600000000001,162.22222222222223
433080,F,True,False,usa,colorado springs,COS,46,0.0,0.0,4.0,,1675.6,0.0,1.25,3.25,,0,0.0,,4.0,1675.6,Other,418.9,,103.11384615384615
436320,F,True,True,usa,milwaukee,MKE,51,0.0,0.0,2.0,1.0,629.0,379.037,1.0,2.5,0.5,0,2.0,,2.0,1008.037,Other,504.0185,1008.037,125.8
436894,F,True,False,usa,louisville,LOU,44,0.0,0.0,2.0,1.0,931.0,313.81,1.0,4.0,0.5,0,2.0,,2.0,1244.81,Other,622.405,1244.81,116.375
438839,F,False,True,usa,new york,JFK,52,0.0,0.0,3.0,1.0,2932.0,576.574,1.0,6.666666666666667,0.6666666666666666,0,3.0,,3.0,3508.574,Other,1169.5246666666667,3508.574,146.6
440212,F,True,True,usa,winston-salem,INT,41,0.0,0.0,1.0,1.0,116.0,520.812,1.0,2.0,1.0,0,1.0,,1.0,636.812,Other,636.812,636.812,58.0
441205,F,True,True,usa,san antonio,RND,49,2.0,0.0,0.0,1.0,0.0,797.74,,,0.5,0,2.0,,2.0,797.74,Other,398.87,797.74,
441982,F,False,False,usa,new york,JFK,49,2.0,0.0,3.0,1.4,2418.0,1848.183,1.0,2.6666666666666665,0.4,0,4.0,,5.0,4266.183,Other,853.2366,3047.273571428572,181.35000000000002
442718,F,True,True,usa,new york,JFK,51,2.0,0.0,2.0,1.25,1264.8,4080.4395,1.5,5.0,0.25,0,4.0,,4.0,5345.2395,Other,1336.309875,4276.1916,42.16
447737,F,False,False,canada,calgary,YYC,44,1.0,0.0,2.0,1.3333333333333333,229.6,3220.52,1.5,1.5,1.0,0,2.0,,3.0,3450.12,Other,1150.04,2587.59,34.01481481481481
447951,F,False,False,usa,columbus,LCK,44,0.0,0.0,2.0,,676.0,0.0,1.0,1.5,,0,0.0,,2.0,676.0,Other,338.0,,225.33333333333334
448025,F,False,False,canada,montreal,YHU,31,0.0,0.0,1.0,1.0,608.0,147.12,1.0,4.0,0.0,0,1.0,,1.0,755.12,Other,755.12,755.12,152.0
448154,F,False,False,usa,los angeles,LAX,57,1.0,0.0,1.0,3.0,1806.0,8185.48,2.0,7.0,0.0,0,2.0,,2.0,9991.48,Other,4995.74,3330.4933333333333,64.5
449326,F,False,False,canada,halifax,YAW,41,0.0,0.0,2.0,1.0,715.0,1293.06,1.0,3.5,0.5,0,2.0,,2.0,2008.06,Other,1004.03,2008.06,102.14285714285714
453168,F,True,False,usa,new york,LGA,48,1.0,0.0,3.0,1.0,728.0,1326.442,1.0,3.0,0.5,0,4.0,,4.0,2054.442,Other,513.6105,2054.442,60.666666666666664
458762,F,True,True,canada,montreal,YHU,42,3.0,1.0,0.0,1.0,425.0,720.72,1.0,5.0,1.0,0,3.0,,4.0,1145.72,Other,286.43,1145.72,21.25
458814,F,False,False,usa,oklahoma city,OKC,34,1.0,1.0,2.0,1.6666666666666667,4386.0,1227.479,1.6666666666666667,4.333333333333333,0.0,0,3.0,,4.0,5613.479,Other,1403.36975,3368.0874,151.82307692307694
459229,F,True,False,usa,new york,LGA,43,1.0,0.0,3.0,1.75,5252.0,12978.553999999998,2.0,6.333333333333333,0.5,0,4.0,,4.0,18230.553999999996,Other,4557.638499999999,10417.459428571427,103.65789473684211
460072,M,False,False,usa,kansas city,MCI,51,0.0,1.0,1.0,1.0,1420.6999999999998,335.73,1.0,4.0,0.0,0,1.0,,2.0,1756.4299999999998,Other,878.2149999999999,1756.4299999999998,177.58749999999998
460553,F,True,True,usa,laredo,LRD,57,0.0,2.0,1.0,1.0,3853.0,513.07,1.0,8.666666666666666,1.0,0,1.0,,3.0,4366.07,Other,1455.3566666666666,4366.07,148.1923076923077
461559,F,False,False,canada,victoria,YYJ,34,1.0,0.0,3.0,1.0,946.8,1155.87,1.0,3.6666666666666665,0.5,0,4.0,,4.0,2102.67,Other,525.6675,2102.67,64.55454545454545
462894,F,False,False,usa,columbus,LCK,53,1.0,0.0,0.0,1.0,0.0,490.43,,,1.0,0,1.0,,1.0,490.43,Other,490.43,490.43,
463867,F,False,False,usa,detroit,DTW,33,0.0,0.0,2.0,1.0,275.0,501.51,1.0,1.0,1.0,0,2.0,,2.0,776.51,Other,388.255,776.51,137.5
464239,F,False,False,usa,columbus,CMH,51,0.0,0.0,3.0,1.0,941.0,825.05,1.0,2.333333333333333,0.3333333333333333,0,3.0,,3.0,1766.05,Other,588.6833333333333,1766.05,134.42857142857144
465138,F,False,False,usa,birmingham,BHM,39,0.0,0.0,4.0,1.0,2224.0,845.97,1.0,2.5,0.75,0,4.0,,4.0,3069.9700000000003,Other,767.4925000000001,3069.9700000000003,222.4
465531,F,True,False,usa,newark,EWR,36,0.0,0.0,2.0,1.0,792.0,405.71,1.0,3.5,0.0,0,2.0,,2.0,1197.71,Other,598.855,1197.71,113.14285714285714
465568,F,True,True,usa,el paso,BIF,51,0.0,1.0,0.0,,525.6,0.0,1.0,3.0,,0,0.0,,1.0,525.6,Other,525.6,,175.20000000000002
469824,F,False,False,usa,los angeles,LAX,53,0.0,1.0,2.0,1.0,2130.0,190.25,1.3333333333333333,5.0,1.0,0,2.0,,3.0,2320.25,Other,773.4166666666666,2320.25,106.5
471649,F,True,True,usa,fort worth,FTW,49,0.0,1.0,0.0,,96.0,0.0,1.0,4.0,,0,0.0,,1.0,96.0,Other,96.0,,24.0
471935,F,True,False,usa,laredo,LRD,50,0.0,1.0,2.0,1.5,1440.0,2294.66,1.3333333333333333,2.0,0.0,0,2.0,,3.0,3734.66,Other,1244.8866666666665,2489.773333333333,180.0
471946,F,True,True,usa,santa ana,SNA,47,0.0,1.0,0.0,,282.0,0.0,1.0,3.0,,0,0.0,,1.0,282.0,Other,282.0,,94.0
472446,F,False,False,canada,toronto,YZD,19,1.0,0.0,1.0,,420.0,0.0,1.0,1.0,,0,0.0,,2.0,420.0,Other,210.0,,210.0
474261,F,False,False,canada,toronto,YZD,36,0.0,2.0,1.0,,2852.0,0.0,1.0,6.666666666666667,,0,0.0,,3.0,2852.0,Other,950.6666666666666,,142.6
475060,F,False,False,usa,new york,LGA,33,0.0,0.0,2.0,1.0,668.0,295.48,1.0,3.0,1.0,0,2.0,,2.0,963.48,Other,481.74,963.48,111.33333333333333
475531,F,False,False,usa,detroit,YIP,40,1.0,0.0,3.0,1.0,649.0,1319.8,1.0,2.0,0.75,0,3.0,,4.0,1968.8,Other,492.2,1968.8,81.125
476124,F,False,False,canada,edmonton,YED,37,0.0,0.0,3.0,1.0,1253.0,1224.9924999999998,1.0,2.6666666666666665,0.6666666666666666,0,3.0,,3.0,2477.9925,Other,825.9975,2477.9925,156.62500000000003
476270,M,False,False,canada,edmonton,YXD,53,0.0,1.0,2.0,1.0,2251.0,627.29,1.0,4.333333333333333,0.5,0,2.0,,3.0,2878.29,Other,959.43,2878.29,173.15384615384616
476535,F,False,True,canada,vancouver,YVR,50,1.0,0.0,3.0,1.0,269.05,1792.21,1.0,1.3333333333333333,0.75,0,4.0,,4.0,2061.26,Other,515.315,2061.26,50.446875000000006
476742,M,False,True,usa,orlando,ORL,50,1.0,1.0,0.0,,2249.1,0.0,1.0,9.0,,0,0.0,,2.0,2249.1,Other,1124.55,,124.94999999999999
476956,F,False,False,canada,montreal,YUL,30,0.0,1.0,2.0,1.0,1097.0,965.52,1.0,2.333333333333333,0.0,0,2.0,,3.0,2062.52,Other,687.5066666666667,2062.52,156.71428571428575
477597,F,True,True,usa,san diego,SAN,49,0.0,0.0,2.0,,591.0,0.0,1.0,2.0,,0,0.0,,2.0,591.0,Other,295.5,,147.75
477730,F,False,False,usa,san diego,SAN,47,0.0,0.0,5.0,1.2,5655.5,4865.92,1.2,3.8,0.0,0,4.0,,5.0,10521.42,Other,2104.284,8767.85,248.04824561403507
477805,F,False,False,usa,nashville,BNA,35,0.0,1.0,0.0,,2000.0,0.0,1.0,10.0,,0,0.0,,1.0,2000.0,Other,2000.0,,200.0
478291,F,True,True,usa,new york,LGA,49,0.0,0.0,2.0,1.0,494.0,802.3199999999999,1.0,1.0,1.0,0,2.0,,2.0,1296.32,Other,648.16,1296.32,247.0
478533,F,True,False,usa,phoenix,PHX,50,0.0,0.0,1.0,1.0,348.0,445.66,1.0,4.0,0.0,0,1.0,,1.0,793.6600000000001,Other,793.6600000000001,793.6600000000001,87.0
478801,F,True,False,usa,wichita,ICT,51,0.0,0.0,3.0,1.0,357.0,954.22,1.0,1.6666666666666667,0.6666666666666666,0,3.0,,3.0,1311.22,Other,437.0733333333333,1311.22,71.39999999999999
479078,M,False,False,usa,san francisco,SFO,20,0.0,0.0,1.0,,870.0,0.0,1.0,6.0,,0,0.0,,1.0,870.0,Other,870.0,,145.0
480877,F,True,False,usa,columbus,LCK,50,1.0,0.0,3.0,1.25,1499.0,1361.404,1.3333333333333333,1.6666666666666667,1.0,0,3.0,,4.0,2860.404,Other,715.101,2288.3232,168.6375
481358,F,False,False,usa,dallas,DAL,20,1.0,0.0,0.0,,0.0,0.0,,,,0,0.0,,1.0,0.0,Other,0.0,,
481772,F,False,False,usa,oakland,OAK,35,1.0,2.0,0.0,1.0,9588.0,84.932,1.0,17.0,1.0,0,1.0,,3.0,9672.932,Other,3224.3106666666667,9672.932,188.0
482335,F,False,False,usa,houston,HOU,44,0.0,1.0,0.0,,228.0,0.0,1.0,2.0,,0,0.0,,1.0,228.0,Other,228.0,,114.0
482424,F,False,False,usa,portland,PDX,42,0.0,1.0,3.0,1.3333333333333333,2066.0,1537.664,1.25,2.5,0.6666666666666666,0,3.0,,4.0,3603.6639999999998,Other,900.9159999999999,2702.748,165.28
482602,F,False,False,usa,chicago,MDW,46,2.0,0.0,2.0,1.75,490.0,3340.56,1.0,2.0,0.5,0,4.0,,4.0,3830.56,Other,957.64,2188.8914285714286,61.25
482621,F,True,True,usa,new york,LGA,49,0.0,1.0,1.0,,2334.0,0.0,1.5,6.0,,0,0.0,,2.0,2334.0,Other,1167.0,,129.66666666666666
483525,F,True,True,canada,edmonton,YED,47,0.0,0.0,1.0,1.0,306.0,360.81,1.0,2.0,1.0,0,1.0,,1.0,666.81,Other,666.81,666.81,153.0
484418,F,True,False,usa,new york,JFK,39,0.0,0.0,3.0,1.0,1057.0,1312.46,1.0,3.6666666666666665,0.6666666666666666,0,3.0,,3.0,2369.46,Other,789.82,2369.46,96.0909090909091
485505,F,False,False,usa,phoenix,PHX,29,0.0,0.0,2.0,1.5,1110.0,386.483,1.5,2.0,1.0,0,2.0,,2.0,1496.483,Other,748.2415,997.6553333333333,185.0
485785,F,False,False,usa,anchorage,EDF,33,1.0,1.0,1.0,1.0,1256.0,1664.63,1.5,2.5,1.0,0,2.0,,3.0,2920.63,Other,973.5433333333334,2920.63,111.64444444444446
486261,F,False,False,usa,kansas city,MCI,39,0.0,1.0,1.0,,702.0,0.0,2.0,4.5,,0,0.0,,2.0,702.0,Other,351.0,,39.0
486366,F,True,False,usa,miami,TNT,49,0.0,2.0,1.0,1.0,2241.0,686.38,1.3333333333333333,3.6666666666666665,1.0,0,1.0,,3.0,2927.38,Other,975.7933333333334,2927.38,152.79545454545456
487352,F,False,True,usa,phoenix,PHX,20,0.0,1.0,1.0,1.0,995.4,295.39,1.5,3.5,0.0,0,1.0,,2.0,1290.79,Other,645.395,1290.79,94.8
487637,M,False,True,usa,austin,AUS,53,0.0,1.0,2.0,1.0,941.8,684.21,1.0,3.0,0.5,0,2.0,,3.0,1626.01,Other,542.0033333333333,1626.01,104.64444444444445
488672,F,True,False,usa,chicago,MDW,51,0.0,1.0,3.0,1.3333333333333333,3245.5,1489.448,1.25,4.0,0.6666666666666666,0,2.0,,4.0,4734.948,Other,1183.737,3551.2110000000002,162.275
488827,F,False,False,usa,san antonio,SKF,38,2.0,0.0,4.0,1.1666666666666667,837.6,1160.662,1.25,2.75,0.3333333333333333,0,6.0,,6.0,1998.2620000000002,Other,333.0436666666667,1712.796,40.61090909090909
488865,F,False,False,canada,hamilton,YHM,37,0.0,0.0,3.0,1.0,895.0,575.0999999999999,1.0,3.333333333333333,1.0,0,3.0,,3.0,1470.1,Other,490.0333333333333,1470.1,89.5
488918,F,False,False,usa,san diego,SAN,49,1.0,0.0,5.0,1.3333333333333333,3366.4,5700.2,1.4,2.8,0.5,0,6.0,,6.0,9066.6,Other,1511.1000000000001,6799.950000000001,143.1292517006803
489096,F,False,False,usa,los angeles,LAX,41,0.0,0.0,3.0,1.3333333333333333,321.0,3728.75,1.3333333333333333,1.0,0.0,0,3.0,,3.0,4049.75,Other,1349.9166666666667,3037.3125,80.25
489575,F,True,True,canada,hamilton,YHM,47,0.0,0.0,4.0,1.0,1069.0,929.27,1.0,1.5,0.75,0,3.0,,4.0,1998.27,Other,499.5675,1998.27,178.16666666666666
489992,M,False,False,usa,bakersfield,BFL,31,0.0,1.0,2.0,2.0,4211.15,2500.675,2.333333333333333,3.6666666666666665,0.5,0,2.0,,3.0,6711.825,Other,2237.275,3355.9125,164.07077922077923
490201,F,False,True,usa,columbus,LCK,44,0.0,0.0,2.0,1.0,355.4,735.65,1.0,3.0,1.0,0,2.0,,2.0,1091.05,Other,545.525,1091.05,59.23333333333333
490517,F,True,True,usa,charlotte,CLT,53,2.0,0.0,1.0,1.3333333333333333,434.0,902.91,2.0,1.0,1.0,0,2.0,,3.0,1336.9099999999999,Other,445.6366666666666,1002.6824999999999,72.33333333333333
490629,F,False,True,usa,new york,LGA,39,0.0,0.0,4.0,1.0,2303.0,541.6139999999999,1.0,2.5,0.5,0,4.0,,4.0,2844.614,Other,711.1535,2844.614,230.3
491141,F,False,False,usa,omaha,OFF,52,1.0,0.0,4.0,1.4,4479.0,2139.376,1.5,2.5,0.6,0,4.0,,5.0,6618.376,Other,1323.6752000000001,4727.411428571429,238.87999999999997
491930,F,False,False,usa,mobile,MOB,43,0.0,0.0,3.0,1.6666666666666667,1095.0,1854.57,1.6666666666666667,2.0,1.0,0,3.0,,3.0,2949.5699999999997,Other,983.1899999999999,1769.7419999999997,109.5
492371,M,True,False,usa,dallas,DAL,45,0.0,0.0,2.0,1.0,365.0,745.46,1.0,3.0,0.5,0,2.0,,2.0,1110.46,Other,555.23,1110.46,60.833333333333336
493177,F,True,False,usa,chicago,ORD,48,0.0,0.0,4.0,1.0,4766.9,802.39,1.0,6.0,0.5,0,4.0,,4.0,5569.29,Other,1392.3225,5569.29,198.6208333333333
493718,F,True,True,usa,san antonio,SAT,56,0.0,1.0,3.0,2.0,6523.450000000001,5613.2075,1.75,4.75,0.0,0,3.0,,4.0,12136.657500000001,Other,3034.1643750000003,6068.328750000001,196.19398496240603
494294,F,True,False,usa,miami,TNT,41,0.0,0.0,4.0,1.0,1713.0,2025.33,1.0,2.75,0.75,0,4.0,,4.0,3738.33,Other,934.5825,3738.33,155.72727272727272
494374,F,False,False,canada,halifax,YHZ,49,0.0,0.0,2.0,,345.0,0.0,1.0,1.0,,0,0.0,,2.0,345.0,Other,172.5,,172.5
494463,F,False,True,usa,washington,IAD,37,2.0,0.0,2.0,,351.0,0.0,1.5,1.0,,0,0.0,,4.0,351.0,Other,87.75,,58.5
494484,F,False,False,usa,amarillo,AMA,20,0.0,2.0,1.0,2.0,5388.6,1797.516,1.3333333333333333,7.333333333333333,1.0,0,1.0,,3.0,7186.116,Other,2395.372,3593.058,183.70227272727274
494630,F,False,False,usa,modesto,MOD,20,0.0,1.0,0.0,,384.0,0.0,2.0,6.0,,0,0.0,,1.0,384.0,Other,384.0,,32.0
494985,F,False,False,canada,winnipeg,YWG,51,1.0,0.0,5.0,1.0,3510.0,1993.71,1.0,4.0,0.3333333333333333,0,5.0,,6.0,5503.71,Other,917.285,5503.71,146.25
495386,F,True,True,canada,edmonton,YED,57,1.0,0.0,2.0,1.0,993.6,888.8545,1.0,2.5,0.6666666666666666,0,3.0,,3.0,1882.4545,Other,627.4848333333333,1882.4545,132.48
496016,F,True,False,usa,new york,JFK,45,0.0,0.0,4.0,1.0,1770.6999999999998,894.642,1.0,2.0,0.75,0,3.0,,4.0,2665.3419999999996,Other,666.3354999999999,2665.3419999999996,221.33749999999998
496332,F,False,False,usa,new york,LGA,48,0.0,0.0,4.0,1.5,4716.0,2050.1025,1.5,4.25,0.75,0,4.0,,4.0,6766.1025,Other,1691.525625,4510.735,184.94117647058823
496566,F,False,False,canada,montreal,YHU,49,2.0,1.0,1.0,1.0,4345.0,1189.79,1.0,5.0,0.6666666666666666,0,3.0,,4.0,5534.79,Other,1383.6975,5534.79,217.25
497225,F,True,False,usa,phoenix,LUF,50,0.0,0.0,5.0,1.0,3058.0,1547.1675,1.0,3.0,0.2,0,5.0,,5.0,4605.1675,Other,921.0334999999999,4605.1675,203.86666666666667
497829,M,False,True,usa,baltimore,BWI,58,0.0,0.0,2.0,,538.7,0.0,1.0,1.5,,0,0.0,,2.0,538.7,Other,269.35,,179.5666666666667
497915,F,True,False,usa,tucson,DMA,41,0.0,0.0,4.0,1.0,1942.75,1313.58,1.0,2.0,1.0,0,4.0,,4.0,3256.33,Other,814.0825,3256.33,242.84375
498287,M,False,False,usa,san francisco,SFO,44,0.0,0.0,5.0,1.8,2222.0,9593.79,1.8,1.4,0.8,0,5.0,,5.0,11815.79,Other,2363.1580000000004,6564.3277777777785,176.34920634920633
498357,F,False,False,usa,new york,LGA,47,0.0,1.0,4.0,1.25,3403.8,3140.356,1.2,2.8,1.0,0,4.0,,5.0,6544.156000000001,Other,1308.8312,5235.3248,202.6071428571429
498574,F,True,False,usa,columbus,LCK,39,1.0,1.0,2.0,1.0,2213.0,646.96,1.0,4.0,0.6666666666666666,0,3.0,,4.0,2859.96,Other,714.99,2859.96,138.3125
498607,F,True,False,canada,winnipeg,YWG,45,0.0,0.0,2.0,1.5,345.0,1864.744,1.5,1.0,1.0,0,2.0,,2.0,2209.7439999999997,Other,1104.8719999999998,1473.1626666666664,115.0
499313,F,False,False,usa,new york,LGA,48,0.0,0.0,1.0,1.0,700.0,100.12,1.0,7.0,1.0,0,1.0,,1.0,800.12,Other,800.12,800.12,100.0
499375,F,False,False,canada,winnipeg,YAV,45,0.0,0.0,5.0,1.2,2011.4,3320.21,1.2,2.0,0.6,0,4.0,,5.0,5331.610000000001,Other,1066.3220000000001,4443.008333333334,167.61666666666667
499475,F,True,False,usa,oakland,OAK,40,0.0,0.0,3.0,,1049.0,0.0,1.0,2.0,,0,0.0,,3.0,1049.0,Other,349.6666666666667,,174.83333333333334
499634,F,False,True,usa,amarillo,AMA,37,0.0,0.0,1.0,1.0,180.0,161.83,1.0,2.0,1.0,0,1.0,,1.0,341.83000000000004,Other,341.83000000000004,341.83000000000004,90.0
499847,F,True,True,usa,oklahoma city,OKC,52,0.0,0.0,3.0,1.3333333333333333,1865.0,1304.56,1.3333333333333333,2.0,0.0,0,3.0,,3.0,3169.56,Other,1056.52,2377.17,233.125
499979,F,True,False,canada,toronto,YYZ,51,1.0,0.0,4.0,1.2,1489.3,4548.4800000000005,1.25,2.25,0.2,0,4.0,,5.0,6037.780000000001,Other,1207.556,5031.4833333333345,105.90577777777779
500299,F,False,False,usa,san antonio,RND,21,0.0,1.0,0.0,,360.0,0.0,1.0,2.0,,0,0.0,,1.0,360.0,Other,360.0,,180.0
500745,F,False,False,canada,toronto,YYZ,30,1.0,2.0,1.0,1.0,1921.4,848.31,1.0,4.333333333333333,0.5,0,2.0,,4.0,2769.71,Other,692.4275,2769.71,110.85000000000001
501087,F,True,False,usa,los angeles,LAX,59,0.0,0.0,2.0,1.0,1186.0,735.27,1.0,2.5,0.5,0,2.0,,2.0,1921.27,Other,960.635,1921.27,237.2
501125,M,True,True,usa,kansas city,MCI,48,0.0,0.0,2.0,1.0,1296.0,408.0,1.0,4.5,0.5,0,2.0,,2.0,1704.0,Other,852.0,1704.0,144.0
501184,F,True,True,usa,reno,RNO,57,0.0,1.0,3.0,1.0,7196.0,1788.19,1.25,7.0,0.6666666666666666,0,3.0,,4.0,8984.19,Other,2246.0475,8984.19,205.6
501512,F,True,True,usa,fort worth,FTW,37,0.0,0.0,2.0,1.0,396.0,831.95,1.0,3.5,0.5,0,1.0,,2.0,1227.95,Other,613.975,1227.95,56.57142857142857
501764,F,True,False,canada,saskatoon,YXE,49,0.0,0.0,2.0,1.0,1139.0,563.37,1.0,3.0,0.5,0,2.0,,2.0,1702.37,Other,851.185,1702.37,189.83333333333334
501830,F,True,True,canada,toronto,YYZ,36,0.0,1.0,1.0,1.0,2712.0,422.97,1.5,4.5,0.0,0,1.0,,2.0,3134.9700000000003,Other,1567.4850000000001,3134.9700000000003,200.88888888888889
501897,F,True,True,usa,new york,LGA,46,0.0,1.0,0.0,,936.0,0.0,1.0,9.0,,0,0.0,,1.0,936.0,Other,936.0,,104.0
502063,F,True,False,usa,new york,JFK,51,0.0,0.0,1.0,1.0,210.0,690.73,1.0,5.0,0.0,0,1.0,,1.0,900.73,Other,900.73,900.73,42.0
502412,F,True,True,usa,new york,JFK,57,0.0,1.0,2.0,1.0,842.0,778.638,1.0,5.666666666666667,0.5,0,2.0,,3.0,1620.638,Other,540.2126666666667,1620.638,49.529411764705884
502435,F,True,True,usa,oklahoma city,TIK,42,0.0,0.0,2.0,1.5,819.0,986.08,1.5,3.0,1.0,0,2.0,,2.0,1805.08,Other,902.54,1203.3866666666665,91.0
502444,F,False,False,canada,ottawa,YOW,37,1.0,0.0,5.0,1.0,1950.0,1533.6,1.0,2.4,0.3333333333333333,0,5.0,,6.0,3483.6,Other,580.6,3483.6,135.41666666666669
502626,F,True,True,canada,toronto,YYZ,40,0.0,0.0,2.0,1.0,811.0,521.23,1.0,2.0,1.0,0,2.0,,2.0,1332.23,Other,666.115,1332.23,202.75
502799,F,True,False,usa,nashville,BNA,49,0.0,0.0,4.0,1.0,1581.0,1006.24,1.0,2.5,0.75,0,4.0,,4.0,2587.24,Other,646.81,2587.24,158.1
502875,F,True,True,canada,montreal,YUL,48,1.0,0.0,2.0,1.3333333333333333,430.0,1623.15,1.5,1.0,0.6666666666666666,0,3.0,,3.0,2053.15,Other,684.3833333333333,1539.8625000000002,95.55555555555556
503621,F,True,False,usa,corpus christi,CRP,43,0.0,1.0,1.0,1.0,1741.0,416.13,1.0,9.5,0.0,0,1.0,,2.0,2157.13,Other,1078.565,2157.13,91.63157894736842
503973,F,False,False,canada,toronto,YYZ,47,1.0,1.0,2.0,1.0,1375.0,412.855,1.0,3.333333333333333,0.3333333333333333,0,2.0,,4.0,1787.855,Other,446.96375,1787.855,103.12500000000001
504240,F,False,False,usa,los angeles,LAX,47,1.0,0.0,5.0,,1900.0,0.0,1.0,2.4,,0,0.0,,6.0,1900.0,Other,316.6666666666667,,131.94444444444446
504473,F,False,False,usa,richmond,RIC,35,0.0,0.0,2.0,1.0,398.0,532.99,1.0,2.0,1.0,0,2.0,,2.0,930.99,Other,465.495,930.99,99.5
504786,F,True,True,usa,omaha,OMA,50,0.0,2.0,1.0,1.0,3230.35,245.1,1.3333333333333333,3.333333333333333,1.0,0,1.0,,3.0,3475.45,Other,1158.4833333333333,3475.45,242.27625
504892,F,False,False,usa,dallas,DAL,32,1.0,1.0,1.0,1.5,7245.6,679.9200000000001,2.0,11.0,0.0,0,2.0,,3.0,7925.52,Other,2641.84,5283.68,109.7818181818182
505062,F,False,True,usa,philadelphia,PHL,39,0.0,0.0,3.0,1.0,1161.25,1371.25,1.0,3.0,0.3333333333333333,0,3.0,,3.0,2532.5,Other,844.1666666666666,2532.5,129.02777777777777
505285,F,False,True,usa,new york,LGA,46,0.0,0.0,4.0,1.0,2309.15,1142.86,1.0,3.5,0.75,0,3.0,,4.0,3452.01,Other,863.0025,3452.01,164.93928571428572
505414,F,True,False,usa,boston,BOS,50,0.0,0.0,2.0,1.0,1691.0,712.25,1.0,5.5,0.0,0,2.0,,2.0,2403.25,Other,1201.625,2403.25,153.72727272727272
505713,F,True,False,canada,montreal,YHU,47,1.0,0.0,3.0,1.25,1408.0,1139.365,1.3333333333333333,2.6666666666666665,0.5,0,4.0,,4.0,2547.365,Other,636.84125,2037.8919999999998,99.0
505747,F,False,False,usa,los angeles,LAX,40,0.0,0.0,2.0,1.5,1383.0,1743.6799999999998,1.5,2.5,1.0,0,2.0,,2.0,3126.68,Other,1563.34,2084.4533333333334,184.4
505771,F,True,True,canada,montreal,YUL,58,1.0,0.0,4.0,1.4,1201.0,2930.35,1.25,1.25,0.4,0,5.0,,5.0,4131.35,Other,826.2700000000001,2950.9642857142862,153.728
505941,F,True,True,usa,new york,LGA,53,0.0,1.0,2.0,1.0,1192.0,380.193,1.0,2.6666666666666665,0.5,0,1.0,,3.0,1572.193,Other,524.0643333333334,1572.193,149.0
506013,F,False,False,canada,vancouver,YVR,42,0.0,0.0,4.0,1.25,526.85,3232.816,1.25,1.5,0.75,0,3.0,,4.0,3759.6659999999997,Other,939.9164999999999,3007.7327999999998,70.24666666666667
506186,F,False,False,usa,detroit,DTW,27,1.0,1.0,1.0,,981.0,0.0,1.5,3.0,,0,0.0,,3.0,981.0,Other,327.0,,72.66666666666667
506234,F,True,False,usa,riverside,RIV,40,1.0,1.0,2.0,1.0,1132.0,1129.661,1.0,4.333333333333333,1.0,0,3.0,,4.0,2261.661,Other,565.41525,2261.661,65.3076923076923
506250,F,False,True,usa,lincoln,LNK,46,0.0,0.0,3.0,1.0,511.0,742.6,1.0,1.6666666666666667,0.6666666666666666,0,2.0,,3.0,1253.6,Other,417.8666666666666,1253.6,102.2
506652,F,True,True,usa,kansas city,MCI,55,2.0,0.0,1.0,1.3333333333333333,236.0,985.4,2.0,1.0,0.0,0,3.0,,3.0,1221.4,Other,407.1333333333334,916.0500000000001,39.333333333333336
506675,F,False,True,usa,detroit,DTW,50,0.0,1.0,3.0,,2027.5,0.0,1.0,4.25,,0,0.0,,4.0,2027.5,Other,506.875,,119.26470588235294
506704,F,True,False,canada,montreal,YUL,57,1.0,0.0,1.0,1.0,270.0,1295.828,1.0,3.0,1.0,0,2.0,,2.0,1565.828,Other,782.914,1565.828,45.0
506858,F,False,True,usa,houston,EFD,48,0.0,0.0,3.0,,817.05,0.0,1.3333333333333333,1.0,,0,0.0,,3.0,817.05,Other,272.34999999999997,,204.2625
507036,F,False,False,usa,minneapolis,MSP,38,0.0,1.0,1.0,1.0,895.0,181.34,1.0,4.0,1.0,0,1.0,,2.0,1076.34,Other,538.17,1076.34,111.875
507376,F,True,False,usa,honolulu,HNL,37,0.0,1.0,1.0,1.0,505.0,1274.53,1.0,4.0,1.0,0,1.0,,2.0,1779.53,Other,889.765,1779.53,63.125
507431,F,False,False,canada,toronto,YYZ,38,0.0,1.0,3.0,1.0,1058.2,1768.66,1.0,3.5,0.6666666666666666,0,2.0,,4.0,2826.86,Other,706.715,2826.86,75.58571428571429
507531,F,False,False,usa,oakland,OAK,26,0.0,1.0,0.0,,1742.0,0.0,1.0,13.0,,0,0.0,,1.0,1742.0,Other,1742.0,,134.0
507617,F,True,False,canada,montreal,YUL,50,0.0,0.0,2.0,1.5,673.7,1938.7,1.5,2.0,1.0,0,2.0,,2.0,2612.4,Other,1306.2,1741.6000000000001,112.28333333333335
508240,F,False,False,usa,san antonio,SKF,31,0.0,0.0,3.0,,622.0,0.0,1.0,2.333333333333333,,0,0.0,,3.0,622.0,Other,207.33333333333334,,88.85714285714288
508360,F,False,False,usa,new york,JFK,38,0.0,0.0,2.0,,798.0,0.0,1.5,1.5,,0,0.0,,2.0,798.0,Other,399.0,,177.33333333333334
508860,M,True,False,usa,los angeles,LAX,30,0.0,0.0,2.0,,749.2,0.0,1.0,1.5,,0,0.0,,2.0,749.2,Other,374.6,,249.73333333333335
508866,F,False,False,usa,el paso,BIF,33,0.0,0.0,3.0,,3119.0,0.0,1.6666666666666667,4.333333333333333,,0,0.0,,3.0,3119.0,Other,1039.6666666666667,,143.95384615384617
508877,F,True,True,usa,phoenix,PHX,54,1.0,0.0,5.0,1.2,2456.0,4150.35,1.2,3.8,1.0,0,3.0,,6.0,6606.35,Other,1101.0583333333334,5505.291666666667,89.76608187134502
508938,F,True,False,usa,atlanta,ATL,44,0.0,0.0,3.0,,1144.0,0.0,1.0,3.333333333333333,,0,0.0,,3.0,1144.0,Other,381.3333333333333,,114.4
508940,M,False,False,usa,grand rapids,GRR,42,0.0,0.0,4.0,1.0,2423.0,1741.7105,1.0,3.75,0.0,0,4.0,,4.0,4164.7105,Other,1041.177625,4164.7105,161.53333333333333
508946,M,False,False,usa,louisville,LOU,29,0.0,1.0,3.0,,1164.0,0.0,1.0,2.5,,0,0.0,,4.0,1164.0,Other,291.0,,116.4
509036,F,False,True,usa,new york,JFK,42,1.0,0.0,1.0,,111.0,0.0,1.0,3.0,,0,0.0,,2.0,111.0,Other,55.5,,18.5
509069,F,True,False,usa,new york,JFK,47,1.0,2.0,1.0,,813.0,0.0,1.0,2.0,,0,0.0,,4.0,813.0,Other,203.25,,101.625
509098,F,False,False,usa,los angeles,LAX,45,1.0,0.0,1.0,2.0,364.8,3858.91,1.0,6.0,0.5,0,2.0,,2.0,4223.71,Other,2111.855,2111.855,30.400000000000002
509160,M,False,True,usa,new orleans,NBG,56,0.0,0.0,2.0,,380.0,0.0,1.0,1.5,,0,0.0,,2.0,380.0,Other,190.0,,126.66666666666667
509221,F,False,False,usa,kansas city,MCI,41,0.0,1.0,3.0,1.0,2156.0,256.3835,1.0,3.25,1.0,0,2.0,,4.0,2412.3835,Other,603.095875,2412.3835,165.84615384615384
509242,M,False,False,usa,st. petersburg,PIE,45,0.0,0.0,3.0,,501.0,0.0,1.0,1.3333333333333333,,0,0.0,,3.0,501.0,Other,167.0,,125.25
509272,F,False,True,usa,dallas,DAL,22,0.0,1.0,0.0,,873.0,0.0,1.0,9.0,,0,0.0,,1.0,873.0,Other,873.0,,97.0
509341,F,False,False,canada,vancouver,YVR,26,1.0,0.0,1.0,,402.0,0.0,1.0,2.0,,0,0.0,,2.0,402.0,Other,201.0,,100.5
509353,F,False,False,usa,dallas,DAL,32,0.0,0.0,1.0,,1632.0,0.0,2.0,4.0,,0,0.0,,1.0,1632.0,Other,1632.0,,204.0
509359,F,False,False,usa,oakland,OAK,45,0.0,0.0,4.0,,2735.8,0.0,1.0,4.25,,0,0.0,,4.0,2735.8,Other,683.95,,160.9294117647059
509411,F,True,False,usa,salt lake city,SLC,45,2.0,0.0,2.0,,192.4,0.0,1.0,1.0,,0,0.0,,4.0,192.4,Other,48.1,,48.1
509419,F,False,False,usa,philadelphia,PNE,43,0.0,0.0,4.0,,659.0,0.0,1.0,1.25,,0,0.0,,4.0,659.0,Other,164.75,,131.8
509445,F,True,False,usa,san francisco,SFO,42,1.0,1.0,2.0,,2634.0,0.0,1.6666666666666667,3.333333333333333,,0,0.0,,4.0,2634.0,Other,658.5,,118.53
509516,F,False,False,usa,colorado springs,COS,47,0.0,1.0,2.0,1.5,854.1,2294.4500000000003,1.3333333333333333,1.3333333333333333,1.0,0,2.0,,3.0,3148.55,Other,1049.5166666666667,2099.0333333333333,160.14375
509626,F,False,True,usa,brownsville,BRO,54,0.0,0.0,3.0,,1411.6,0.0,1.0,6.0,,0,0.0,,3.0,1411.6,Other,470.5333333333333,,78.42222222222222
509635,M,True,False,usa,austin,AUS,39,0.0,0.0,3.0,,498.0,0.0,1.0,1.0,,0,0.0,,3.0,498.0,Other,166.0,,166.0
509638,F,True,True,usa,reno,RNO,49,1.0,0.0,0.0,,0.0,0.0,,,,0,0.0,,1.0,0.0,Other,0.0,,
509681,F,False,True,usa,milwaukee,MKE,45,0.0,1.0,3.0,,4856.0,0.0,1.25,5.0,,0,0.0,,4.0,4856.0,Other,1214.0,,194.24
509717,F,False,False,usa,new york,JFK,46,0.0,0.0,4.0,,1431.0,0.0,1.0,2.25,,0,0.0,,4.0,1431.0,Other,357.75,,159.0
509749,M,False,False,usa,new york,JFK,43,0.0,1.0,6.0,,2353.85,0.0,1.0,2.7142857142857144,,0,0.0,,7.0,2353.85,Other,336.2642857142857,,123.88684210526314
509763,F,True,False,usa,los angeles,LAX,52,1.0,0.0,5.0,,2086.6,0.0,1.0,2.6,,0,0.0,,6.0,2086.6,Other,347.76666666666665,,133.75641025641025
509822,M,False,False,usa,charlotte,CLT,40,0.0,0.0,3.0,,1324.0,0.0,1.0,2.0,,0,0.0,,3.0,1324.0,Other,441.3333333333333,,220.66666666666666
509919,M,True,False,usa,tampa,TPA,49,0.0,1.0,2.0,,2138.0,0.0,1.0,4.333333333333333,,0,0.0,,3.0,2138.0,Other,712.6666666666666,,164.46153846153845
509990,M,False,False,usa,minneapolis,MSP,43,0.0,0.0,1.0,,64.0,0.0,1.0,1.0,,0,0.0,,1.0,64.0,Other,64.0,,64.0
510003,F,True,True,usa,tulsa,TUL,48,0.0,0.0,1.0,,504.0,0.0,2.0,4.0,,0,0.0,,1.0,504.0,Other,504.0,,63.0
510044,M,False,False,usa,santa ana,SNA,49,0.0,0.0,3.0,,1317.0,0.0,1.3333333333333333,2.6666666666666665,,0,0.0,,3.0,1317.0,Other,439.0,,123.46875
510094,F,False,False,usa,long beach,LGB,47,0.0,0.0,1.0,,1179.0,0.0,1.0,9.0,,0,0.0,,1.0,1179.0,Other,1179.0,,131.0
510104,F,False,True,canada,montreal,YHU,39,1.0,0.0,2.0,,538.0,0.0,1.0,2.0,,0,0.0,,3.0,538.0,Other,179.33333333333334,,89.66666666666667
510134,F,False,False,usa,newark,EWR,50,0.0,1.0,5.0,,5801.0,0.0,1.3333333333333333,6.0,,0,0.0,,6.0,5801.0,Other,966.8333333333334,,120.85416666666669
510155,M,True,True,usa,dallas,DAL,47,1.0,2.0,1.0,,7929.0,0.0,1.6666666666666667,9.0,,0,0.0,,4.0,7929.0,Other,1982.25,,132.14999999999998
510170,F,False,False,canada,ottawa,YOW,29,0.0,0.0,3.0,,1639.9,0.0,1.3333333333333333,4.333333333333333,,0,0.0,,3.0,1639.9,Other,546.6333333333333,,94.6096153846154
510195,M,True,False,usa,houston,IAH,56,0.0,1.0,3.0,,4048.0,0.0,1.0,5.0,,0,0.0,,4.0,4048.0,Other,1012.0,,202.4
510215,F,True,False,usa,mobile,MOB,31,0.0,2.0,1.0,1.0,2065.8,256.62,1.0,9.0,1.0,0,1.0,,3.0,2322.42,Other,774.14,2322.42,76.51111111111112
510219,M,True,False,canada,montreal,YUL,46,1.0,0.0,2.0,,1128.0,0.0,1.0,4.0,,0,0.0,,3.0,1128.0,Other,376.0,,94.0
510227,M,False,False,usa,tulsa,TUL,35,0.0,0.0,2.0,,346.0,0.0,1.0,2.0,,0,0.0,,2.0,346.0,Other,173.0,,86.5
510257,F,True,False,usa,las vegas,LSV,51,1.0,0.0,1.0,,78.0,0.0,2.0,1.0,,0,0.0,,2.0,78.0,Other,39.0,,19.5
510270,F,True,True,usa,columbus,LCK,49,1.0,0.0,0.0,,0.0,0.0,,,,0,0.0,,1.0,0.0,Other,0.0,,
510315,F,False,False,usa,norfolk,NGU,46,1.0,0.0,1.0,,231.0,0.0,1.0,1.0,,0,0.0,,2.0,231.0,Other,115.5,,115.5
510316,F,False,True,usa,phoenix,PHX,19,0.0,1.0,0.0,,2057.0,0.0,1.0,17.0,,0,0.0,,1.0,2057.0,Other,2057.0,,121.0
510328,F,False,False,usa,detroit,DET,38,1.0,0.0,4.0,,1221.8,0.0,1.0,2.25,,0,0.0,,5.0,1221.8,Other,244.35999999999999,,108.60444444444444
510356,F,True,False,usa,wichita,ICT,53,0.0,0.0,2.0,,1101.0,0.0,1.0,4.0,,0,0.0,,2.0,1101.0,Other,550.5,,137.625
510393,M,False,False,canada,calgary,YYC,52,0.0,0.0,1.0,,792.0,0.0,1.0,9.0,,0,0.0,,1.0,792.0,Other,792.0,,88.0
510423,M,True,True,usa,oakland,OAK,54,1.0,1.0,0.0,,938.7,0.0,1.0,7.0,,0,0.0,,2.0,938.7,Other,469.35,,67.05
510449,F,False,True,usa,charlotte,CLT,54,1.0,0.0,3.0,1.0,498.0,400.661,1.0,1.3333333333333333,0.6666666666666666,0,3.0,,4.0,898.6610000000001,Other,224.66525000000001,898.6610000000001,93.375
510459,M,False,False,canada,ottawa,YOW,32,0.0,0.0,3.0,,1527.0,0.0,1.3333333333333333,2.333333333333333,,0,0.0,,3.0,1527.0,Other,509.0,,163.6071428571429
510610,F,True,False,usa,new york,LGA,37,0.0,0.0,1.0,,683.4,0.0,1.0,6.0,,0,0.0,,1.0,683.4,Other,683.4,,113.89999999999999
510676,F,True,True,usa,new york,LGA,51,0.0,0.0,3.0,1.3333333333333333,248.0,976.12,1.3333333333333333,1.3333333333333333,0.3333333333333333,0,3.0,,3.0,1224.12,Other,408.03999999999996,918.0899999999999,46.50000000000001
510707,F,False,True,canada,toronto,YKZ,43,1.0,0.0,1.0,1.5,700.0,369.77,2.0,2.0,1.0,0,2.0,,2.0,1069.77,Other,534.885,713.18,87.5
510779,F,False,False,canada,montreal,YHU,43,0.0,1.0,3.0,1.3333333333333333,1204.0,3904.32,1.25,1.75,0.6666666666666666,0,3.0,,4.0,5108.32,Other,1277.08,3831.24,137.6
510836,F,False,False,usa,nashville,BNA,43,0.0,0.0,5.0,1.0,1117.0,1141.82,1.0,1.6,0.6,0,4.0,,5.0,2258.8199999999997,Other,451.76399999999995,2258.8199999999997,139.625
510890,F,False,False,usa,dallas,DAL,35,2.0,1.0,2.0,1.0,1328.6,1254.73,1.0,3.6666666666666665,1.0,0,4.0,,5.0,2583.33,Other,516.6659999999999,2583.33,72.46909090909091
510899,F,True,False,usa,kansas city,MCI,57,0.0,0.0,2.0,1.0,1364.0,323.46000000000004,1.0,3.0,0.5,0,2.0,,2.0,1687.46,Other,843.73,1687.46,227.33333333333334
511093,F,False,True,usa,milwaukee,MKE,40,0.0,1.0,2.0,1.0,874.6,413.741,1.0,3.0,0.0,0,2.0,,3.0,1288.341,Other,429.44699999999995,1288.341,97.17777777777779
511126,F,False,False,usa,boston,BOS,30,0.0,2.0,3.0,1.3333333333333333,3564.1,3829.16,1.2,4.0,0.6666666666666666,0,3.0,,5.0,7393.26,Other,1478.652,5544.945000000001,148.50416666666666
511140,F,False,False,usa,san diego,NZY,42,1.0,1.0,1.0,1.5,3610.8,1286.832,1.5,16.0,0.0,0,2.0,,3.0,4897.6320000000005,Other,1632.544,3265.088,50.150000000000006
511195,F,True,False,usa,tallahassee,TLH,55,0.0,1.0,1.0,1.0,1802.0,573.78,1.5,3.5,1.0,0,1.0,,2.0,2375.7799999999997,Other,1187.8899999999999,2375.7799999999997,171.61904761904762
511219,F,False,False,usa,phoenix,PHX,20,0.0,1.0,0.0,,412.0,0.0,2.0,2.0,,0,0.0,,1.0,412.0,Other,412.0,,103.0
511298,F,False,False,usa,new york,JFK,36,0.0,1.0,3.0,1.0,2082.4,797.11,1.0,4.25,1.0,0,3.0,,4.0,2879.51,Other,719.8775,2879.51,122.49411764705883
511399,F,True,True,usa,san diego,NZY,50,1.0,0.0,1.0,1.0,390.0,1320.71,1.0,6.0,0.5,0,2.0,,2.0,1710.71,Other,855.355,1710.71,32.5
511418,F,True,True,usa,new york,JFK,54,1.0,0.0,1.0,1.0,460.8,1289.1825,1.0,4.0,0.5,0,1.0,,2.0,1749.9824999999998,Other,874.9912499999999,1749.9824999999998,57.6
511433,F,True,False,usa,orlando,MCO,52,1.0,1.0,3.0,1.5,1979.6,2596.44,1.5,4.75,0.75,0,4.0,,5.0,4576.04,Other,915.208,3050.693333333333,55.56771929824561
511469,F,False,False,usa,los angeles,LAX,59,1.0,1.0,1.0,1.0,918.0,711.57,1.0,3.5,1.0,0,2.0,,3.0,1629.5700000000002,Other,543.19,1629.5700000000002,87.42857142857143
511489,F,True,False,usa,louisville,LOU,45,0.0,2.0,1.0,2.0,3046.6,2104.26,1.3333333333333333,5.0,1.0,0,1.0,,3.0,5150.860000000001,Other,1716.9533333333336,2575.4300000000003,152.32999999999998
511535,F,True,True,usa,chicago,ORD,54,1.0,0.0,2.0,1.0,906.6,1031.5795,1.0,4.0,0.6666666666666666,0,3.0,,3.0,1938.1795000000002,Other,646.0598333333334,1938.1795000000002,75.55
511549,F,True,True,canada,hamilton,YHM,54,1.0,0.0,1.0,1.0,516.0,183.91,1.0,3.0,0.5,0,2.0,,2.0,699.91,Other,349.955,699.91,86.0
511560,F,False,True,usa,wichita,IAB,40,0.0,0.0,4.0,1.5,2454.0,2727.73,1.5,2.25,0.0,0,3.0,,4.0,5181.73,Other,1295.4325,3454.486666666666,181.77777777777777
511568,F,False,False,usa,baltimore,BWI,23,1.0,0.0,0.0,1.0,0.0,1229.22,,,0.0,0,1.0,,1.0,1229.22,Other,1229.22,1229.22,
511638,F,False,True,usa,fresno,FAT,36,0.0,1.0,2.0,1.0,2411.0,796.47,1.3333333333333333,3.0,0.5,0,2.0,,3.0,3207.4700000000003,Other,1069.1566666666668,3207.4700000000003,200.91666666666666
511680,F,False,False,usa,jacksonville,JAX,30,0.0,1.0,3.0,1.0,3557.0,933.99,1.5,4.0,0.6666666666666666,0,3.0,,4.0,4490.99,Other,1122.7475,4490.99,148.20833333333334
511712,F,False,False,usa,buffalo,BUF,30,1.0,0.0,2.0,1.3333333333333333,1598.8,1898.442,1.5,4.5,0.6666666666666666,0,3.0,,3.0,3497.242,Other,1165.7473333333335,2622.9315,78.95308641975308
511764,M,True,True,usa,long beach,LGB,57,0.0,0.0,1.0,1.0,668.0,613.96,1.0,4.0,0.0,0,1.0,,1.0,1281.96,Other,1281.96,1281.96,167.0
511772,F,False,False,usa,chicago,UGN,30,0.0,0.0,3.0,1.0,1609.75,1002.03,1.0,5.333333333333333,0.3333333333333333,0,2.0,,3.0,2611.7799999999997,Other,870.5933333333332,2611.7799999999997,100.60937500000001
511783,F,True,False,usa,riverside,RAL,50,1.0,0.0,3.0,1.0,1226.4,542.92,1.0,2.6666666666666665,0.25,0,4.0,,4.0,1769.3200000000002,Other,442.33000000000004,1769.3200000000002,114.97500000000001
511805,F,False,False,usa,los angeles,LAX,41,0.0,0.0,4.0,1.0,2501.0,1569.67,1.0,3.75,0.5,0,4.0,,4.0,4070.67,Other,1017.6675,4070.67,166.73333333333332
511809,M,False,False,usa,fort worth,FTW,44,0.0,1.0,1.0,2.0,1015.0,1629.96,1.5,2.5,0.0,0,1.0,,2.0,2644.96,Other,1322.48,1322.48,135.33333333333331
511811,F,False,False,usa,dallas,DAL,38,1.0,0.0,2.0,1.3333333333333333,730.3,2113.94,1.5,2.0,0.3333333333333333,0,3.0,,3.0,2844.24,Other,948.0799999999999,2133.18,81.14444444444443
511860,F,False,True,usa,detroit,YIP,42,0.0,1.0,3.0,1.0,1204.0,825.52,1.0,2.75,0.6666666666666666,0,3.0,,4.0,2029.52,Other,507.38,2029.52,109.45454545454545
511902,F,True,True,canada,montreal,YMX,54,0.0,0.0,3.0,1.0,1146.2,1102.55,1.0,2.333333333333333,0.3333333333333333,0,3.0,,3.0,2248.75,Other,749.5833333333334,2248.75,163.74285714285716
511910,F,False,True,usa,los angeles,LAX,20,0.0,1.0,0.0,,774.0,0.0,1.0,9.0,,0,0.0,,1.0,774.0,Other,774.0,,86.0
511936,F,False,False,usa,san antonio,RND,40,1.0,1.0,1.0,1.0,1322.0,913.28,1.0,7.0,0.5,0,2.0,,3.0,2235.2799999999997,Other,745.0933333333332,2235.2799999999997,62.952380952380956
512009,M,False,True,usa,new york,JFK,46,1.0,0.0,2.0,1.3333333333333333,1149.0,1548.16,1.5,6.0,1.0,0,3.0,,3.0,2697.16,Other,899.0533333333333,2022.87,42.55555555555556
512078,F,False,False,usa,santa ana,SNA,33,0.0,0.0,2.0,1.0,796.0,718.4599999999999,1.0,2.0,1.0,0,2.0,,2.0,1514.46,Other,757.23,1514.46,199.0
512148,F,False,False,usa,indianapolis,IND,23,0.0,1.0,0.0,,372.0,0.0,1.0,3.0,,0,0.0,,1.0,372.0,Other,372.0,,124.0
512173,M,True,False,usa,san francisco,SFO,50,1.0,0.0,3.0,1.5,5694.4,12472.6,1.3333333333333333,7.0,0.5,0,4.0,,4.0,18167.0,Other,4541.75,12111.333333333334,152.52857142857144
512201,F,True,False,usa,san jose,SJC,54,1.0,0.0,3.0,1.0,1961.2,2073.76,1.0,4.0,0.75,0,3.0,,4.0,4034.96,Other,1008.74,4034.96,122.575
512204,F,False,False,usa,jacksonville,NZC,57,0.0,0.0,4.0,1.0,2176.5,1351.712,1.0,2.5,0.5,0,4.0,,4.0,3528.212,Other,882.053,3528.212,217.65
512243,F,True,True,usa,charlotte,CLT,39,0.0,1.0,2.0,1.0,2364.0,722.172,1.0,3.333333333333333,0.5,0,2.0,,3.0,3086.172,Other,1028.724,3086.172,236.40000000000003
512305,F,False,False,usa,san jose,SJC,27,0.0,2.0,0.0,,1756.0,0.0,1.0,4.5,,0,0.0,,2.0,1756.0,Other,878.0,,195.11111111111111
512447,F,False,False,usa,stockton,SCK,23,0.0,1.0,1.0,3.0,1656.0,3934.17,2.0,7.0,1.0,0,1.0,,2.0,5590.17,Other,2795.085,1863.39,59.142857142857146
512463,M,False,False,usa,lincoln,LNK,40,1.0,0.0,3.0,1.25,1810.0,2585.51,1.3333333333333333,4.0,0.75,0,4.0,,4.0,4395.51,Other,1098.8775,3516.4080000000004,84.84375
512495,F,False,False,usa,louisville,LOU,41,0.0,2.0,4.0,1.25,6016.0,895.21,1.1666666666666667,6.333333333333333,0.5,0,4.0,,6.0,6911.21,Other,1151.8683333333333,5528.968,135.69924812030075
512536,F,True,True,usa,los angeles,LAX,55,0.0,0.0,2.0,1.5,1094.0,1668.85,1.5,3.5,0.5,0,2.0,,2.0,2762.85,Other,1381.425,1841.8999999999999,104.19047619047619
512587,F,False,False,usa,oakland,OAK,40,0.0,0.0,2.0,1.0,367.0,1191.9299999999998,1.0,2.0,1.0,0,2.0,,2.0,1558.9299999999998,Other,779.4649999999999,1558.9299999999998,91.75
512628,F,False,False,canada,winnipeg,YAV,37,0.0,1.0,3.0,1.0,2232.0,1210.25,1.0,3.25,0.6666666666666666,0,3.0,,4.0,3442.25,Other,860.5625,3442.25,171.69230769230768
512696,F,False,False,usa,buffalo,BUF,19,0.0,2.0,1.0,1.0,9131.0,726.92,1.3333333333333333,9.333333333333334,1.0,0,1.0,,3.0,9857.92,Other,3285.9733333333334,9857.92,244.58035714285714
512704,F,True,True,usa,san antonio,SAT,32,1.0,0.0,0.0,1.0,0.0,380.9975,,,0.0,0,1.0,,1.0,380.9975,Other,380.9975,380.9975,
512791,F,False,True,usa,atlanta,ATL,36,0.0,0.0,3.0,1.3333333333333333,1004.0,1543.026,1.3333333333333333,2.6666666666666665,1.0,0,3.0,,3.0,2547.026,Other,849.0086666666666,1910.2694999999999,94.12500000000001
512826,F,True,False,usa,richmond,RIC,42,2.0,0.0,2.0,1.5,393.0,3584.32,1.0,2.0,1.0,0,3.0,,4.0,3977.32,Other,994.33,2651.5466666666666,49.125
512887,M,False,False,usa,san diego,SAN,41,0.0,0.0,3.0,1.0,1303.0,1261.3004999999998,1.0,2.6666666666666665,0.6666666666666666,0,3.0,,3.0,2564.3005,Other,854.7668333333332,2564.3005,162.875
512888,F,True,False,usa,chicago,MDW,39,0.0,1.0,2.0,1.0,5229.0,682.05,1.3333333333333333,8.333333333333334,0.5,0,2.0,,3.0,5911.05,Other,1970.3500000000001,5911.05,156.86999999999998
512922,F,False,True,usa,tucson,TUS,36,1.0,0.0,1.0,1.0,136.5,679.28,1.0,1.0,1.0,0,2.0,,2.0,815.78,Other,407.89,815.78,68.25
512999,F,True,False,usa,new york,JFK,36,1.0,0.0,2.0,1.3333333333333333,503.0,1797.65,1.0,1.5,0.6666666666666666,0,3.0,,3.0,2300.65,Other,766.8833333333333,1725.4875000000002,111.77777777777777
513026,F,True,False,usa,chicago,MDW,43,0.0,0.0,3.0,1.0,3173.0,663.764,1.0,5.333333333333333,0.3333333333333333,0,2.0,,3.0,3836.764,Other,1278.9213333333335,3836.764,198.31250000000003
513030,F,False,False,usa,san jose,SJC,40,0.0,0.0,3.0,1.0,2161.0,606.83,1.0,4.0,0.0,0,3.0,,3.0,2767.83,Other,922.61,2767.83,180.08333333333334
513031,F,True,True,usa,detroit,DTW,48,1.0,1.0,1.0,1.0,2990.0,700.8,1.5,4.0,1.0,0,2.0,,3.0,3690.8,Other,1230.2666666666667,3690.8,166.11111111111111
513058,F,False,True,usa,new york,JFK,54,3.0,1.0,2.0,1.2,1787.0,2161.15,1.3333333333333333,3.6666666666666665,0.4,0,4.0,,6.0,3948.15,Other,658.025,3290.125,60.92045454545455
513089,F,True,False,usa,sacramento,SMF,41,0.0,2.0,1.0,1.0,2220.6000000000004,215.62,1.0,8.333333333333334,1.0,0,1.0,,3.0,2436.2200000000003,Other,812.0733333333334,2436.2200000000003,88.82400000000001
513103,F,False,True,usa,philadelphia,PHL,34,0.0,0.0,3.0,1.3333333333333333,1147.0,3188.0370000000003,1.3333333333333333,2.333333333333333,0.3333333333333333,0,2.0,,3.0,4335.037,Other,1445.0123333333333,3251.27775,122.89285714285715
513164,F,False,False,usa,mobile,BFM,44,1.0,0.0,1.0,1.0,400.0,309.77,1.0,4.0,0.0,0,2.0,,2.0,709.77,Other,354.885,709.77,50.0
513221,F,False,False,usa,kansas city,MCI,33,0.0,0.0,1.0,2.0,1092.0,1494.42,2.0,6.0,0.0,0,1.0,,1.0,2586.42,Other,2586.42,1293.21,91.0
513237,F,True,True,canada,toronto,YZD,38,0.0,1.0,1.0,1.0,1470.0,588.8,1.0,4.0,0.0,0,1.0,,2.0,2058.8,Other,1029.4,2058.8,183.75
513322,F,False,False,usa,new york,LGA,53,0.0,0.0,3.0,1.0,695.0,1703.66,1.0,1.3333333333333333,1.0,0,3.0,,3.0,2398.66,Other,799.5533333333333,2398.66,173.75
513347,F,True,True,usa,los angeles,LAX,51,0.0,0.0,1.0,1.0,258.0,322.082,1.0,2.0,1.0,0,1.0,,1.0,580.082,Other,580.082,580.082,129.0
513381,F,True,True,usa,akron,AKR,53,0.0,0.0,3.0,1.0,513.4,1299.39,1.0,1.3333333333333333,0.6666666666666666,0,3.0,,3.0,1812.79,Other,604.2633333333333,1812.79,128.35
513397,F,False,False,usa,new york,JFK,55,1.0,1.0,3.0,1.0,1463.1999999999998,1450.73,1.0,2.75,0.5,0,4.0,,5.0,2913.93,Other,582.786,2913.93,106.41454545454545
513497,F,False,False,usa,las vegas,LSV,46,0.0,1.0,1.0,1.0,984.65,673.96,1.0,4.0,0.0,0,1.0,,2.0,1658.6100000000001,Other,829.3050000000001,1658.6100000000001,123.08125
513582,F,True,False,usa,los angeles,LAX,51,1.0,0.0,2.0,1.0,591.0,2041.54,1.0,2.5,0.6666666666666666,0,2.0,,3.0,2632.54,Other,877.5133333333333,2632.54,78.8
513659,F,False,False,usa,honolulu,HNL,43,0.0,0.0,3.0,1.0,1157.0,2152.75,1.0,4.666666666666667,0.0,0,3.0,,3.0,3309.75,Other,1103.25,3309.75,82.64285714285714
513761,F,False,False,usa,los angeles,LAX,41,0.0,0.0,3.0,1.0,3178.25,1577.71,1.0,4.666666666666667,0.3333333333333333,0,3.0,,3.0,4755.96,Other,1585.32,4755.96,227.01785714285714
513791,F,False,False,canada,toronto,YTZ,40,0.0,0.0,4.0,1.25,3561.0,1825.94,1.25,6.5,0.5,0,4.0,,4.0,5386.9400000000005,Other,1346.7350000000001,4309.552000000001,109.56923076923077
513796,F,True,False,usa,tacoma,TCM,47,1.0,0.0,2.0,1.3333333333333333,4554.0,3231.3,1.5,7.5,0.6666666666666666,0,3.0,,3.0,7785.3,Other,2595.1,5838.975,134.93333333333334
513856,M,False,False,canada,london,YXU,39,0.0,0.0,1.0,1.0,1104.0,320.37350000000004,1.0,8.0,1.0,0,1.0,,1.0,1424.3735000000001,Other,1424.3735000000001,1424.3735000000001,138.0
514023,M,False,True,usa,los angeles,LAX,46,0.0,1.0,2.0,1.0,1383.0,797.38,1.0,3.0,0.0,0,2.0,,3.0,2180.38,Other,726.7933333333334,2180.38,153.66666666666666
514053,F,True,True,canada,victoria,YYJ,45,0.0,1.0,1.0,1.0,2644.25,305.694,1.0,8.5,0.0,0,1.0,,2.0,2949.944,Other,1474.972,2949.944,155.5441176470588
514132,F,False,True,usa,san antonio,RND,39,1.0,0.0,4.0,1.2,1732.0,2514.11,1.0,3.0,0.4,0,5.0,,5.0,4246.110000000001,Other,849.2220000000001,3538.4250000000006,115.46666666666665
514210,F,False,False,canada,toronto,YZD,45,0.0,0.0,3.0,1.0,665.3,738.9445000000001,1.0,2.333333333333333,0.3333333333333333,0,3.0,,3.0,1404.2445,Other,468.0815,1404.2445,95.04285714285714
514235,F,False,True,usa,oakland,OAK,32,0.0,0.0,1.0,1.0,357.0,226.18,1.0,3.0,0.0,0,1.0,,1.0,583.1800000000001,Other,583.1800000000001,583.1800000000001,119.0
514318,F,True,True,usa,seattle,SEA,54,0.0,2.0,2.0,1.0,2469.5,824.7180000000001,1.0,3.0,1.0,0,2.0,,4.0,3294.218,Other,823.5545,3294.218,205.79166666666666
514342,F,False,False,usa,baltimore,BWI,44,2.0,0.0,2.0,1.5,6010.0,2202.53,2.0,4.0,1.0,0,4.0,,4.0,8212.53,Other,2053.1325,5475.02,187.8125
514384,F,False,False,canada,toronto,YKZ,46,0.0,0.0,1.0,2.0,202.0,2361.0,2.0,1.0,1.0,0,1.0,,1.0,2563.0,Other,2563.0,1281.5,101.0
514457,F,False,False,usa,modesto,MOD,43,0.0,0.0,4.0,1.0,4256.0,2209.517,1.0,4.5,0.5,0,3.0,,4.0,6465.517,Other,1616.37925,6465.517,236.44444444444446
514460,F,True,False,usa,san jose,SJC,39,1.0,1.0,2.0,1.0,3762.3,833.5764999999999,1.0,6.666666666666667,0.6666666666666666,0,2.0,,4.0,4595.8765,Other,1148.969125,4595.8765,141.08625
514503,F,False,False,usa,lubbock,LBB,24,0.0,2.0,0.0,,10392.0,0.0,2.0,11.0,,0,0.0,,2.0,10392.0,Other,5196.0,,236.1818181818182
514515,F,False,False,canada,vancouver,YVR,41,1.0,0.0,2.0,1.6666666666666667,1246.0,3931.09,2.0,1.0,1.0,0,3.0,,3.0,5177.09,Other,1725.6966666666667,3106.254,207.66666666666666
514586,F,False,False,usa,chicago,ORD,45,0.0,0.0,3.0,1.0,1061.0,649.5,1.0,3.6666666666666665,0.6666666666666666,0,3.0,,3.0,1710.5,Other,570.1666666666666,1710.5,96.45454545454547
514623,F,True,True,usa,sacramento,SMF,40,0.0,0.0,1.0,1.0,536.0,321.28,1.0,4.0,1.0,0,1.0,,1.0,857.28,Other,857.28,857.28,134.0
514675,F,True,False,usa,chicago,UGN,53,0.0,0.0,3.0,1.3333333333333333,1571.0,1575.37,1.3333333333333333,2.0,0.6666666666666666,0,3.0,,3.0,3146.37,Other,1048.79,2359.7775,196.375
514737,F,True,True,usa,washington,IAD,58,0.0,0.0,4.0,1.0,1759.0,499.122,1.0,4.5,0.75,0,4.0,,4.0,2258.122,Other,564.5305,2258.122,97.72222222222223
514830,F,False,False,usa,los angeles,LAX,55,1.0,0.0,1.0,1.0,921.0,778.12,1.0,3.0,1.0,0,2.0,,2.0,1699.12,Other,849.56,1699.12,153.5
514892,F,False,False,usa,phoenix,PHX,41,0.0,0.0,5.0,1.2,3990.0,2155.495,1.2,4.2,0.8,0,4.0,,5.0,6145.495,Other,1229.099,5121.245833333333,158.33333333333331
514944,M,True,True,usa,los angeles,LAX,51,0.0,0.0,1.0,1.0,340.0,610.81,1.0,4.0,1.0,0,1.0,,1.0,950.81,Other,950.81,950.81,85.0
514981,F,True,False,usa,long beach,LGB,50,0.0,0.0,3.0,1.3333333333333333,2063.0,501.08,1.3333333333333333,3.6666666666666665,0.3333333333333333,0,3.0,,3.0,2564.08,Other,854.6933333333333,1923.06,140.6590909090909
515004,F,True,True,usa,sacramento,MHR,53,0.0,1.0,1.0,1.0,1693.0,734.59,1.0,4.5,1.0,0,1.0,,2.0,2427.59,Other,1213.795,2427.59,188.11111111111111
515161,F,True,True,usa,santa ana,SNA,50,0.0,1.0,2.0,1.0,1685.2,541.1825,1.3333333333333333,4.666666666666667,1.0,0,2.0,,3.0,2226.3825,Other,742.1275,2226.3825,90.27857142857142
515240,F,True,True,usa,indianapolis,IND,46,0.0,1.0,0.0,,2410.0,0.0,2.0,5.0,,0,0.0,,1.0,2410.0,Other,2410.0,,241.0
515306,F,True,False,usa,modesto,MOD,51,0.0,1.0,3.0,1.0,5435.0,1260.21,1.0,8.25,0.6666666666666666,0,3.0,,4.0,6695.21,Other,1673.8025,6695.21,164.6969696969697
515330,F,False,False,usa,houston,IAH,50,0.0,0.0,3.0,1.3333333333333333,1076.0,2831.4,1.3333333333333333,1.6666666666666667,0.3333333333333333,0,3.0,,3.0,3907.4,Other,1302.4666666666667,2930.55,161.40000000000003
515423,F,True,False,canada,victoria,YYJ,58,1.0,0.0,1.0,1.0,360.0,956.22,1.0,6.0,0.5,0,2.0,,2.0,1316.22,Other,658.11,1316.22,30.0
515502,F,False,True,usa,phoenix,PHX,35,0.0,1.0,0.0,,1550.4,0.0,2.0,4.0,,0,0.0,,1.0,1550.4,Other,1550.4,,193.8
515580,F,False,False,usa,indianapolis,IND,47,0.0,1.0,3.0,1.0,5483.8,1171.92,1.25,5.25,0.6666666666666666,0,3.0,,4.0,6655.72,Other,1663.93,6655.72,208.90666666666667
515639,F,False,False,usa,los angeles,LAX,42,1.0,0.0,6.0,1.1428571428571428,4861.0,5704.532,1.1666666666666667,2.6666666666666665,0.8571428571428571,0,6.0,,7.0,10565.532,Other,1509.3617142857142,9244.8405,223.20918367346937
515684,F,False,False,usa,new york,LGA,56,2.0,0.0,5.0,1.1428571428571428,2270.9,2698.2695,1.2,1.6,0.8571428571428571,0,6.0,,7.0,4969.1695,Other,709.8813571428572,4348.0233125,168.96577380952382
515778,F,True,False,usa,milwaukee,MKE,54,0.0,1.0,2.0,1.0,1513.2,726.46,1.0,4.0,0.5,0,2.0,,3.0,2239.66,Other,746.5533333333333,2239.66,126.10000000000001
515901,F,False,False,usa,phoenix,PHX,38,0.0,0.0,2.0,1.0,809.4,604.1800000000001,1.0,2.5,0.5,0,2.0,,2.0,1413.58,Other,706.79,1413.58,161.88
515985,F,True,False,canada,ottawa,YOW,45,0.0,1.0,2.0,1.0,1968.0,132.16,1.0,3.333333333333333,0.5,0,2.0,,3.0,2100.16,Other,700.0533333333333,2100.16,196.8
516001,F,True,False,usa,anchorage,EDF,34,0.0,1.0,0.0,,918.0,0.0,2.0,3.0,,0,0.0,,1.0,918.0,Other,918.0,,153.0
516053,F,False,True,usa,los angeles,LAX,44,2.0,0.0,3.0,1.0,540.0,2963.548,1.0,2.6666666666666665,0.4,0,4.0,,5.0,3503.548,Other,700.7095999999999,3503.548,40.5
516086,F,False,True,usa,new york,LGA,20,0.0,1.0,0.0,,1591.2,0.0,1.0,18.0,,0,0.0,,1.0,1591.2,Other,1591.2,,88.4
516105,F,True,True,usa,austin,AUS,52,1.0,2.0,0.0,1.0,2644.0,282.67,1.0,8.0,0.0,0,1.0,,3.0,2926.67,Other,975.5566666666667,2926.67,110.16666666666667
516152,F,False,False,usa,madison,MSN,38,0.0,0.0,1.0,1.0,244.0,467.68,1.0,2.0,1.0,0,1.0,,1.0,711.6800000000001,Other,711.6800000000001,711.6800000000001,122.0
516217,M,True,False,canada,edmonton,YEG,47,1.0,0.0,0.0,1.0,0.0,509.57,,,0.0,0,1.0,,1.0,509.57,Other,509.57,509.57,
516290,M,False,False,usa,omaha,OMA,47,0.0,1.0,2.0,1.5,3296.0,1260.81,1.3333333333333333,4.333333333333333,0.0,0,2.0,,3.0,4556.8099999999995,Other,1518.9366666666665,3037.873333333333,190.1538461538462
516296,F,False,False,usa,fort worth,FTW,42,0.0,0.0,2.0,1.0,1198.0,447.5785,1.0,6.0,0.5,0,2.0,,2.0,1645.5785,Other,822.78925,1645.5785,99.83333333333333
516340,F,False,False,usa,omaha,OFF,19,0.0,1.0,0.0,,372.0,0.0,1.0,6.0,,0,0.0,,1.0,372.0,Other,372.0,,62.0
516433,F,False,False,usa,phoenix,PHX,20,1.0,0.0,0.0,1.0,0.0,191.33,,,0.0,0,1.0,,1.0,191.33,Other,191.33,191.33,
516556,F,False,True,usa,kansas city,MCI,39,0.0,0.0,1.0,1.0,723.0,313.91,1.0,3.0,0.0,0,1.0,,1.0,1036.91,Other,1036.91,1036.91,241.0
516561,F,True,False,usa,dallas,DAL,50,0.0,0.0,2.0,1.0,632.0,335.0525,1.0,2.0,1.0,0,2.0,,2.0,967.0525,Other,483.52625,967.0525,158.0
516578,F,False,False,canada,winnipeg,YWG,42,0.0,0.0,4.0,1.25,1966.0,2707.32,1.25,4.25,0.25,0,4.0,,4.0,4673.32,Other,1168.33,3738.656,92.51764705882353
516594,F,False,False,usa,louisville,LOU,56,0.0,0.0,4.0,1.0,3184.0,1858.1,1.0,5.0,0.25,0,3.0,,4.0,5042.1,Other,1260.525,5042.1,159.2
516616,F,False,True,usa,new york,LGA,56,0.0,2.0,4.0,1.0,6095.0,2377.1325,1.0,4.666666666666667,0.75,0,4.0,,6.0,8472.1325,Other,1412.0220833333333,8472.1325,217.67857142857142
516694,F,True,True,usa,norfolk,NGU,54,1.0,0.0,1.0,1.5,960.0,891.9000000000001,1.0,10.0,0.5,0,2.0,,2.0,1851.9,Other,925.95,1234.6000000000001,48.0
516732,F,True,True,usa,new york,LGA,41,0.0,1.0,2.0,1.0,1550.0,564.4300000000001,1.0,3.333333333333333,0.5,0,2.0,,3.0,2114.4300000000003,Other,704.8100000000001,2114.4300000000003,155.0
516798,F,True,False,usa,san jose,SJC,44,0.0,0.0,1.0,1.0,187.0,818.81,1.0,1.0,1.0,0,1.0,,1.0,1005.81,Other,1005.81,1005.81,187.0
516827,F,False,False,usa,las vegas,LSV,54,1.0,2.0,3.0,1.0,3245.5,1235.64,1.0,5.6,0.75,0,4.0,,6.0,4481.14,Other,746.8566666666667,4481.14,96.5922619047619
516939,F,True,True,canada,gatineau,YND,31,0.0,0.0,1.0,1.0,92.0,57.266000000000005,1.0,1.0,1.0,0,1.0,,1.0,149.26600000000002,Other,149.26600000000002,149.26600000000002,92.0
516972,F,True,True,usa,new york,JFK,45,0.0,0.0,2.0,1.0,1070.8000000000002,746.5140000000001,1.0,2.5,1.0,0,2.0,,2.0,1817.3140000000003,Other,908.6570000000002,1817.3140000000003,214.16000000000003
517033,F,False,False,canada,calgary,YYC,23,0.0,3.0,0.0,,6029.8,0.0,1.3333333333333333,12.333333333333334,,0,0.0,,3.0,6029.8,Other,2009.9333333333334,,122.22567567567567
517061,F,True,True,usa,jacksonville,NIP,56,0.0,2.0,4.0,1.25,4308.0,1868.6725,1.1666666666666667,3.6666666666666665,1.0,0,4.0,,6.0,6176.6725,Other,1029.4454166666667,4941.338,167.84415584415586
517076,F,False,False,usa,charlotte,CLT,40,0.0,3.0,2.0,1.0,4380.7,918.17,1.2,6.8,0.0,0,2.0,,5.0,5298.87,Other,1059.774,5298.87,107.37009803921569
517105,F,False,False,usa,santa ana,SNA,50,1.0,0.0,3.0,1.0,1016.0,1440.223,1.0,2.6666666666666665,0.25,0,4.0,,4.0,2456.223,Other,614.05575,2456.223,95.25
517119,F,False,True,usa,columbus,CMH,48,0.0,1.0,3.0,1.0,2193.0,671.352,1.0,5.75,0.6666666666666666,0,3.0,,4.0,2864.352,Other,716.088,2864.352,95.34782608695652
517143,F,False,False,usa,kansas city,MCI,28,0.0,2.0,0.0,,1740.0,0.0,1.0,5.0,,0,0.0,,2.0,1740.0,Other,870.0,,174.0
517150,M,False,False,usa,columbus,CMH,39,0.0,0.0,6.0,1.3333333333333333,3475.0,2820.156,1.3333333333333333,3.0,0.1666666666666666,0,5.0,,6.0,6295.156,Other,1049.1926666666666,4721.367,144.79166666666666
517549,F,False,False,usa,salt lake city,SLC,53,1.0,0.0,5.0,1.1666666666666667,3805.0,3625.648,1.2,2.8,0.6666666666666666,0,5.0,,6.0,7430.648,Other,1238.4413333333334,6369.126857142857,188.74007936507937
517571,M,False,False,usa,phoenix,LUF,47,0.0,0.0,1.0,1.0,278.0,428.417,1.0,2.0,1.0,0,1.0,,1.0,706.4169999999999,Other,706.4169999999999,706.4169999999999,139.0
517581,F,False,False,usa,san antonio,SKF,38,0.0,0.0,3.0,1.3333333333333333,3106.0,2645.53,1.3333333333333333,4.666666666666667,0.6666666666666666,0,3.0,,3.0,5751.530000000001,Other,1917.176666666667,4313.647500000001,166.39285714285714
517675,F,True,False,canada,toronto,YTZ,32,0.0,0.0,4.0,1.5,3940.0,1670.44,1.5,4.25,1.0,0,2.0,,4.0,5610.4400000000005,Other,1402.6100000000001,3740.2933333333335,154.50980392156862
517803,M,True,False,usa,los angeles,LAX,50,0.0,1.0,4.0,1.0,1733.7,1971.917,1.0,3.0,0.25,0,4.0,,5.0,3705.617,Other,741.1234000000001,3705.617,115.58
517847,F,True,False,usa,denver,DEN,51,0.0,1.0,3.0,1.0,703.0,769.27,1.0,2.25,0.6666666666666666,0,3.0,,4.0,1472.27,Other,368.0675,1472.27,78.11111111111111
518015,F,False,True,usa,austin,AUS,42,0.0,0.0,4.0,1.0,3803.8,1283.1375,1.0,8.0,0.25,0,4.0,,4.0,5086.9375,Other,1271.734375,5086.9375,118.86875
518041,F,False,False,usa,new york,LGA,21,0.0,1.0,0.0,,437.0,0.0,1.0,4.0,,0,0.0,,1.0,437.0,Other,437.0,,109.25
518044,F,True,True,usa,cincinnati,LUK,56,1.0,2.0,1.0,1.0,1900.0,755.4100000000001,1.0,5.666666666666667,1.0,0,2.0,,4.0,2655.41,Other,663.8525,2655.41,83.8235294117647
518074,F,False,False,usa,milwaukee,MKE,32,1.0,0.0,1.0,1.5,1080.0,1598.082,2.0,4.0,0.5,0,2.0,,2.0,2678.0820000000003,Other,1339.0410000000002,1785.3880000000001,67.5
518281,F,True,True,canada,montreal,YMX,56,1.0,0.0,3.0,1.0,1265.0,1742.897,1.0,2.6666666666666665,0.5,0,4.0,,4.0,3007.897,Other,751.97425,3007.897,118.59375
518334,F,True,True,usa,mobile,BFM,34,0.0,1.0,1.0,1.0,1645.6,312.88,1.0,4.0,1.0,0,1.0,,2.0,1958.48,Other,979.24,1958.48,205.7
518406,F,True,False,usa,new york,JFK,53,0.0,0.0,3.0,1.0,952.0,268.01,1.0,3.0,0.3333333333333333,0,3.0,,3.0,1220.01,Other,406.67,1220.01,105.77777777777777
518535,M,True,False,usa,houston,HOU,47,1.0,1.0,1.0,1.0,1166.9,773.6,1.0,3.5,0.5,0,2.0,,3.0,1940.5,Other,646.8333333333334,1940.5,111.13333333333334
518579,M,False,False,usa,seattle,SEA,44,0.0,1.0,2.0,1.0,2104.0,1017.34,1.3333333333333333,4.0,0.5,0,2.0,,3.0,3121.34,Other,1040.4466666666667,3121.34,131.50000000000003
518585,F,True,True,usa,chicago,UGN,45,0.0,0.0,3.0,1.0,864.0,1172.164,1.0,2.333333333333333,0.6666666666666666,0,2.0,,3.0,2036.164,Other,678.7213333333333,2036.164,123.42857142857144
518694,F,False,False,usa,los angeles,LAX,43,0.0,1.0,1.0,1.0,3622.0,674.92,1.0,12.0,0.0,0,1.0,,2.0,4296.92,Other,2148.46,4296.92,150.91666666666666
518711,F,True,False,usa,salt lake city,SLC,46,0.0,1.0,1.0,1.0,1073.0,429.92,1.0,2.5,1.0,0,1.0,,2.0,1502.92,Other,751.46,1502.92,214.6
518735,F,False,True,usa,san francisco,SFO,30,0.0,1.0,0.0,,1190.0,0.0,1.0,5.0,,0,0.0,,1.0,1190.0,Other,1190.0,,238.0
518743,F,False,False,usa,washington,DCA,36,0.0,0.0,3.0,1.3333333333333333,3579.0,2993.38,1.3333333333333333,4.0,0.0,0,3.0,,3.0,6572.38,Other,2190.7933333333335,4929.285000000001,223.6875
518866,F,True,False,usa,los angeles,LAX,57,0.0,0.0,3.0,1.0,752.0,1874.88,1.0,2.333333333333333,0.0,0,3.0,,3.0,2626.88,Other,875.6266666666667,2626.88,107.42857142857144
518870,F,False,False,usa,los angeles,LAX,40,0.0,1.0,2.0,1.0,994.0,929.34,1.0,3.333333333333333,0.0,0,2.0,,3.0,1923.3400000000001,Other,641.1133333333333,1923.3400000000001,99.4
518956,F,True,False,usa,houston,IAH,50,0.0,1.0,1.0,1.0,1064.9,420.84,1.0,4.0,0.0,0,1.0,,2.0,1485.74,Other,742.87,1485.74,133.1125
519079,F,False,False,usa,phoenix,PHX,52,1.0,1.0,3.0,1.0,5776.0,1871.752,1.0,5.5,0.5,0,3.0,,5.0,7647.752,Other,1529.5504,7647.752,210.03636363636363
519091,F,True,False,usa,san francisco,SFO,56,0.0,1.0,1.0,2.0,6504.0,3174.4,2.0,14.0,1.0,0,1.0,,2.0,9678.4,Other,4839.2,4839.2,116.14285714285714
519254,F,False,False,usa,tucson,TUS,33,0.0,1.0,6.0,1.1666666666666667,4781.8,4326.860000000001,1.1428571428571428,2.857142857142857,0.3333333333333333,0,4.0,,7.0,9108.66,Other,1301.2371428571428,7807.422857142857,209.20375
519285,F,False,False,usa,portland,PDX,32,0.0,1.0,3.0,1.0,1181.0,1620.17,1.0,3.5,0.3333333333333333,0,3.0,,4.0,2801.17,Other,700.2925,2801.17,84.35714285714286
519393,F,False,True,usa,chicago,MDW,52,1.0,1.0,1.0,1.0,538.0,903.29,1.0,3.5,0.5,0,2.0,,3.0,1441.29,Other,480.43,1441.29,51.23809523809524
519595,M,False,False,usa,los angeles,LAX,44,1.0,0.0,3.0,1.0,674.0,2048.3745,1.0,2.6666666666666665,0.25,0,2.0,,4.0,2722.3745,Other,680.593625,2722.3745,63.1875
519596,F,True,True,usa,fayetteville,POB,43,0.0,0.0,2.0,1.0,801.0,773.9300000000001,1.0,3.0,0.0,0,2.0,,2.0,1574.93,Other,787.465,1574.93,133.5
519769,O,True,True,usa,atlanta,ATL,43,0.0,0.0,3.0,1.0,968.0,859.7879999999999,1.0,2.333333333333333,0.3333333333333333,0,3.0,,3.0,1827.788,Other,609.2626666666666,1827.788,138.2857142857143
519888,F,False,False,usa,las vegas,LSV,41,0.0,1.0,3.0,1.0,1154.5,1071.8,1.0,3.75,1.0,0,3.0,,4.0,2226.3,Other,556.575,2226.3,76.96666666666667
519896,F,True,False,usa,miami,OPF,49,0.0,0.0,3.0,1.3333333333333333,5760.3,11321.28,1.0,9.0,0.6666666666666666,0,3.0,,3.0,17081.58,Other,5693.860000000001,12811.185000000001,213.34444444444446
519911,F,False,False,canada,toronto,YYZ,42,0.0,0.0,6.0,1.0,3298.0,1869.354,1.0,4.0,0.1666666666666666,0,6.0,,6.0,5167.354,Other,861.2256666666667,5167.354,137.41666666666666
519961,F,False,False,usa,new york,LGA,33,0.0,0.0,3.0,1.0,676.0,847.33,1.0,1.6666666666666667,0.6666666666666666,0,3.0,,3.0,1523.33,Other,507.77666666666664,1523.33,135.2
520141,F,False,False,usa,new york,JFK,45,0.0,1.0,2.0,1.0,1876.0,514.03,1.0,3.6666666666666665,0.5,0,2.0,,3.0,2390.0299999999997,Other,796.6766666666666,2390.0299999999997,170.54545454545456
520152,F,True,True,usa,phoenix,PHX,49,0.0,1.0,3.0,1.0,2662.0,703.9159999999999,1.25,4.25,1.0,0,3.0,,4.0,3365.916,Other,841.479,3365.916,125.27058823529411
520311,F,True,True,usa,milwaukee,MKE,50,3.0,1.0,1.0,1.25,2771.0,1119.6395,1.0,6.5,1.0,0,4.0,,5.0,3890.6395,Other,778.1279000000001,3112.5116000000003,85.26153846153846
520411,F,True,False,usa,detroit,DTW,41,0.0,0.0,2.0,1.0,1228.0,273.78,1.0,3.0,0.5,0,2.0,,2.0,1501.78,Other,750.89,1501.78,204.66666666666666
520436,F,True,False,usa,chicago,MDW,49,0.0,1.0,5.0,1.0,2942.0,1942.7000000000005,1.0,3.5,0.8,0,5.0,,6.0,4884.700000000001,Other,814.1166666666668,4884.700000000001,140.0952380952381
520480,F,False,False,canada,vancouver,YVR,40,1.0,0.0,2.0,1.0,511.8,1969.61,1.0,4.5,0.3333333333333333,0,2.0,,3.0,2481.41,Other,827.1366666666667,2481.41,37.91111111111111
520532,F,True,False,usa,washington,DCA,49,0.0,0.0,4.0,1.0,1455.5,1385.72,1.0,4.0,0.75,0,4.0,,4.0,2841.2200000000003,Other,710.3050000000001,2841.2200000000003,90.96875
520556,F,False,True,usa,austin,AUS,36,1.0,1.0,3.0,1.0,9659.1,988.359,1.25,10.0,0.75,0,4.0,,5.0,10647.459,Other,2129.4918000000002,10647.459,154.5456
520558,F,False,False,usa,rochester,ROC,38,0.0,0.0,1.0,1.0,590.0,376.12,1.0,5.0,0.0,0,1.0,,1.0,966.12,Other,966.12,966.12,118.0
520733,F,True,False,usa,honolulu,HNL,43,0.0,0.0,3.0,1.0,1144.0,3186.251,1.0,2.6666666666666665,0.3333333333333333,0,3.0,,3.0,4330.251,Other,1443.4170000000001,4330.251,143.0
520762,F,False,False,usa,baton rouge,BTR,31,0.0,1.0,1.0,1.0,1081.0,108.89,1.0,5.0,1.0,0,1.0,,2.0,1189.89,Other,594.945,1189.89,108.1
520770,F,False,False,usa,sacramento,SAC,42,2.0,0.0,2.0,1.5,360.5,8270.67,1.0,1.0,0.5,0,4.0,,4.0,8631.17,Other,2157.7925,5754.113333333334,90.125
520821,F,False,False,usa,boston,BOS,44,0.0,0.0,2.0,1.0,1095.0,1429.64,1.0,4.5,0.5,0,2.0,,2.0,2524.6400000000003,Other,1262.3200000000002,2524.6400000000003,121.66666666666667
520898,F,True,True,usa,santa ana,SNA,44,0.0,1.0,2.0,1.5,5760.0,3442.1195,1.6666666666666667,6.0,0.5,0,1.0,,3.0,9202.1195,Other,3067.3731666666667,6134.7463333333335,192.0
521033,M,True,True,usa,chicago,ORD,44,1.0,0.0,3.0,1.25,2464.1000000000004,1242.92,1.3333333333333333,6.0,0.5,0,4.0,,4.0,3707.0200000000004,Other,926.7550000000001,2965.6160000000004,77.00312500000001
521259,F,False,False,usa,knoxville,TYS,37,0.0,0.0,2.0,1.0,436.8,736.0205,1.0,2.5,0.0,0,2.0,,2.0,1172.8205,Other,586.41025,1172.8205,87.36
521282,F,False,False,usa,columbus,CMH,35,1.0,0.0,1.0,1.0,448.0,788.26,1.0,4.0,1.0,0,2.0,,2.0,1236.26,Other,618.13,1236.26,56.0
521295,F,False,True,usa,baton rouge,BTR,43,0.0,0.0,2.0,1.0,1027.5,508.58,1.0,6.0,0.5,0,2.0,,2.0,1536.08,Other,768.04,1536.08,85.625
521298,F,False,False,usa,san jose,SJC,40,1.0,0.0,2.0,2.0,2961.7,2140.77,2.5,2.5,0.3333333333333333,0,3.0,,3.0,5102.469999999999,Other,1700.823333333333,2551.2349999999997,157.95733333333334
521309,F,False,True,usa,detroit,YIP,52,0.0,0.0,2.0,1.0,184.0,863.2139999999999,1.0,1.5,1.0,0,1.0,,2.0,1047.214,Other,523.607,1047.214,61.333333333333336
521316,F,False,False,usa,nashville,BNA,46,0.0,1.0,2.0,1.0,1490.2,448.5195,1.0,6.0,0.5,0,2.0,,3.0,1938.7195000000002,Other,646.2398333333334,1938.7195000000002,82.78888888888889
521343,F,False,False,usa,charlotte,CLT,39,2.0,0.0,3.0,1.2,1493.0,1024.811,1.0,1.6666666666666667,0.6,0,3.0,,5.0,2517.8109999999997,Other,503.56219999999996,2098.1758333333332,179.16
521379,F,True,False,usa,new york,JFK,58,0.0,0.0,2.0,1.0,542.0,1347.47,1.0,2.5,0.0,0,2.0,,2.0,1889.47,Other,944.735,1889.47,108.4
521514,F,False,True,usa,nashville,BNA,31,0.0,0.0,2.0,1.0,1248.3,265.02700000000004,1.0,4.5,0.5,0,2.0,,2.0,1513.327,Other,756.6635,1513.327,138.7
521609,M,True,True,canada,toronto,YYZ,53,0.0,0.0,2.0,1.5,2352.0,334.79999999999995,1.5,3.5,0.5,0,2.0,,2.0,2686.8,Other,1343.4,1791.2,224.0
521708,F,True,False,usa,nashville,BNA,49,1.0,0.0,3.0,1.0,1332.0,1123.164,1.0,4.0,0.75,0,4.0,,4.0,2455.1639999999998,Other,613.7909999999999,2455.1639999999998,83.25
521720,M,False,False,usa,indianapolis,IND,46,0.0,0.0,4.0,1.0,3719.8,1403.89,1.0,4.5,0.75,0,4.0,,4.0,5123.6900000000005,Other,1280.9225000000001,5123.6900000000005,206.65555555555557
521748,M,False,False,usa,philadelphia,PNE,42,0.0,1.0,2.0,1.0,2181.4,212.33,1.3333333333333333,3.6666666666666665,0.5,0,2.0,,3.0,2393.73,Other,797.91,2393.73,148.7318181818182
521865,F,True,True,usa,richmond,RIC,47,0.0,0.0,4.0,1.0,2008.0,1090.237,1.0,2.25,0.5,0,4.0,,4.0,3098.237,Other,774.55925,3098.237,223.11111111111111
521956,F,False,False,canada,toronto,YTZ,30,0.0,0.0,4.0,1.25,1978.0,1810.86,1.25,2.5,0.5,0,4.0,,4.0,3788.8599999999997,Other,947.2149999999999,3031.0879999999997,158.24
521963,M,True,False,canada,toronto,YZD,27,0.0,1.0,1.0,2.0,1512.0,341.7,1.5,4.5,0.0,0,1.0,,2.0,1853.7,Other,926.85,926.85,112.0
521986,M,True,True,usa,omaha,OMA,53,0.0,1.0,1.0,1.0,1864.0,318.84,1.0,5.0,1.0,0,1.0,,2.0,2182.84,Other,1091.42,2182.84,186.4
522005,F,False,True,usa,nashville,BNA,48,0.0,2.0,3.0,1.0,5875.6,971.35,1.2,5.0,0.0,0,3.0,,5.0,6846.950000000001,Other,1369.39,6846.950000000001,195.85333333333335
522062,F,True,False,canada,edmonton,YEG,52,1.0,0.0,3.0,1.0,1075.0,2053.37,1.0,2.6666666666666665,0.5,0,3.0,,4.0,3128.37,Other,782.0925,3128.37,100.78125
522086,F,True,True,usa,corpus christi,CRP,41,0.0,0.0,2.0,1.0,1382.0,716.606,1.0,4.0,0.0,0,2.0,,2.0,2098.6059999999998,Other,1049.3029999999999,2098.6059999999998,172.75
522118,F,True,False,usa,des moines,DSM,53,1.0,0.0,2.0,1.0,790.0,685.4100000000001,1.0,2.0,0.6666666666666666,0,3.0,,3.0,1475.41,Other,491.80333333333334,1475.41,131.66666666666666
522201,F,True,False,usa,minneapolis,MSP,48,0.0,1.0,0.0,,2310.0,0.0,1.0,11.0,,0,0.0,,1.0,2310.0,Other,2310.0,,210.0
522364,F,False,False,usa,memphis,MEM,35,0.0,0.0,3.0,1.0,912.6,751.8,1.0,2.6666666666666665,0.6666666666666666,0,3.0,,3.0,1664.4,Other,554.8000000000001,1664.4,114.075
522375,F,False,False,usa,kansas city,MCI,53,1.0,0.0,2.0,1.0,2739.6,791.74,1.0,4.0,0.6666666666666666,0,3.0,,3.0,3531.34,Other,1177.1133333333335,3531.34,228.29999999999998
522402,M,False,False,usa,san antonio,RND,46,1.0,0.0,2.0,1.3333333333333333,659.0,520.721,1.5,1.0,0.3333333333333333,0,3.0,,3.0,1179.721,Other,393.24033333333335,884.79075,146.44444444444443
522438,M,True,True,canada,vancouver,YVR,57,0.0,0.0,5.0,1.2,1996.7,3610.18,1.2,2.2,0.4,0,4.0,,5.0,5606.88,Other,1121.376,4672.400000000001,151.2651515151515
522441,M,True,False,usa,new york,LGA,36,0.0,0.0,3.0,1.0,560.8,891.46,1.0,1.3333333333333333,0.6666666666666666,0,3.0,,3.0,1452.26,Other,484.08666666666664,1452.26,140.2
522476,F,True,False,usa,austin,AUS,50,1.0,0.0,4.0,1.2,2010.0,1744.57,1.25,2.25,0.8,0,5.0,,5.0,3754.5699999999997,Other,750.914,3128.8083333333334,142.93333333333334
522513,F,False,False,canada,winnipeg,YWG,43,0.0,2.0,2.0,1.0,2206.0,669.02,1.0,5.25,0.5,0,2.0,,4.0,2875.02,Other,718.755,2875.02,105.04761904761905
522624,F,False,False,usa,bakersfield,BFL,31,0.0,1.0,0.0,,4617.0,0.0,2.0,30.0,,0,0.0,,1.0,4617.0,Other,4617.0,,76.95
522654,F,False,True,usa,new york,LGA,43,0.0,1.0,2.0,1.0,2953.0,775.173,1.0,7.0,0.5,0,2.0,,3.0,3728.173,Other,1242.7243333333333,3728.173,140.61904761904762
522745,F,False,False,usa,new york,LGA,51,0.0,1.0,2.0,1.5,2599.0,1176.79,1.6666666666666667,3.6666666666666665,0.0,0,2.0,,3.0,3775.79,Other,1258.5966666666666,2517.193333333333,141.76363636363635
522788,F,True,False,usa,lincoln,LNK,50,0.0,2.0,0.0,,896.1,0.0,1.5,4.5,,0,0.0,,2.0,896.1,Other,448.05,,66.37777777777778
522927,F,False,False,usa,new york,LGA,38,0.0,0.0,1.0,1.0,464.0,800.95,1.0,4.0,1.0,0,1.0,,1.0,1264.95,Other,1264.95,1264.95,116.0
522999,F,True,False,usa,montgomery,MXF,38,0.0,1.0,2.0,1.5,4435.0,2181.4700000000003,1.3333333333333333,6.333333333333333,0.0,0,2.0,,3.0,6616.47,Other,2205.4900000000002,4410.9800000000005,175.06578947368422
523077,F,False,False,usa,corpus christi,CRP,34,0.0,3.0,1.0,1.0,4804.200000000001,551.81,1.25,6.5,1.0,0,1.0,,4.0,5356.01,Other,1339.0025,5356.01,147.8215384615385
523090,F,False,True,usa,tucson,TUS,37,0.0,0.0,2.0,1.0,1014.0,832.21,1.0,3.0,1.0,0,2.0,,2.0,1846.21,Other,923.105,1846.21,169.0
523301,F,False,True,usa,phoenix,LUF,41,0.0,0.0,3.0,1.0,1411.0,1554.61,1.0,4.0,0.3333333333333333,0,3.0,,3.0,2965.6099999999997,Other,988.5366666666665,2965.6099999999997,117.58333333333333
523454,F,False,False,usa,cleveland,CLE,59,0.0,0.0,3.0,1.0,2758.8,945.557,1.0,6.666666666666667,1.0,0,3.0,,3.0,3704.357,Other,1234.7856666666667,3704.357,137.94
523484,F,False,False,usa,new york,LGA,43,2.0,1.0,2.0,1.0,2945.0,1892.852,1.0,3.333333333333333,0.75,0,4.0,,5.0,4837.852,Other,967.5704,4837.852,176.70000000000002
523505,F,False,False,usa,chicago,UGN,50,0.0,2.0,3.0,1.0,3482.0,1137.13,1.2,2.8,0.3333333333333333,0,2.0,,5.0,4619.13,Other,923.826,4619.13,207.2619047619048
523517,F,False,False,usa,houston,HOU,31,0.0,1.0,1.0,1.0,2681.0,377.7,1.0,13.5,1.0,0,1.0,,2.0,3058.7,Other,1529.35,3058.7,99.29629629629629
523559,M,True,False,usa,san antonio,SKF,48,1.0,0.0,2.0,1.0,1520.0,1022.15,1.0,5.5,0.0,0,3.0,,3.0,2542.15,Other,847.3833333333333,2542.15,92.12121212121212
523612,F,True,True,usa,seattle,SEA,48,0.0,3.0,2.0,1.0,4726.0,1250.3200000000002,1.0,4.0,0.0,0,2.0,,5.0,5976.32,Other,1195.264,5976.32,236.3
523666,M,True,False,usa,bakersfield,BFL,56,0.0,0.0,4.0,1.0,1829.0,2015.753,1.0,3.25,0.25,0,4.0,,4.0,3844.7529999999997,Other,961.1882499999999,3844.7529999999997,140.69230769230768
523690,M,False,False,usa,lincoln,LNK,45,0.0,2.0,2.0,1.0,5547.9,378.56000000000006,1.25,4.75,0.5,0,2.0,,4.0,5926.46,Other,1481.615,5926.46,233.5957894736842
523710,F,False,False,usa,fort worth,FTW,44,0.0,0.0,3.0,1.0,1189.0,1157.6,1.0,4.0,0.6666666666666666,0,3.0,,3.0,2346.6,Other,782.1999999999999,2346.6,99.08333333333333
523800,F,False,False,usa,san diego,SAN,40,1.0,2.0,1.0,1.0,4124.8,715.5699999999999,1.0,12.0,0.0,0,2.0,,4.0,4840.37,Other,1210.0925,4840.37,85.93333333333334
523807,F,True,True,usa,san francisco,SFO,55,0.0,0.0,2.0,1.5,936.0,1940.21,1.5,3.0,0.0,0,2.0,,2.0,2876.21,Other,1438.105,1917.4733333333334,104.0
523841,F,True,False,usa,san jose,SJC,49,0.0,0.0,3.0,1.0,1495.0,503.35,1.0,3.0,0.6666666666666666,0,3.0,,3.0,1998.35,Other,666.1166666666667,1998.35,166.11111111111111
523860,F,True,True,usa,knoxville,TYS,42,1.0,1.0,1.0,2.5,2445.6,4454.639999999999,3.0,4.5,0.0,0,2.0,,3.0,6900.24,Other,2300.08,2760.096,60.38518518518518
523887,F,False,False,usa,indianapolis,IND,26,0.0,1.0,0.0,,1188.0,0.0,1.0,11.0,,0,0.0,,1.0,1188.0,Other,1188.0,,108.0
523981,F,False,False,canada,edmonton,YEG,54,1.0,1.0,3.0,1.0,1714.0,1962.45,1.25,2.75,0.5,0,4.0,,5.0,3676.45,Other,735.29,3676.45,99.72363636363637
524169,F,True,True,usa,long beach,LGB,41,1.0,0.0,2.0,1.3333333333333333,255.0,3970.07,1.0,1.0,0.6666666666666666,0,2.0,,3.0,4225.07,Other,1408.3566666666666,3168.8025,85.0
524211,F,False,False,usa,new york,JFK,35,0.0,0.0,3.0,1.6666666666666667,1571.0,2214.13,1.6666666666666667,2.6666666666666665,0.3333333333333333,0,2.0,,3.0,3785.13,Other,1261.71,2271.078,117.825
524244,F,False,False,usa,las vegas,LAS,38,0.0,1.0,2.0,1.0,2216.5,1092.3,1.0,5.666666666666667,0.5,0,2.0,,3.0,3308.8,Other,1102.9333333333334,3308.8,130.38235294117646
524251,F,True,True,usa,chicago,UGN,51,0.0,1.0,2.0,1.0,3077.8,210.34,1.0,5.666666666666667,1.0,0,2.0,,3.0,3288.1400000000003,Other,1096.0466666666669,3288.1400000000003,181.04705882352943
524484,F,False,False,canada,hamilton,YHM,24,1.0,0.0,0.0,2.0,0.0,8587.7,,,1.0,0,1.0,,1.0,8587.7,Other,8587.7,4293.85,
524572,F,True,True,usa,san antonio,SAT,47,0.0,1.0,2.0,1.0,2249.0,914.74,1.0,3.6666666666666665,0.0,0,2.0,,3.0,3163.74,Other,1054.58,3163.74,204.45454545454544
524606,F,False,False,usa,laredo,LRD,35,2.0,0.0,0.0,1.0,0.0,887.31,,,0.5,0,2.0,,2.0,887.31,Other,443.655,887.31,
524668,F,False,False,usa,new york,JFK,48,0.0,1.0,4.0,1.0,1886.5,1168.18,1.2,2.6,1.0,0,4.0,,5.0,3054.6800000000003,Other,610.936,3054.6800000000003,120.92948717948718
524728,F,True,False,usa,los angeles,LAX,48,1.0,0.0,0.0,1.0,0.0,286.09,,,1.0,0,1.0,,1.0,286.09,Other,286.09,286.09,
524842,F,True,True,usa,corpus christi,CRP,36,0.0,1.0,0.0,,3729.6,0.0,2.0,14.0,,0,0.0,,1.0,3729.6,Other,3729.6,,133.2
524909,M,False,False,usa,el paso,BIF,52,0.0,0.0,3.0,1.0,814.0,973.09,1.0,2.333333333333333,0.3333333333333333,0,2.0,,3.0,1787.0900000000001,Other,595.6966666666667,1787.0900000000001,116.28571428571429
524926,F,False,False,usa,san francisco,SFO,45,1.0,0.0,3.0,1.25,2474.0,4090.413,1.0,3.333333333333333,0.25,0,4.0,,4.0,6564.4130000000005,Other,1641.1032500000001,5251.530400000001,185.55
525034,F,True,False,canada,gatineau,YND,55,0.0,1.0,1.0,1.0,1325.0,628.0,1.0,5.0,1.0,0,1.0,,2.0,1953.0,Other,976.5,1953.0,132.5
525081,F,True,True,usa,anchorage,ANC,58,0.0,3.0,1.0,1.0,6489.4,908.4565,1.5,8.75,0.0,0,1.0,,4.0,7397.8565,Other,1849.464125,7397.8565,123.60761904761904
525106,F,False,False,usa,houston,IAH,37,0.0,0.0,1.0,1.0,610.0,234.54,1.0,5.0,0.0,0,1.0,,1.0,844.54,Other,844.54,844.54,122.0
525201,M,False,False,usa,norfolk,ORF,52,1.0,3.0,2.0,1.3333333333333333,1714.0,3169.14,1.2,3.8,1.0,0,3.0,,6.0,4883.139999999999,Other,813.8566666666666,3662.3549999999996,62.64619883040936
525227,F,True,False,usa,jacksonville,LRF,41,0.0,1.0,4.0,1.0,2966.0,1514.22,1.0,2.8,0.5,0,4.0,,5.0,4480.22,Other,896.0440000000001,4480.22,211.8571428571429
525308,M,True,True,usa,amarillo,AMA,50,1.0,1.0,0.0,1.0,573.0,382.98,1.0,3.0,0.0,0,1.0,,2.0,955.98,Other,477.99,955.98,95.5
525389,F,False,False,usa,corpus christi,CRP,39,0.0,0.0,2.0,2.0,1118.8,1247.4499999999998,2.0,3.5,0.0,0,2.0,,2.0,2366.25,Other,1183.125,1183.125,79.91428571428571
525415,F,True,True,canada,edmonton,YED,40,0.0,0.0,3.0,1.0,951.65,1334.6,1.0,3.0,0.3333333333333333,0,3.0,,3.0,2286.25,Other,762.0833333333334,2286.25,105.73888888888888
525546,F,True,True,usa,cincinnati,LUK,47,0.0,2.0,4.0,1.0,6677.0,971.44,1.1666666666666667,5.833333333333333,0.5,0,4.0,,6.0,7648.4400000000005,Other,1274.74,7648.4400000000005,163.51836734693876
525591,F,False,False,usa,new york,JFK,47,1.0,2.0,1.0,1.0,5635.0,937.78,1.0,16.0,0.5,0,2.0,,4.0,6572.78,Other,1643.195,6572.78,88.046875
525671,F,True,False,usa,baltimore,BWI,47,1.0,0.0,3.0,1.5,979.5,3312.76,1.6666666666666667,2.0,0.5,0,4.0,,4.0,4292.26,Other,1073.065,2861.5066666666667,73.46249999999999
525761,F,False,False,usa,los angeles,LAX,26,0.0,1.0,0.0,,548.25,0.0,1.0,5.0,,0,0.0,,1.0,548.25,Other,548.25,,109.65
525806,F,False,True,usa,lincoln,LNK,40,1.0,0.0,1.0,1.0,1712.0,417.39,1.0,8.0,0.5,0,2.0,,2.0,2129.39,Other,1064.695,2129.39,107.0
525842,F,True,False,usa,jacksonville,LRF,44,0.0,1.0,2.0,1.0,1871.0,190.23,1.0,4.0,1.0,0,2.0,,3.0,2061.23,Other,687.0766666666667,2061.23,155.91666666666666
525920,M,False,False,usa,madison,MSN,45,1.0,2.0,2.0,2.0,3627.0,4120.08,2.0,3.25,1.0,0,3.0,,5.0,7747.08,Other,1549.416,3873.54,111.6
525975,F,True,False,usa,austin,AUS,45,0.0,0.0,4.0,1.0,887.7,1242.521,1.0,1.25,0.75,0,4.0,,4.0,2130.221,Other,532.55525,2130.221,177.54000000000002
525996,M,False,False,usa,winston-salem,INT,47,0.0,2.0,4.0,1.0,4036.85,1167.24,1.0,3.333333333333333,0.5,0,4.0,,6.0,5204.09,Other,867.3483333333334,5204.09,201.8425
526062,M,True,False,usa,montgomery,MXF,47,1.0,1.0,3.0,1.25,7138.6,1420.548,1.25,6.0,0.5,0,4.0,,5.0,8559.148000000001,Other,1711.8296000000003,6847.318400000001,190.36266666666666
526084,F,False,False,usa,new york,LGA,43,0.0,0.0,3.0,1.3333333333333333,640.0,2974.56,1.3333333333333333,1.3333333333333333,0.3333333333333333,0,3.0,,3.0,3614.56,Other,1204.8533333333332,2710.92,120.00000000000003
526102,F,True,False,usa,denver,DEN,49,1.0,1.0,3.0,1.75,4954.0,3502.5655,1.75,4.75,0.5,0,4.0,,5.0,8456.5655,Other,1691.3131,4832.3231428571435,119.19398496240602
526154,F,False,True,usa,new york,LGA,41,1.0,1.0,2.0,1.0,1158.0,473.29,1.0,3.0,0.0,0,3.0,,4.0,1631.29,Other,407.8225,1631.29,96.5
526174,F,False,False,usa,lubbock,LBB,53,0.0,1.0,1.0,1.0,1196.6,349.50499999999994,1.5,3.5,0.0,0,1.0,,2.0,1546.1049999999998,Other,773.0524999999999,1546.1049999999998,113.96190476190475
526239,F,True,True,usa,oakland,OAK,39,0.0,1.0,1.0,1.0,1512.0,628.62,1.0,10.0,1.0,0,1.0,,2.0,2140.62,Other,1070.31,2140.62,75.6
526258,F,True,False,canada,victoria,YYJ,58,0.0,0.0,3.0,1.0,1442.0,885.8800000000001,1.0,3.0,0.3333333333333333,0,3.0,,3.0,2327.88,Other,775.96,2327.88,160.22222222222223
526365,F,False,False,usa,nashville,BNA,31,0.0,0.0,3.0,2.0,2644.5,2884.733,2.0,3.333333333333333,1.0,0,3.0,,3.0,5529.233,Other,1843.0776666666668,2764.6165,132.22500000000002
526367,F,True,False,usa,birmingham,BHM,46,0.0,1.0,2.0,1.0,7930.0,656.17,1.0,11.333333333333334,1.0,0,2.0,,3.0,8586.17,Other,2862.056666666667,8586.17,233.23529411764707
526372,F,False,True,usa,colorado springs,COS,49,0.0,0.0,2.0,1.0,878.0,677.8,1.0,6.5,0.5,0,2.0,,2.0,1555.8,Other,777.9,1555.8,67.53846153846153
526378,F,False,True,canada,toronto,YKZ,50,1.0,1.0,3.0,1.0,1192.0,1260.4,1.0,3.25,0.75,0,4.0,,5.0,2452.4,Other,490.48,2452.4,73.35384615384615
526409,M,False,False,usa,riverside,RIV,55,1.0,0.0,3.0,1.0,873.0,1563.02,1.0,2.333333333333333,0.5,0,4.0,,4.0,2436.02,Other,609.005,2436.02,93.53571428571429
526443,F,True,True,usa,san jose,SJC,46,1.0,0.0,0.0,1.0,0.0,675.697,,,1.0,0,1.0,,1.0,675.697,Other,675.697,675.697,
526565,F,False,False,usa,little rock,LIT,31,0.0,1.0,2.0,1.5,1282.1999999999998,1128.383,1.3333333333333333,2.333333333333333,1.0,0,2.0,,3.0,2410.5829999999996,Other,803.5276666666665,1607.055333333333,137.37857142857143
526668,M,False,True,usa,san jose,SJC,40,0.0,0.0,3.0,1.0,601.0,1592.97,1.0,3.6666666666666665,0.3333333333333333,0,3.0,,3.0,2193.9700000000003,Other,731.3233333333334,2193.9700000000003,54.63636363636364
526711,F,False,False,usa,san francisco,SFO,36,0.0,0.0,2.0,1.0,214.4,713.778,1.0,2.5,0.0,0,2.0,,2.0,928.178,Other,464.089,928.178,42.88
526789,F,False,False,usa,baltimore,BWI,31,2.0,1.0,1.0,1.3333333333333333,913.6,1373.529,1.0,3.0,0.3333333333333333,0,3.0,,4.0,2287.129,Other,571.78225,1715.34675,76.13333333333334
526855,F,False,False,usa,los angeles,LAX,39,2.0,0.0,2.0,1.0,452.0,2672.88,1.0,3.0,0.25,0,3.0,,4.0,3124.88,Other,781.22,3124.88,37.666666666666664
526867,F,False,False,usa,des moines,DSM,52,0.0,0.0,4.0,1.0,799.7,1408.744,1.0,2.5,0.25,0,4.0,,4.0,2208.444,Other,552.111,2208.444,79.97
526901,F,True,False,usa,dallas,DAL,53,0.0,0.0,4.0,1.0,2315.0,1689.0445,1.0,3.25,0.5,0,3.0,,4.0,4004.0445,Other,1001.011125,4004.0445,178.07692307692307
526925,F,False,False,usa,madison,MSN,19,0.0,3.0,0.0,,6054.0,0.0,1.0,8.666666666666666,,0,0.0,,3.0,6054.0,Other,2018.0,,232.84615384615387
526950,F,True,False,usa,akron,AKR,32,0.0,1.0,2.0,1.0,6812.0,406.97,1.3333333333333333,9.666666666666666,0.5,0,2.0,,3.0,7218.97,Other,2406.3233333333333,7218.97,176.17241379310346
526959,F,False,False,usa,seattle,SEA,45,0.0,0.0,3.0,1.3333333333333333,614.0,3833.59,1.3333333333333333,3.0,1.0,0,3.0,,3.0,4447.59,Other,1482.53,3335.6925,51.166666666666664
527082,M,False,False,usa,el paso,BIF,41,0.0,1.0,2.0,1.0,1466.4,415.51,1.0,3.6666666666666665,1.0,0,2.0,,3.0,1881.91,Other,627.3033333333334,1881.91,133.3090909090909
527109,F,True,False,usa,austin,AUS,47,1.0,0.0,3.0,1.0,3618.0,1151.92,1.0,5.0,0.5,0,4.0,,4.0,4769.92,Other,1192.48,4769.92,180.9
527142,F,False,False,usa,jacksonville,NZC,37,0.0,0.0,6.0,1.0,2999.25,2117.52,1.0,2.833333333333333,0.5,0,5.0,,6.0,5116.77,Other,852.7950000000001,5116.77,176.4264705882353
527150,F,False,False,usa,indianapolis,IND,34,0.0,0.0,3.0,1.0,1384.0,1198.07,1.0,3.333333333333333,0.3333333333333333,0,3.0,,3.0,2582.0699999999997,Other,860.6899999999999,2582.0699999999997,138.4
527187,M,False,True,usa,brownsville,BRO,33,0.0,0.0,3.0,1.0,1627.8,795.31,1.0,3.333333333333333,0.6666666666666666,0,3.0,,3.0,2423.1099999999997,Other,807.7033333333333,2423.1099999999997,162.78000000000003
527280,F,False,False,usa,norfolk,ORF,50,1.0,1.0,0.0,1.0,820.0,610.3,1.0,4.0,1.0,0,1.0,,2.0,1430.3,Other,715.15,1430.3,102.5
527321,F,False,False,canada,halifax,YHZ,19,0.0,1.0,0.0,,340.0,0.0,1.0,5.0,,0,0.0,,1.0,340.0,Other,340.0,,68.0
527359,F,True,True,usa,fort worth,FTW,38,0.0,0.0,1.0,1.0,414.0,460.36,1.0,3.0,1.0,0,1.0,,1.0,874.36,Other,874.36,874.36,138.0
527393,F,False,False,canada,winnipeg,YWG,34,0.0,0.0,2.0,1.0,971.0,626.06,1.0,2.5,0.5,0,2.0,,2.0,1597.06,Other,798.53,1597.06,194.2
527452,M,False,False,usa,new orleans,MSY,45,0.0,0.0,2.0,2.0,2033.6,2511.303,2.0,4.5,0.0,0,2.0,,2.0,4544.903,Other,2272.4515,2272.4515,112.97777777777777
527470,F,False,True,usa,wichita,IAB,33,0.0,1.0,1.0,1.0,2436.0,320.44,1.5,9.5,1.0,0,1.0,,2.0,2756.44,Other,1378.22,2756.44,85.47368421052632
527508,F,True,False,usa,san antonio,SAT,56,1.0,0.0,2.0,1.0,1585.0,1107.73,1.0,4.0,1.0,0,3.0,,3.0,2692.73,Other,897.5766666666667,2692.73,132.08333333333334
527560,F,False,True,usa,winston-salem,INT,56,0.0,2.0,0.0,,1318.0,0.0,1.0,5.5,,0,0.0,,2.0,1318.0,Other,659.0,,119.81818181818181
527690,F,False,False,usa,long beach,LGB,32,1.0,1.0,2.0,1.0,1817.0,1522.72,1.0,2.6666666666666665,0.6666666666666666,0,2.0,,4.0,3339.7200000000003,Other,834.9300000000001,3339.7200000000003,170.34375
527726,F,True,True,usa,charlotte,CLT,50,2.0,0.0,0.0,1.0,0.0,945.538,,,0.5,0,2.0,,2.0,945.538,Other,472.769,945.538,
527928,M,True,False,usa,omaha,OFF,37,0.0,0.0,2.0,1.5,1236.0,1642.77,1.5,2.5,0.5,0,2.0,,2.0,2878.77,Other,1439.385,1919.18,164.8
527995,F,True,True,usa,nashville,BNA,54,1.0,1.0,1.0,1.0,699.8000000000001,955.49,1.0,2.5,1.0,0,2.0,,3.0,1655.29,Other,551.7633333333333,1655.29,93.30666666666667
528020,F,True,False,usa,laredo,LRD,53,0.0,0.0,4.0,1.0,3098.0,1626.77,1.0,5.25,0.5,0,4.0,,4.0,4724.77,Other,1181.1925,4724.77,147.52380952380952
528028,F,True,False,usa,long beach,LGB,41,2.0,0.0,2.0,1.25,4803.0,3767.9425,1.5,4.5,0.5,0,4.0,,4.0,8570.942500000001,Other,2142.7356250000003,6856.754000000001,177.88888888888889
528046,F,False,False,usa,long beach,LGB,37,1.0,0.0,1.0,1.5,596.0,1918.791,1.0,4.0,0.0,0,2.0,,2.0,2514.791,Other,1257.3955,1676.5273333333334,74.5
528179,F,True,True,usa,columbus,LCK,35,0.0,2.0,0.0,,3975.0,0.0,1.5,10.5,,0,0.0,,2.0,3975.0,Other,1987.5,,126.19047619047619
528244,F,False,False,usa,omaha,OMA,34,0.0,0.0,2.0,1.0,1335.0,465.81000000000006,1.0,3.0,0.5,0,2.0,,2.0,1800.81,Other,900.405,1800.81,222.5
528248,F,False,False,usa,tampa,TPA,34,0.0,1.0,2.0,1.0,1437.7,671.76,1.6666666666666667,2.333333333333333,1.0,0,2.0,,3.0,2109.46,Other,703.1533333333333,2109.46,123.2314285714286
528281,F,False,False,canada,calgary,YYC,54,0.0,2.0,3.0,1.6666666666666667,4442.5,3354.771,1.6,4.0,0.3333333333333333,0,3.0,,5.0,7797.271000000001,Other,1559.4542000000001,4678.3626,138.828125
528322,F,True,False,canada,toronto,YZD,52,1.0,0.0,3.0,1.0,3269.0,1342.48,1.0,4.0,0.25,0,3.0,,4.0,4611.48,Other,1152.87,4611.48,204.3125
528378,M,False,False,canada,calgary,YYC,44,0.0,0.0,1.0,1.0,376.0,363.06,1.0,4.0,1.0,0,1.0,,1.0,739.06,Other,739.06,739.06,94.0
528490,M,False,False,usa,san diego,NZY,45,0.0,0.0,4.0,1.25,1348.7,3920.0305,1.25,2.25,0.25,0,4.0,,4.0,5268.7305,Other,1317.182625,4214.984399999999,119.88444444444445
528580,F,True,False,usa,new york,JFK,50,1.0,1.0,1.0,1.5,2473.4,3103.0,1.5,6.0,1.0,0,2.0,,3.0,5576.4,Other,1858.8,3717.6,91.60740740740742
528661,M,False,False,usa,corpus christi,CRP,42,0.0,0.0,2.0,1.0,674.0,641.37,1.0,2.5,0.5,0,2.0,,2.0,1315.37,Other,657.685,1315.37,134.8
528706,F,True,False,usa,new york,JFK,49,0.0,0.0,2.0,1.0,154.0,1084.513,1.0,1.0,1.0,0,2.0,,2.0,1238.513,Other,619.2565,1238.513,77.0
528735,F,True,True,usa,tulsa,TUL,51,0.0,0.0,2.0,1.5,1543.0,1251.55,1.5,3.0,0.0,0,2.0,,2.0,2794.55,Other,1397.275,1863.0333333333335,171.44444444444446
528828,F,False,False,usa,san francisco,SFO,44,2.0,1.0,2.0,1.0,1535.0,2107.432,1.3333333333333333,3.0,0.75,0,4.0,,5.0,3642.432,Other,728.4864,3642.432,76.75
528829,F,False,False,usa,shreveport,BAD,30,0.0,2.0,2.0,1.0,8423.0,789.74,1.25,7.0,0.5,0,2.0,,4.0,9212.74,Other,2303.185,9212.74,240.65714285714284
528967,F,False,False,usa,nashville,BNA,21,0.0,1.0,2.0,2.0,1372.0,2112.564,2.0,2.333333333333333,1.0,0,2.0,,3.0,3484.564,Other,1161.5213333333334,1742.282,98.00000000000001
529019,F,True,False,usa,philadelphia,PNE,50,2.0,0.0,3.0,1.2,1665.0,11155.918500000002,1.0,5.666666666666667,1.0,0,4.0,,5.0,12820.918500000002,Other,2564.1837000000005,10684.098750000001,58.764705882352935
529023,F,True,True,usa,honolulu,HNL,39,0.0,0.0,2.0,1.0,883.0,2180.17,1.0,2.5,0.5,0,2.0,,2.0,3063.17,Other,1531.585,3063.17,176.6
529332,F,False,False,usa,los angeles,LAX,35,0.0,0.0,3.0,1.0,1124.0,1982.64,1.0,3.333333333333333,0.3333333333333333,0,2.0,,3.0,3106.6400000000003,Other,1035.5466666666669,3106.6400000000003,112.40000000000002
529338,O,False,False,usa,new york,LGA,43,0.0,0.0,5.0,1.4,2289.4,5353.889999999999,1.4,1.4,0.6,0,5.0,,5.0,7643.289999999999,Other,1528.658,5459.492857142857,233.61224489795921
529406,F,False,False,usa,new york,LGA,42,0.0,0.0,4.0,1.0,1318.0,1057.08,1.0,2.75,0.75,0,4.0,,4.0,2375.08,Other,593.77,2375.08,119.81818181818181
529422,F,True,False,usa,baltimore,BWI,58,1.0,0.0,1.0,2.0,489.0,2355.27,1.0,3.0,1.0,0,2.0,,2.0,2844.27,Other,1422.135,1422.135,81.5
529424,M,True,True,usa,rochester,ROC,52,1.0,0.0,2.0,1.0,1470.0,668.826,1.0,4.5,0.3333333333333333,0,2.0,,3.0,2138.826,Other,712.942,2138.826,108.88888888888889
529428,F,False,True,usa,newport news,PHF,46,0.0,1.0,1.0,1.0,600.0,79.15,1.0,4.0,1.0,0,1.0,,2.0,679.15,Other,339.575,679.15,75.0
529768,M,True,False,usa,los angeles,LAX,45,1.0,0.0,3.0,1.0,757.0,1926.814,1.0,2.333333333333333,0.25,0,3.0,,4.0,2683.8140000000003,Other,670.9535000000001,2683.8140000000003,81.10714285714286
529879,F,False,False,usa,philadelphia,PNE,40,0.0,0.0,4.0,1.0,1301.0,1222.38,1.0,2.75,0.75,0,4.0,,4.0,2523.38,Other,630.845,2523.38,118.27272727272727
529887,F,False,True,usa,houston,IAH,41,0.0,0.0,1.0,1.0,118.0,590.21,1.0,1.0,1.0,0,1.0,,1.0,708.21,Other,708.21,708.21,118.0
530039,F,False,False,canada,ottawa,YOW,44,1.0,0.0,3.0,1.5,3812.0,2984.7,1.6666666666666667,2.6666666666666665,0.5,0,4.0,,4.0,6796.7,Other,1699.175,4531.133333333333,214.42499999999998
530118,F,False,False,usa,indianapolis,IND,45,0.0,0.0,5.0,1.0,1418.0,1160.7495,1.0,1.4,1.0,0,4.0,,5.0,2578.7495,Other,515.7499,2578.7495,202.5714285714286
530240,F,False,True,usa,san antonio,SKF,48,0.0,0.0,2.0,1.5,1959.0,2057.958,1.5,3.5,1.0,0,2.0,,2.0,4016.958,Other,2008.479,2677.972,186.57142857142858
530282,F,False,False,usa,chicago,MDW,40,1.0,1.0,3.0,1.0,1539.0,724.47,1.25,3.75,0.25,0,3.0,,5.0,2263.4700000000003,Other,452.6940000000001,2263.4700000000003,65.664
530298,F,False,True,canada,winnipeg,YWG,38,0.0,1.0,2.0,1.0,1451.6,657.7755,1.3333333333333333,3.0,0.0,0,2.0,,3.0,2109.3755,Other,703.1251666666667,2109.3755,120.96666666666665
530315,M,False,False,usa,san antonio,SAT,58,0.0,0.0,2.0,1.0,419.1,753.15,1.0,2.5,0.5,0,1.0,,2.0,1172.25,Other,586.125,1172.25,83.82000000000001
530329,F,True,True,usa,sacramento,MHR,54,1.0,0.0,0.0,1.0,0.0,494.053,,,1.0,0,1.0,,1.0,494.053,Other,494.053,494.053,
530365,F,True,False,usa,san antonio,RND,53,0.0,0.0,2.0,1.0,581.0,377.259,1.0,3.0,0.5,0,2.0,,2.0,958.259,Other,479.1295,958.259,96.83333333333333
530374,F,True,False,usa,burlington,BTV,35,0.0,0.0,2.0,1.0,928.2,534.95,1.0,3.5,0.5,0,2.0,,2.0,1463.15,Other,731.575,1463.15,132.6
530427,M,False,False,usa,seattle,SEA,47,0.0,1.0,2.0,1.0,1399.7,1270.67,1.3333333333333333,3.0,1.0,0,2.0,,3.0,2670.37,Other,890.1233333333333,2670.37,116.64166666666667
530585,F,False,False,usa,new york,LGA,49,0.0,1.0,3.0,1.0,696.0,1078.21,1.0,2.5,0.6666666666666666,0,3.0,,4.0,1774.21,Other,443.5525,1774.21,69.6
530607,M,False,False,canada,hamilton,YHM,30,0.0,0.0,2.0,1.0,1045.0,695.36,1.0,2.5,0.5,0,2.0,,2.0,1740.3600000000001,Other,870.1800000000001,1740.3600000000001,209.0
530666,F,False,False,usa,las vegas,LAS,32,1.0,0.0,1.0,1.0,113.0,783.23,1.0,1.0,1.0,0,2.0,,2.0,896.23,Other,448.115,896.23,56.5
530687,F,True,True,usa,lubbock,LBB,52,0.0,0.0,4.0,1.5,1789.8,3116.245,1.5,2.25,0.5,0,3.0,,4.0,4906.045,Other,1226.51125,3270.6966666666667,132.57777777777778
530719,F,False,False,usa,baltimore,BWI,51,0.0,0.0,4.0,1.0,1120.6,589.8505,1.0,2.0,0.75,0,4.0,,4.0,1710.4505,Other,427.612625,1710.4505,140.075
530773,F,True,True,canada,calgary,YYC,47,1.0,0.0,2.0,1.3333333333333333,5428.0,2434.8160000000003,1.5,6.5,0.6666666666666666,0,3.0,,3.0,7862.816000000001,Other,2620.938666666667,5897.112000000001,185.57264957264957
530775,F,True,False,usa,new york,JFK,52,1.0,0.0,2.0,1.0,731.2,1741.65,1.0,3.0,1.0,0,3.0,,3.0,2472.8500000000004,Other,824.2833333333334,2472.8500000000004,81.24444444444445
530810,F,True,False,canada,montreal,YMX,41,0.0,0.0,3.0,1.0,1452.0,1068.52,1.0,2.333333333333333,0.3333333333333333,0,3.0,,3.0,2520.52,Other,840.1733333333333,2520.52,207.42857142857144
530833,F,True,True,usa,houston,IAH,50,0.0,1.0,1.0,1.0,1332.0,393.98,1.0,6.0,1.0,0,1.0,,2.0,1725.98,Other,862.99,1725.98,111.0
530881,F,False,True,usa,jacksonville,NCA,39,0.0,0.0,4.0,1.0,1767.0,1205.82,1.0,3.0,0.25,0,4.0,,4.0,2972.8199999999997,Other,743.2049999999999,2972.8199999999997,147.25
531073,F,False,False,usa,phoenix,LUF,34,1.0,1.0,2.0,1.0,1627.0,1149.43,1.3333333333333333,3.333333333333333,0.3333333333333333,0,3.0,,4.0,2776.4300000000003,Other,694.1075000000001,2776.4300000000003,91.51875000000001
531447,F,True,False,usa,newport news,PHF,58,1.0,0.0,4.0,1.0,2088.0,2940.082,1.0,2.5,0.2,0,5.0,,5.0,5028.082,Other,1005.6164000000001,5028.082,167.04000000000002
531456,F,False,False,canada,vancouver,YVR,21,0.0,2.0,0.0,,928.0,0.0,2.0,2.5,,0,0.0,,2.0,928.0,Other,464.0,,92.8
531467,F,False,False,usa,san antonio,RND,36,1.0,0.0,4.0,1.4,4594.2,4578.22,1.5,4.25,0.2,0,5.0,,5.0,9172.42,Other,1834.484,6551.728571428572,144.13176470588235
531568,F,False,False,usa,austin,AUS,43,0.0,1.0,4.0,1.5,1772.0,3591.1105,1.4,2.0,0.25,0,4.0,,5.0,5363.1105,Other,1072.6221,3575.4069999999997,126.57142857142857
531615,F,False,True,usa,oakland,OAK,22,1.0,0.0,0.0,1.0,0.0,406.27,,,0.0,0,1.0,,1.0,406.27,Other,406.27,406.27,
531670,F,True,False,usa,los angeles,LAX,58,0.0,1.0,2.0,1.0,3740.0,988.05,1.0,6.666666666666667,0.0,0,2.0,,3.0,4728.05,Other,1576.0166666666667,4728.05,187.0
531744,F,True,False,usa,columbus,CMH,55,0.0,1.0,4.0,1.0,1344.0,1054.79,1.0,2.6,0.5,0,4.0,,5.0,2398.79,Other,479.758,2398.79,103.38461538461539
531807,F,False,False,usa,phoenix,LUF,39,0.0,0.0,3.0,1.0,934.0,1590.5300000000002,1.0,2.6666666666666665,0.3333333333333333,0,3.0,,3.0,2524.53,Other,841.5100000000001,2524.53,116.75
531921,F,False,False,canada,saskatoon,YXE,48,0.0,1.0,1.0,1.0,1071.0,122.54,1.0,4.5,1.0,0,1.0,,2.0,1193.54,Other,596.77,1193.54,119.0
531926,F,False,False,usa,san diego,NZY,30,2.0,0.0,0.0,2.0,0.0,5143.253,,,0.5,0,2.0,,2.0,5143.253,Other,2571.6265,2571.6265,
531931,F,False,False,usa,san jose,SJC,42,0.0,0.0,2.0,1.5,985.0,3353.26,1.5,2.5,0.5,0,2.0,,2.0,4338.26,Other,2169.13,2892.1733333333336,131.33333333333331
531959,F,False,False,usa,oakland,OAK,33,1.0,2.0,1.0,1.5,8206.0,3253.21,2.0,10.0,0.5,0,2.0,,4.0,11459.21,Other,2864.8025,7639.473333333332,102.575
532101,F,False,False,usa,oakland,OAK,28,0.0,1.0,0.0,,4738.0,0.0,1.0,23.0,,0,0.0,,1.0,4738.0,Other,4738.0,,206.0
532119,F,True,False,canada,toronto,YTZ,54,1.0,0.0,5.0,1.5,2974.0,7883.780000000001,1.0,3.8,0.1666666666666666,0,5.0,,6.0,10857.78,Other,1809.63,7238.52,130.43859649122808
532279,F,False,False,usa,el paso,ELP,19,0.0,1.0,0.0,,4992.0,0.0,2.0,12.0,,0,0.0,,1.0,4992.0,Other,4992.0,,208.0
532312,F,True,False,usa,kansas city,MCI,47,0.0,0.0,3.0,1.0,444.4,454.244,1.0,1.3333333333333333,1.0,0,3.0,,3.0,898.644,Other,299.548,898.644,111.1
532387,F,False,False,usa,denver,DEN,40,0.0,0.0,3.0,1.0,2375.0,1112.69,1.0,5.333333333333333,0.6666666666666666,0,3.0,,3.0,3487.69,Other,1162.5633333333333,3487.69,148.4375
532433,F,False,True,usa,portland,PDX,33,0.0,1.0,2.0,1.5,1398.3,1884.69,1.3333333333333333,3.333333333333333,0.5,0,2.0,,3.0,3282.99,Other,1094.33,2188.66,104.8725
532500,F,False,True,canada,winnipeg,YWG,41,1.0,0.0,3.0,1.25,2739.05,9674.89,1.0,3.0,0.5,0,4.0,,4.0,12413.939999999999,Other,3103.4849999999997,9931.151999999998,228.2541666666667
532653,F,False,False,usa,los angeles,LAX,50,0.0,0.0,4.0,1.25,3030.9,4602.55,1.25,5.5,0.0,0,4.0,,4.0,7633.450000000001,Other,1908.3625000000002,6106.76,110.21454545454547
532656,F,False,False,usa,reno,RNO,35,0.0,0.0,2.0,1.0,392.0,1346.607,1.0,1.0,1.0,0,2.0,,2.0,1738.607,Other,869.3035,1738.607,196.0
532705,F,True,False,canada,halifax,YHZ,44,0.0,1.0,1.0,1.0,540.0,647.94,1.0,4.0,0.0,0,1.0,,2.0,1187.94,Other,593.97,1187.94,67.5
532835,M,False,True,canada,vancouver,YVR,45,1.0,1.0,0.0,1.0,273.0,630.46,1.0,3.0,1.0,0,1.0,,2.0,903.46,Other,451.73,903.46,45.5
532843,F,True,False,canada,windsor,YQG,42,0.0,1.0,2.0,1.0,1379.3,848.2,1.0,3.0,0.0,0,2.0,,3.0,2227.5,Other,742.5,2227.5,153.25555555555556
533048,M,True,True,usa,chicago,ORD,50,0.0,1.0,0.0,,435.2,0.0,2.0,2.0,,0,0.0,,1.0,435.2,Other,435.2,,108.8
533123,M,False,True,canada,edmonton,YED,43,1.0,0.0,1.0,1.0,531.0,534.77,1.0,3.0,0.5,0,2.0,,2.0,1065.77,Other,532.885,1065.77,88.5
533211,M,False,True,usa,austin,AUS,55,1.0,0.0,3.0,1.0,3278.0,1538.31,1.0,5.0,0.5,0,3.0,,4.0,4816.3099999999995,Other,1204.0774999999999,4816.3099999999995,163.9
533283,F,False,False,usa,orlando,ORL,54,1.0,0.0,3.0,1.75,719.0,4380.42,2.0,1.3333333333333333,0.5,0,4.0,,4.0,5099.42,Other,1274.855,2913.9542857142856,67.40625
533302,F,False,False,usa,corpus christi,CRP,43,0.0,1.0,2.0,1.0,1145.15,716.782,1.0,3.0,0.0,0,2.0,,3.0,1861.9320000000002,Other,620.6440000000001,1861.9320000000002,127.2388888888889
533357,M,False,False,usa,san francisco,SFO,43,1.0,1.0,3.0,1.0,898.6,2164.0,1.0,2.25,0.5,0,4.0,,5.0,3062.6,Other,612.52,3062.6,79.87555555555555
533378,F,True,True,usa,long beach,LGB,42,1.0,0.0,2.0,1.0,1256.0,1172.2335,1.0,5.5,1.0,0,3.0,,3.0,2428.2335000000003,Other,809.4111666666668,2428.2335000000003,76.12121212121212
533402,F,False,False,usa,chicago,UGN,31,1.0,1.0,1.0,1.0,3111.0,455.51,1.0,8.0,1.0,0,2.0,,3.0,3566.51,Other,1188.8366666666668,3566.51,129.625
533464,F,True,True,usa,washington,DCA,59,1.0,0.0,1.0,1.0,120.0,907.21,1.0,1.0,1.0,0,2.0,,2.0,1027.21,Other,513.605,1027.21,60.0
533490,F,False,False,usa,baltimore,BWI,42,1.0,0.0,3.0,1.0,1701.0,955.252,1.0,4.0,0.25,0,3.0,,4.0,2656.252,Other,664.063,2656.252,106.3125
533497,F,False,False,usa,madison,MSN,38,2.0,0.0,3.0,1.0,1026.4,1856.085,1.0,1.6666666666666667,0.6,0,5.0,,5.0,2882.485,Other,576.4970000000001,2882.485,123.168
533518,F,True,False,usa,los angeles,LAX,53,0.0,0.0,3.0,1.6666666666666667,3140.5,6738.94,1.6666666666666667,3.6666666666666665,0.3333333333333333,0,2.0,,3.0,9879.439999999999,Other,3293.146666666666,5927.663999999999,171.29999999999998
533542,F,True,False,usa,las vegas,LAS,49,1.0,0.0,4.0,1.4,3229.0,3996.5495,1.25,2.5,0.8,0,5.0,,5.0,7225.5495,Other,1445.1099,5161.106785714286,206.656
533617,F,True,True,usa,dallas,DAL,48,0.0,0.0,3.0,1.0,1310.0,1279.09,1.0,3.6666666666666665,0.6666666666666666,0,3.0,,3.0,2589.09,Other,863.0300000000001,2589.09,119.09090909090911
533759,F,True,True,usa,louisville,LOU,47,0.0,1.0,2.0,1.0,4779.0,465.97,1.0,9.666666666666666,0.5,0,2.0,,3.0,5244.97,Other,1748.3233333333335,5244.97,164.79310344827587
533827,F,False,False,canada,edmonton,YXD,51,0.0,1.0,0.0,,512.0,0.0,1.0,8.0,,0,0.0,,1.0,512.0,Other,512.0,,64.0
533846,F,True,False,usa,chicago,UGN,37,1.0,1.0,1.0,1.0,1249.0,669.3299999999999,1.0,3.5,1.0,0,2.0,,3.0,1918.33,Other,639.4433333333333,1918.33,118.95238095238095
533859,F,True,False,canada,edmonton,YED,59,0.0,0.0,4.0,1.25,2328.0,3229.8724999999995,1.25,4.5,0.5,0,4.0,,4.0,5557.8724999999995,Other,1389.4681249999999,4446.298,103.46666666666667
533985,F,False,False,usa,los angeles,LAX,35,1.0,0.0,1.0,1.5,1576.0,2287.58,2.0,4.0,1.0,0,2.0,,2.0,3863.58,Other,1931.79,2575.72,98.5
534179,F,True,False,usa,san francisco,SFO,42,0.0,1.0,3.0,1.0,1895.4,1015.0,1.0,3.75,0.6666666666666666,0,2.0,,4.0,2910.4,Other,727.6,2910.4,126.36
534190,M,True,True,canada,windsor,YQG,40,0.0,1.0,1.0,1.0,1724.0,136.34,1.0,6.0,0.0,0,1.0,,2.0,1860.34,Other,930.17,1860.34,143.66666666666666
534360,F,False,True,canada,montreal,YUL,44,1.0,0.0,4.0,1.2,1366.25,2973.516,1.0,2.5,0.2,0,4.0,,5.0,4339.766,Other,867.9531999999999,3616.4716666666664,109.3
534474,M,False,False,usa,stockton,SCK,46,1.0,0.0,3.0,1.0,5350.0,2210.17,1.0,12.333333333333334,0.75,0,4.0,,4.0,7560.17,Other,1890.0425,7560.17,108.44594594594594
534608,F,True,False,usa,baton rouge,BTR,39,0.0,0.0,4.0,1.0,754.0,1380.1135,1.0,1.75,0.75,0,4.0,,4.0,2134.1135,Other,533.528375,2134.1135,107.71428571428571
534661,F,False,True,usa,austin,AUS,20,0.0,1.0,0.0,,1039.5,0.0,1.0,7.0,,0,0.0,,1.0,1039.5,Other,1039.5,,148.5
534747,F,False,False,usa,san jose,SJC,39,0.0,1.0,3.0,1.0,834.0,1097.943,1.25,2.25,0.3333333333333333,0,3.0,,4.0,1931.943,Other,482.98575,1931.943,74.13333333333334
534825,F,False,True,canada,toronto,YKZ,31,1.0,0.0,0.0,1.0,0.0,97.51,,,0.0,0,1.0,,1.0,97.51,Other,97.51,97.51,
535051,F,True,False,usa,new york,LGA,51,0.0,1.0,3.0,1.0,2608.1,1302.49,1.0,5.0,0.3333333333333333,0,3.0,,4.0,3910.59,Other,977.6475,3910.59,130.405
535063,F,False,False,usa,los angeles,LAX,40,0.0,1.0,3.0,1.3333333333333333,1557.2,2535.1855,1.25,2.75,0.6666666666666666,0,3.0,,4.0,4092.3855000000003,Other,1023.0963750000001,3069.2891250000002,113.25090909090909
535229,M,False,False,usa,new york,LGA,43,0.0,0.0,3.0,1.0,2078.35,867.3785,1.0,4.333333333333333,0.0,0,3.0,,3.0,2945.7285,Other,981.9095000000001,2945.7285,159.87307692307692
535311,F,True,True,usa,houston,IAH,44,1.0,0.0,1.0,1.0,2223.0,753.1700000000001,1.0,9.0,0.0,0,2.0,,2.0,2976.17,Other,1488.085,2976.17,123.5
535341,F,True,False,usa,tulsa,TUL,49,0.0,0.0,3.0,1.6666666666666667,2559.0,1897.3,1.6666666666666667,5.666666666666667,0.0,0,3.0,,3.0,4456.3,Other,1485.4333333333334,2673.78,90.31764705882351
535398,M,False,False,usa,omaha,OFF,42,0.0,0.0,3.0,1.3333333333333333,1650.0,1263.9,1.3333333333333333,3.6666666666666665,0.6666666666666666,0,3.0,,3.0,2913.9,Other,971.3000000000001,2185.425,112.5
535459,M,False,False,usa,lincoln,LNK,30,1.0,1.0,2.0,1.0,1437.0,637.178,1.0,2.6666666666666665,0.0,0,3.0,,4.0,2074.178,Other,518.5445,2074.178,134.71875
535553,F,False,False,canada,london,YXU,42,0.0,0.0,2.0,1.0,1012.0,708.37,1.0,4.0,0.5,0,2.0,,2.0,1720.37,Other,860.185,1720.37,126.5
535610,F,True,False,usa,kansas city,MCI,39,0.0,1.0,2.0,1.0,508.1,464.97,1.0,2.0,1.0,0,2.0,,3.0,973.07,Other,324.3566666666667,973.07,84.68333333333334
535625,F,False,True,canada,hamilton,YHM,31,1.0,0.0,4.0,1.0,1636.0,904.59,1.0,2.25,0.6,0,5.0,,5.0,2540.59,Other,508.11800000000005,2540.59,145.42222222222222
535706,F,False,True,usa,los angeles,LAX,57,0.0,0.0,1.0,1.0,153.0,187.062,1.0,1.0,1.0,0,1.0,,1.0,340.062,Other,340.062,340.062,153.0
535746,F,True,False,usa,new orleans,MSY,45,0.0,1.0,2.0,1.0,1804.0,826.174,1.0,4.333333333333333,1.0,0,2.0,,3.0,2630.174,Other,876.7246666666666,2630.174,138.76923076923077
535791,F,True,False,usa,orlando,MCO,43,0.0,0.0,2.0,2.0,1750.0,2566.135,2.0,3.0,0.5,0,2.0,,2.0,4316.135,Other,2158.0675,2158.0675,145.83333333333334
535885,F,True,False,usa,new york,JFK,47,0.0,2.0,1.0,1.0,4828.0,66.3,1.3333333333333333,7.0,0.0,0,1.0,,3.0,4894.3,Other,1631.4333333333334,4894.3,172.42857142857142
535942,F,True,True,usa,boston,BOS,46,0.0,0.0,2.0,1.0,857.0,1362.52,1.0,3.5,0.5,0,2.0,,2.0,2219.52,Other,1109.76,2219.52,122.42857142857143
535983,F,False,True,usa,honolulu,HNL,53,1.0,0.0,0.0,1.0,0.0,1301.14,,,1.0,0,1.0,,1.0,1301.14,Other,1301.14,1301.14,
536016,F,True,True,usa,oakland,OAK,37,1.0,0.0,1.0,1.5,2016.0,2411.66,2.0,7.0,0.0,0,1.0,,2.0,4427.66,Other,2213.83,2951.773333333333,72.0
536034,F,True,True,canada,halifax,YAW,57,0.0,1.0,1.0,1.0,2349.0,649.73,1.0,5.0,0.0,0,1.0,,2.0,2998.73,Other,1499.365,2998.73,234.9
536066,F,False,False,usa,rochester,ROC,44,0.0,0.0,3.0,1.3333333333333333,1463.0,1305.17,1.3333333333333333,2.333333333333333,0.3333333333333333,0,3.0,,3.0,2768.17,Other,922.7233333333334,2076.1275,156.75000000000006
536228,F,False,False,usa,orlando,ORL,19,0.0,1.0,0.0,,1376.0,0.0,2.0,8.0,,0,0.0,,1.0,1376.0,Other,1376.0,,86.0
536229,M,False,True,usa,sacramento,MCC,46,1.0,1.0,0.0,1.0,2912.0,130.49200000000002,2.0,14.0,0.0,0,1.0,,2.0,3042.492,Other,1521.246,3042.492,52.0
536387,F,False,False,usa,chicago,ORD,53,1.0,1.0,2.0,1.0,1436.0,2571.6980000000003,1.0,3.0,0.6666666666666666,0,3.0,,4.0,4007.6980000000003,Other,1001.9245000000001,4007.6980000000003,119.66666666666667
536467,F,True,False,usa,chicago,UGN,37,0.0,0.0,2.0,1.0,1338.0,583.28,1.0,3.5,0.5,0,2.0,,2.0,1921.28,Other,960.64,1921.28,191.14285714285714
536469,F,False,False,usa,cleveland,CLE,34,0.0,0.0,1.0,1.0,928.0,90.78,1.0,4.0,1.0,0,1.0,,1.0,1018.78,Other,1018.78,1018.78,232.0
536574,F,True,True,canada,calgary,YYC,54,0.0,1.0,3.0,1.0,3392.0,1123.4340000000002,1.0,4.5,0.6666666666666666,0,3.0,,4.0,4515.434,Other,1128.8585,4515.434,188.44444444444446
536622,F,False,False,usa,chicago,ORD,51,1.0,0.0,3.0,1.0,1013.0,1107.92,1.0,2.6666666666666665,0.5,0,4.0,,4.0,2120.92,Other,530.23,2120.92,94.96875
536672,F,False,True,usa,boston,BOS,36,1.0,0.0,4.0,1.2,2132.0,5622.056,1.25,2.75,0.0,0,5.0,,5.0,7754.056,Other,1550.8111999999999,6461.713333333333,124.04363636363637
536764,F,True,False,canada,montreal,YUL,55,1.0,0.0,4.0,1.0,2575.0,737.08,1.0,2.5,0.8,0,4.0,,5.0,3312.08,Other,662.4159999999999,3312.08,206.0
536782,F,True,True,canada,windsor,YQG,47,0.0,0.0,4.0,1.0,1381.0,958.925,1.0,2.75,0.5,0,4.0,,4.0,2339.925,Other,584.98125,2339.925,125.54545454545455
536951,F,False,False,canada,quebec,YQB,44,0.0,0.0,5.0,1.0,1056.0,1496.82,1.0,2.2,0.6,0,4.0,,5.0,2552.8199999999997,Other,510.56399999999996,2552.8199999999997,95.99999999999999
536995,F,False,False,canada,london,YXU,34,0.0,0.0,2.0,1.0,1974.0,1245.59,1.0,6.0,0.5,0,2.0,,2.0,3219.59,Other,1609.795,3219.59,164.5
537121,F,True,False,usa,san diego,SAN,56,1.0,0.0,0.0,1.0,0.0,586.88,,,1.0,0,1.0,,1.0,586.88,Other,586.88,586.88,
537586,F,False,True,usa,tallahassee,TLH,49,0.0,0.0,3.0,1.3333333333333333,1087.6,1386.35,1.3333333333333333,2.333333333333333,0.0,0,3.0,,3.0,2473.95,Other,824.65,1855.4624999999999,116.52857142857144
537659,F,False,True,usa,long beach,LGB,28,0.0,1.0,0.0,,286.0,0.0,1.0,2.0,,0,0.0,,1.0,286.0,Other,286.0,,143.0
537776,F,False,False,usa,houston,EFD,37,0.0,2.0,0.0,,2768.0,0.0,1.5,9.0,,0,0.0,,2.0,2768.0,Other,1384.0,,102.51851851851852
537922,F,True,False,canada,montreal,YUL,56,0.0,1.0,2.0,1.0,2486.0,774.56,1.0,6.666666666666667,1.0,0,2.0,,3.0,3260.56,Other,1086.8533333333332,3260.56,124.29999999999998
538084,M,False,False,usa,denver,DEN,58,0.0,1.0,4.0,1.25,4065.0,1888.45,1.2,3.0,0.0,0,4.0,,5.0,5953.45,Other,1190.69,4762.76,225.83333333333334
538112,F,True,False,usa,new york,LGA,53,0.0,0.0,2.0,1.0,1014.0,555.386,1.0,3.5,0.5,0,2.0,,2.0,1569.386,Other,784.693,1569.386,144.85714285714286
538260,F,False,False,usa,louisville,LOU,52,0.0,1.0,2.0,1.5,3897.0,1995.88,1.3333333333333333,4.666666666666667,1.0,0,2.0,,3.0,5892.88,Other,1964.2933333333333,3928.5866666666666,208.76785714285714
538279,O,False,False,usa,dallas,DAL,51,0.0,0.0,3.0,2.0,2390.65,7367.96,2.0,3.0,0.6666666666666666,0,3.0,,3.0,9758.61,Other,3252.8700000000003,4879.305,132.8138888888889
538319,F,False,False,usa,los angeles,LAX,40,0.0,0.0,3.0,1.3333333333333333,1886.4,4308.194,1.3333333333333333,2.333333333333333,1.0,0,3.0,,3.0,6194.594000000001,Other,2064.864666666667,4645.945500000001,202.11428571428578
538349,F,True,False,usa,birmingham,BHM,58,1.0,1.0,3.0,1.0,1903.7,1216.09,1.0,5.5,0.5,0,3.0,,5.0,3119.79,Other,623.958,3119.79,69.22545454545455
538432,F,True,False,usa,fort worth,FTW,50,0.0,0.0,4.0,1.25,1256.0,1691.48,1.25,2.25,0.75,0,4.0,,4.0,2947.48,Other,736.87,2357.984,111.64444444444445
538458,F,True,True,usa,cincinnati,LUK,54,1.0,0.0,3.0,1.25,1213.0,3259.4305,1.3333333333333333,2.6666666666666665,0.25,0,4.0,,4.0,4472.4305,Other,1118.107625,3577.9444000000003,85.2890625
538538,F,True,False,usa,spokane,SKA,54,0.0,0.0,3.0,1.3333333333333333,1108.0,3386.2175,1.3333333333333333,2.6666666666666665,0.6666666666666666,0,3.0,,3.0,4494.217500000001,Other,1498.0725000000002,3370.6631250000005,103.875
538608,F,False,True,usa,riverside,RAL,43,0.0,0.0,4.0,1.25,1351.0,2478.2435,1.25,2.5,0.75,0,4.0,,4.0,3829.2435,Other,957.310875,3063.3948,108.08
538680,F,True,False,usa,tulsa,TUL,43,1.0,0.0,2.0,1.0,217.0,662.4525,1.0,1.0,1.0,0,3.0,,3.0,879.4525,Other,293.1508333333333,879.4525,72.33333333333333
538944,F,True,False,usa,houston,HOU,54,1.0,0.0,4.0,1.0,2617.0,1919.1275,1.0,3.0,0.8,0,5.0,,5.0,4536.1275000000005,Other,907.2255000000001,4536.1275000000005,174.46666666666667
538976,F,False,False,usa,phoenix,PHX,51,0.0,2.0,3.0,1.0,2074.0,1693.01,1.0,2.4,0.6666666666666666,0,3.0,,5.0,3767.01,Other,753.402,3767.01,172.83333333333334
539209,M,True,False,usa,houston,IAH,50,1.0,0.0,3.0,1.25,1572.7,2273.6405,1.3333333333333333,2.333333333333333,1.0,0,4.0,,4.0,3846.3405000000002,Other,961.5851250000001,3077.0724,126.3776785714286
539283,F,True,False,usa,las vegas,LSV,55,0.0,1.0,1.0,1.0,1338.0,240.17,1.0,3.0,0.0,0,1.0,,2.0,1578.17,Other,789.085,1578.17,223.0
539304,F,False,False,usa,san jose,SJC,20,0.0,2.0,0.0,,2232.0,0.0,2.0,3.5,,0,0.0,,2.0,2232.0,Other,1116.0,,159.42857142857142
539338,F,False,False,usa,new york,LGA,40,1.0,0.0,2.0,1.0,687.0,1477.63,1.0,2.5,0.3333333333333333,0,3.0,,3.0,2164.63,Other,721.5433333333334,2164.63,91.6
539453,F,False,True,usa,philadelphia,PNE,20,0.0,1.0,0.0,,1024.0,0.0,1.0,8.0,,0,0.0,,1.0,1024.0,Other,1024.0,,128.0
539460,M,False,False,canada,toronto,YTZ,50,0.0,0.0,3.0,1.0,358.0,919.68,1.0,1.0,1.0,0,3.0,,3.0,1277.6799999999998,Other,425.89333333333326,1277.6799999999998,119.33333333333333
539648,F,False,False,usa,new york,LGA,45,0.0,1.0,3.0,1.0,1880.0,868.57,1.0,3.0,1.0,0,3.0,,4.0,2748.57,Other,687.1425,2748.57,156.66666666666666
539729,F,False,False,usa,new orleans,MSY,37,0.0,0.0,1.0,2.0,1520.0,1357.94,2.0,8.0,0.0,0,1.0,,1.0,2877.94,Other,2877.94,1438.97,95.0
539782,F,True,False,usa,phoenix,LUF,39,1.0,0.0,0.0,1.0,0.0,93.97,,,1.0,0,1.0,,1.0,93.97,Other,93.97,93.97,
539794,M,True,True,usa,new york,LGA,44,0.0,0.0,4.0,1.0,3235.0,1256.84,1.0,3.75,0.5,0,4.0,,4.0,4491.84,Other,1122.96,4491.84,215.66666666666666
539855,F,False,False,usa,chicago,MDW,44,0.0,0.0,2.0,1.0,831.0,766.96,1.0,3.0,0.5,0,1.0,,2.0,1597.96,Other,798.98,1597.96,138.5
539864,F,False,False,usa,little rock,LIT,49,1.0,1.0,2.0,1.0,4508.0,756.588,1.3333333333333333,5.0,0.3333333333333333,0,3.0,,4.0,5264.588,Other,1316.147,5264.588,169.05
539888,F,False,False,usa,philadelphia,PNE,27,0.0,1.0,0.0,,1288.0,0.0,1.0,7.0,,0,0.0,,1.0,1288.0,Other,1288.0,,184.0
539912,F,True,False,usa,fresno,FAT,58,1.0,0.0,4.0,1.2,2160.0,3881.97,1.0,4.25,0.4,0,5.0,,5.0,6041.969999999999,Other,1208.3939999999998,5034.974999999999,101.6470588235294
539916,F,False,False,usa,jacksonville,LRF,40,1.0,1.0,1.0,1.5,1848.0,2308.717,1.0,9.5,0.5,0,2.0,,3.0,4156.717000000001,Other,1385.5723333333335,2771.144666666667,64.84210526315789
539953,M,True,True,usa,new york,LGA,38,0.0,0.0,2.0,1.0,920.0,593.39,1.0,2.5,0.0,0,2.0,,2.0,1513.3899999999999,Other,756.6949999999999,1513.3899999999999,184.0
540138,M,True,True,usa,miami,TNT,50,0.0,1.0,0.0,,988.2,0.0,1.0,6.0,,0,0.0,,1.0,988.2,Other,988.2,,164.70000000000002
540180,F,True,False,usa,los angeles,LAX,55,1.0,0.0,4.0,1.0,4269.0,2513.8885,1.0,5.5,0.6,0,5.0,,5.0,6782.8885,Other,1356.5777,6782.8885,155.23636363636362
540199,F,False,False,usa,shreveport,SHV,54,0.0,0.0,3.0,1.3333333333333333,798.8,2580.02,1.3333333333333333,2.333333333333333,0.3333333333333333,0,2.0,,3.0,3378.8199999999997,Other,1126.2733333333333,2534.115,85.58571428571429
540244,F,False,False,canada,montreal,YMX,40,1.0,0.0,3.0,1.0,1027.6,1697.5,1.0,2.0,1.0,0,3.0,,4.0,2725.1,Other,681.275,2725.1,128.45
540302,F,True,False,usa,louisville,LOU,58,1.0,1.0,3.0,1.75,2155.85,4131.5915,1.75,2.75,0.75,0,2.0,,5.0,6287.441500000001,Other,1257.4883000000002,3592.8237142857147,89.59376623376623
540306,F,False,False,canada,toronto,YTZ,32,0.0,0.0,3.0,1.0,961.5,1061.4,1.0,2.0,1.0,0,3.0,,3.0,2022.9,Other,674.3000000000001,2022.9,160.25
540319,F,True,True,usa,anchorage,MRI,53,2.0,0.0,1.0,1.0,73.0,2990.44,1.0,1.0,0.6666666666666666,0,3.0,,3.0,3063.44,Other,1021.1466666666666,3063.44,24.333333333333332
540348,F,True,True,usa,philadelphia,PHL,40,0.0,0.0,2.0,1.0,359.0,865.4099999999999,1.0,2.5,0.5,0,2.0,,2.0,1224.4099999999999,Other,612.2049999999999,1224.4099999999999,71.8
540455,F,False,False,usa,los angeles,LAX,36,0.0,0.0,2.0,1.0,1366.2,800.24,1.0,4.0,1.0,0,2.0,,2.0,2166.44,Other,1083.22,2166.44,170.775
540502,F,True,False,usa,denver,DEN,41,0.0,1.0,3.0,1.0,2377.0,833.39,1.0,4.75,0.3333333333333333,0,3.0,,4.0,3210.39,Other,802.5975,3210.39,125.10526315789474
540557,M,True,True,usa,detroit,DTW,55,0.0,1.0,3.0,1.3333333333333333,1206.2,1771.2139999999995,1.25,3.5,0.6666666666666666,0,2.0,,4.0,2977.4139999999998,Other,744.3534999999999,2233.0605,68.92571428571429
540580,F,True,True,usa,san antonio,SAT,48,1.0,1.0,2.0,1.0,1410.0,864.57,1.3333333333333333,2.333333333333333,0.6666666666666666,0,3.0,,4.0,2274.57,Other,568.6425,2274.57,113.30357142857144
540622,F,False,False,usa,chicago,ORD,49,0.0,0.0,3.0,1.0,2750.0,847.9195,1.0,5.333333333333333,0.3333333333333333,0,3.0,,3.0,3597.9195,Other,1199.3065,3597.9195,171.875
540654,F,False,True,usa,san antonio,SKF,51,0.0,0.0,4.0,1.5,2440.0,3663.42,1.5,2.75,0.5,0,4.0,,4.0,6103.42,Other,1525.855,4068.9466666666667,147.87878787878788
540656,F,True,False,canada,calgary,YYC,41,0.0,1.0,5.0,1.4,4344.6,5520.54,1.5,3.333333333333333,0.4,0,4.0,,6.0,9865.14,Other,1644.1899999999998,7046.528571428571,144.82000000000002
540664,F,True,True,canada,windsor,YQG,36,1.0,0.0,1.0,1.0,705.0,802.52,1.0,3.0,0.5,0,2.0,,2.0,1507.52,Other,753.76,1507.52,117.5
540718,F,True,False,usa,los angeles,LAX,43,1.0,1.0,1.0,1.0,2408.0,911.62,1.0,8.0,0.5,0,2.0,,3.0,3319.62,Other,1106.54,3319.62,100.33333333333333
540924,F,False,False,canada,ottawa,YOW,50,0.0,3.0,0.0,,4157.0,0.0,1.3333333333333333,9.333333333333334,,0,0.0,,3.0,4157.0,Other,1385.6666666666667,,111.3482142857143
541034,F,False,False,usa,san antonio,SAT,20,0.0,1.0,0.0,,1021.5,0.0,1.0,5.0,,0,0.0,,1.0,1021.5,Other,1021.5,,204.3
541061,F,False,True,usa,milwaukee,MKE,41,1.0,1.0,0.0,1.0,1544.0,178.34349999999998,4.0,2.0,1.0,0,1.0,,2.0,1722.3435,Other,861.17175,1722.3435,96.5
541150,F,False,False,usa,akron,AKR,36,0.0,1.0,2.0,1.0,2731.0,676.39,1.0,5.666666666666667,1.0,0,2.0,,3.0,3407.39,Other,1135.7966666666666,3407.39,160.64705882352942
541168,F,True,False,usa,los angeles,LAX,41,2.0,1.0,3.0,1.0,2033.0,1756.0259999999998,1.0,3.25,0.6,0,5.0,,6.0,3789.026,Other,631.5043333333333,3789.026,104.25641025641025
541176,F,False,True,usa,new york,LGA,42,0.0,0.0,3.0,1.0,1107.3,768.302,1.0,2.0,0.6666666666666666,0,3.0,,3.0,1875.6019999999999,Other,625.2006666666666,1875.6019999999999,184.54999999999998
541259,F,False,False,canada,edmonton,YXD,47,2.0,1.0,2.0,1.25,2568.8,2290.81,1.6666666666666667,3.6666666666666665,0.25,0,4.0,,5.0,4859.610000000001,Other,971.9220000000001,3887.6880000000006,84.06981818181818
541326,F,True,False,canada,london,YXU,47,1.0,0.0,1.0,1.0,413.0,554.804,1.0,7.0,0.0,0,2.0,,2.0,967.804,Other,483.902,967.804,29.5
541382,F,True,True,usa,new york,JFK,42,0.0,0.0,5.0,1.0,1468.6,1575.65,1.0,2.6,0.4,0,5.0,,5.0,3044.25,Other,608.85,3044.25,112.96923076923075
541389,F,False,False,usa,detroit,YIP,31,2.0,0.0,3.0,1.0,1068.0,2105.02,1.0,3.6666666666666665,0.8,0,4.0,,5.0,3173.02,Other,634.604,3173.02,58.25454545454546
541505,F,False,False,usa,los angeles,LAX,45,0.0,0.0,3.0,1.0,997.0,849.091,1.0,2.333333333333333,0.6666666666666666,0,3.0,,3.0,1846.091,Other,615.3636666666666,1846.091,142.42857142857144
541540,M,True,True,usa,san diego,NZY,54,1.0,0.0,3.0,1.5,2961.0,2159.779,1.6666666666666667,5.0,0.75,0,4.0,,4.0,5120.779,Other,1280.19475,3413.852666666667,88.83
541649,F,False,False,usa,houston,HOU,39,0.0,0.0,6.0,1.3333333333333333,2182.6,5028.2945,1.3333333333333333,1.3333333333333333,0.3333333333333333,0,5.0,,6.0,7210.8945,Other,1201.81575,5408.170875000001,204.61875
541672,F,True,False,usa,austin,AUS,46,0.0,0.0,4.0,1.25,2035.0,3177.7,1.25,2.5,0.5,0,3.0,,4.0,5212.7,Other,1303.175,4170.16,162.8
541699,F,True,False,usa,modesto,MOD,48,3.0,1.0,2.0,1.4,10211.3,6573.26,2.0,7.333333333333333,0.0,0,5.0,,6.0,16784.559999999998,Other,2797.4266666666663,11988.971428571427,116.0375
541734,F,False,False,usa,los angeles,LAX,40,0.0,0.0,3.0,1.0,822.8,1751.78,1.0,2.0,1.0,0,3.0,,3.0,2574.58,Other,858.1933333333333,2574.58,137.13333333333333
541752,F,False,False,usa,charlotte,CLT,41,0.0,0.0,4.0,1.0,2275.0,521.39,1.0,6.0,0.5,0,4.0,,4.0,2796.39,Other,699.0975,2796.39,94.79166666666667
541764,F,True,False,usa,baton rouge,BTR,49,0.0,1.0,2.0,1.5,1743.0,698.878,1.3333333333333333,4.666666666666667,0.5,0,2.0,,3.0,2441.878,Other,813.9593333333333,1627.9186666666667,93.375
541923,F,False,False,usa,oakland,OAK,49,0.0,1.0,2.0,1.0,3580.8,780.1825,1.0,6.0,0.0,0,2.0,,3.0,4360.9825,Other,1453.6608333333334,4360.9825,198.93333333333337
541998,F,False,False,canada,ottawa,YOW,44,0.0,0.0,3.0,1.0,1004.0,265.54,1.0,3.0,0.6666666666666666,0,2.0,,3.0,1269.54,Other,423.18,1269.54,111.55555555555556
542080,F,False,False,usa,lubbock,LBB,59,0.0,0.0,3.0,1.0,2367.4,882.1980000000001,1.0,4.666666666666667,0.3333333333333333,0,3.0,,3.0,3249.598,Other,1083.1993333333332,3249.598,169.1
542208,F,True,True,usa,san diego,SAN,40,0.0,0.0,5.0,1.2,2864.0,3363.622,1.2,4.0,0.4,0,4.0,,5.0,6227.621999999999,Other,1245.5243999999998,5189.6849999999995,119.33333333333333
542254,F,True,False,usa,montgomery,MXF,46,0.0,0.0,2.0,1.0,841.0,997.22,1.0,3.5,1.0,0,2.0,,2.0,1838.22,Other,919.11,1838.22,120.14285714285714
542270,F,False,False,usa,tulsa,TUL,44,0.0,1.0,2.0,2.0,2058.0,1920.453,1.6666666666666667,2.6666666666666665,0.5,0,2.0,,3.0,3978.453,Other,1326.151,1989.2265,154.35
542316,F,False,False,usa,phoenix,LUF,25,0.0,2.0,0.0,,1662.0,0.0,1.0,13.0,,0,0.0,,2.0,1662.0,Other,831.0,,63.92307692307692
542451,F,True,False,usa,new york,LGA,37,0.0,0.0,2.0,1.0,380.0,1050.68,1.0,1.0,1.0,0,2.0,,2.0,1430.68,Other,715.34,1430.68,190.0
542471,F,True,True,usa,san francisco,SFO,43,1.0,0.0,3.0,1.0,3440.9500000000003,1982.14,1.0,5.666666666666667,0.5,0,4.0,,4.0,5423.09,Other,1355.7725,5423.09,151.80661764705883
542482,F,True,False,usa,san diego,SAN,59,1.0,0.0,0.0,1.0,0.0,333.46,,,1.0,0,1.0,,1.0,333.46,Other,333.46,333.46,
542657,M,True,False,usa,new york,LGA,43,1.0,0.0,3.0,1.75,417.0,4694.658,1.6666666666666667,1.0,0.5,0,4.0,,4.0,5111.658,Other,1277.9145,2920.9474285714286,62.55
542663,F,False,True,usa,las vegas,LAS,34,0.0,0.0,5.0,1.0,2240.6,2291.81,1.0,2.4,0.4,0,5.0,,5.0,4532.41,Other,906.482,4532.41,186.71666666666667
542752,F,True,False,usa,san diego,NZY,45,0.0,0.0,3.0,1.3333333333333333,959.0,2435.171,1.3333333333333333,1.6666666666666667,0.6666666666666666,0,2.0,,3.0,3394.171,Other,1131.3903333333333,2545.62825,143.85000000000002
542805,F,False,False,usa,new york,JFK,34,0.0,0.0,4.0,1.0,1846.0,1457.848,1.0,2.75,1.0,0,4.0,,4.0,3303.848,Other,825.962,3303.848,167.8181818181818
542812,F,False,False,usa,new york,JFK,27,0.0,1.0,0.0,,908.8,0.0,1.0,8.0,,0,0.0,,1.0,908.8,Other,908.8,,113.6
542914,F,False,False,usa,seattle,BFI,40,1.0,1.0,1.0,1.0,4224.0,1336.78,1.0,11.0,0.5,0,2.0,,3.0,5560.78,Other,1853.5933333333332,5560.78,128.0
542965,F,False,False,canada,quebec,YQB,26,0.0,1.0,0.0,,330.0,0.0,1.0,3.0,,0,0.0,,1.0,330.0,Other,330.0,,110.0
542976,F,True,True,usa,san diego,NZY,46,0.0,1.0,2.0,1.0,1328.1999999999998,1093.38,1.0,3.333333333333333,1.0,0,2.0,,3.0,2421.58,Other,807.1933333333333,2421.58,132.82
543306,F,False,True,usa,houston,IAH,39,1.0,1.0,1.0,1.0,1273.2,700.6800000000001,1.0,4.0,1.0,0,2.0,,3.0,1973.88,Other,657.96,1973.88,106.10000000000001
543497,F,True,False,canada,montreal,YMX,53,1.0,0.0,4.0,1.4,1618.0,3725.072,1.5,2.25,0.4,0,4.0,,5.0,5343.072,Other,1068.6144,3816.4800000000005,95.88148148148149
543660,F,False,False,canada,toronto,YZD,22,1.0,1.0,0.0,2.0,3757.0,1488.6,1.0,13.0,1.0,0,1.0,,2.0,5245.6,Other,2622.8,2622.8,144.5
543668,F,False,False,canada,hamilton,YHM,35,0.0,0.0,5.0,1.2,1598.6,3477.24,1.2,2.4,0.4,0,5.0,,5.0,5075.84,Other,1015.168,4229.866666666667,111.0138888888889
543713,M,False,True,usa,omaha,OFF,37,0.0,1.0,2.0,1.0,3847.0,583.088,1.0,6.333333333333333,0.0,0,2.0,,3.0,4430.088,Other,1476.696,4430.088,202.4736842105263
543728,F,False,False,usa,seattle,SEA,44,0.0,0.0,5.0,1.0,1938.0,2715.8345,1.0,3.2,0.4,0,4.0,,5.0,4653.8345,Other,930.7669,4653.8345,121.125
543826,F,False,False,canada,gatineau,YND,41,0.0,1.0,2.0,1.0,1659.0,349.112,1.0,4.333333333333333,0.5,0,2.0,,3.0,2008.112,Other,669.3706666666667,2008.112,127.61538461538463
544002,F,False,True,usa,denver,DEN,46,0.0,0.0,3.0,1.0,597.0,1046.76,1.0,1.3333333333333333,0.6666666666666666,0,3.0,,3.0,1643.76,Other,547.92,1643.76,149.25
544015,F,False,False,usa,tampa,MCF,36,0.0,0.0,1.0,1.0,285.0,586.17,1.0,3.0,1.0,0,1.0,,1.0,871.17,Other,871.17,871.17,95.0
544163,F,True,True,usa,new york,LGA,47,0.0,2.0,2.0,1.5,6195.0,3076.23,1.5,4.5,1.0,0,2.0,,4.0,9271.23,Other,2317.8075,6180.82,229.44444444444446
544207,F,True,False,usa,new york,JFK,56,0.0,1.0,3.0,1.0,1693.0,1129.51,1.0,3.0,1.0,0,3.0,,4.0,2822.51,Other,705.6275,2822.51,141.08333333333334
544254,F,True,False,usa,phoenix,PHX,51,1.0,0.0,3.0,2.0,2810.0,8104.346,2.0,3.0,0.25,0,3.0,,4.0,10914.346,Other,2728.5865,5457.173,117.08333333333333
544271,F,True,True,usa,knoxville,TYS,59,0.0,0.0,1.0,1.0,129.0,542.21,1.0,1.0,1.0,0,1.0,,1.0,671.21,Other,671.21,671.21,129.0
544367,F,False,False,usa,new orleans,NBG,49,1.0,0.0,2.0,1.3333333333333333,692.0,1735.2600000000002,1.5,2.5,0.6666666666666666,0,3.0,,3.0,2427.26,Other,809.0866666666667,1820.4450000000002,61.511111111111106
544480,F,True,False,usa,oklahoma city,TIK,30,0.0,0.0,3.0,1.0,583.75,975.684,1.0,2.0,0.6666666666666666,0,2.0,,3.0,1559.434,Other,519.8113333333333,1559.434,97.29166666666667
544513,F,True,False,usa,new york,LGA,56,1.0,0.0,3.0,1.0,961.2,1433.385,1.0,2.333333333333333,1.0,0,4.0,,4.0,2394.585,Other,598.64625,2394.585,102.98571428571431
544536,F,False,False,usa,chicago,ORD,39,0.0,1.0,0.0,,882.0,0.0,1.0,6.0,,0,0.0,,1.0,882.0,Other,882.0,,147.0
544604,M,False,False,usa,lubbock,LBB,54,1.0,0.0,1.0,1.5,462.0,366.093,1.0,3.0,0.5,0,2.0,,2.0,828.0930000000001,Other,414.04650000000004,552.062,77.0
544640,M,False,False,usa,san antonio,RND,48,1.0,0.0,4.0,1.0,3411.0,1450.67,1.0,5.0,0.8,0,4.0,,5.0,4861.67,Other,972.3340000000001,4861.67,136.44
544683,F,True,False,usa,new york,JFK,49,0.0,0.0,4.0,1.0,1540.0,1490.3,1.0,4.0,0.5,0,4.0,,4.0,3030.3,Other,757.575,3030.3,96.25
544818,F,False,False,usa,anchorage,ANC,31,0.0,0.0,2.0,1.0,269.0,1521.1080000000002,1.0,1.0,1.0,0,2.0,,2.0,1790.1080000000002,Other,895.0540000000001,1790.1080000000002,134.5
545010,F,False,False,usa,omaha,OFF,59,1.0,0.0,2.0,1.6666666666666667,688.0,2375.3,2.0,1.5,0.3333333333333333,0,3.0,,3.0,3063.3,Other,1021.1,1837.98,76.44444444444444
545070,F,False,True,canada,toronto,YZD,36,0.0,2.0,1.0,1.0,3562.0,543.08,1.0,6.666666666666667,0.0,0,1.0,,3.0,4105.08,Other,1368.36,4105.08,178.1
545109,F,False,False,usa,chicago,ORD,34,0.0,0.0,2.0,1.0,1062.0,705.98,1.0,5.0,0.0,0,2.0,,2.0,1767.98,Other,883.99,1767.98,106.2
545226,F,True,False,usa,new york,LGA,58,0.0,1.0,2.0,1.0,1935.0,400.92,1.0,8.666666666666666,0.5,0,2.0,,3.0,2335.92,Other,778.64,2335.92,74.42307692307693
545300,F,False,True,usa,detroit,DTW,36,0.0,0.0,5.0,1.2,3742.9,1099.556,1.2,3.6,0.4,0,4.0,,5.0,4842.456,Other,968.4912,4035.38,173.28240740740742
545399,F,False,False,usa,little rock,LIT,55,0.0,0.0,1.0,1.0,1386.0,215.58,1.0,7.0,1.0,0,1.0,,1.0,1601.58,Other,1601.58,1601.58,198.0
545446,F,True,True,usa,los angeles,LAX,57,1.0,1.0,1.0,2.0,1910.0,3984.36,2.0,9.0,0.0,0,2.0,,3.0,5894.360000000001,Other,1964.7866666666669,2947.1800000000003,35.37037037037037
545510,F,True,False,usa,lubbock,LBB,47,1.0,1.0,1.0,1.5,2134.8,1582.63,1.5,5.5,0.0,0,2.0,,3.0,3717.4300000000003,Other,1239.1433333333334,2478.286666666667,86.25454545454546
545633,M,False,False,usa,columbus,LCK,38,0.0,0.0,3.0,1.0,691.8,1100.019,1.0,3.0,0.3333333333333333,0,3.0,,3.0,1791.819,Other,597.273,1791.819,76.86666666666666
545634,F,False,False,usa,providence,PVD,47,0.0,0.0,3.0,1.3333333333333333,2106.0,1245.511,1.3333333333333333,4.333333333333333,0.0,0,3.0,,3.0,3351.511,Other,1117.1703333333332,2513.6332500000003,121.50000000000001
545748,F,True,True,canada,victoria,YYJ,52,1.0,0.0,1.0,1.0,1205.0,1009.98,1.0,5.0,1.0,0,2.0,,2.0,2214.98,Other,1107.49,2214.98,120.5
545755,F,False,False,canada,montreal,YHU,40,1.0,1.0,3.0,1.0,7268.2,1214.08,1.0,12.25,0.25,0,4.0,,5.0,8482.279999999999,Other,1696.4559999999997,8482.279999999999,118.66448979591836
545758,M,True,False,canada,edmonton,YED,33,0.0,0.0,2.0,1.0,952.0,901.0155,1.0,3.0,0.5,0,2.0,,2.0,1853.0155,Other,926.50775,1853.0155,158.66666666666666
545936,F,False,False,usa,new york,LGA,45,0.0,1.0,2.0,1.0,1583.9,1396.495,1.0,3.6666666666666665,0.0,0,2.0,,3.0,2980.395,Other,993.465,2980.395,143.9909090909091
545981,F,False,False,canada,windsor,YQG,38,0.0,2.0,3.0,1.3333333333333333,4956.0,718.7669999999999,1.2,5.4,0.3333333333333333,0,2.0,,5.0,5674.767,Other,1134.9533999999999,4256.07525,152.96296296296296
546008,F,False,False,usa,colorado springs,COS,33,0.0,0.0,4.0,1.25,3934.6,979.7175,1.25,3.25,0.25,0,4.0,,4.0,4914.3175,Other,1228.579375,3931.454,242.12923076923076
546072,F,False,False,usa,washington,IAD,51,0.0,1.0,3.0,1.3333333333333333,2905.0,1818.6,1.25,3.5,0.6666666666666666,0,3.0,,4.0,4723.6,Other,1180.9,3542.7000000000003,166.0
546130,F,True,True,usa,bakersfield,BFL,51,1.0,0.0,1.0,1.0,822.0,1316.0,1.0,6.0,1.0,0,2.0,,2.0,2138.0,Other,1069.0,2138.0,68.5
546161,F,False,False,canada,saskatoon,YXE,58,0.0,0.0,3.0,1.0,3514.0,1188.442,1.0,6.333333333333333,0.0,0,3.0,,3.0,4702.442,Other,1567.4806666666666,4702.442,184.94736842105263
546282,F,False,False,canada,ottawa,YOW,47,0.0,0.0,2.0,1.0,828.0,1047.05,1.0,3.0,0.0,0,2.0,,2.0,1875.05,Other,937.525,1875.05,138.0
546485,M,True,True,canada,winnipeg,YWG,45,0.0,0.0,4.0,1.0,1624.0,1363.46,1.0,2.5,1.0,0,4.0,,4.0,2987.46,Other,746.865,2987.46,162.4
546587,F,True,False,usa,new york,LGA,43,3.0,0.0,1.0,1.5,288.0,3993.74,1.0,4.0,0.5,0,4.0,,4.0,4281.74,Other,1070.435,2854.4933333333333,18.0
546671,F,True,False,usa,stockton,SCK,42,0.0,0.0,1.0,1.0,396.0,468.48,1.0,3.0,0.0,0,1.0,,1.0,864.48,Other,864.48,864.48,132.0
546679,F,True,False,usa,houston,EFD,37,1.0,1.0,2.0,1.0,1085.0,898.38,1.0,3.6666666666666665,1.0,0,3.0,,4.0,1983.38,Other,495.845,1983.38,73.97727272727273
546728,F,True,False,canada,montreal,YUL,55,0.0,0.0,2.0,1.5,1553.0,3719.95,1.0,6.5,0.5,0,1.0,,2.0,5272.95,Other,2636.475,3515.2999999999997,119.46153846153847
546842,F,True,False,usa,los angeles,LAX,47,0.0,1.0,0.0,,404.7,0.0,1.0,6.0,,0,0.0,,1.0,404.7,Other,404.7,,67.45
546884,M,False,False,canada,toronto,YKZ,20,0.0,1.0,0.0,,564.0,0.0,1.0,4.0,,0,0.0,,1.0,564.0,Other,564.0,,141.0
547007,F,True,False,usa,new york,JFK,35,0.0,1.0,4.0,1.0,5127.0,1079.25,1.2,5.4,0.25,0,3.0,,5.0,6206.25,Other,1241.25,6206.25,158.24074074074076
547070,M,True,False,usa,fayetteville,FYV,53,1.0,1.0,4.0,1.4,4305.8,2417.795,1.2,4.0,0.6,0,4.0,,6.0,6723.595,Other,1120.5991666666666,4802.567857142858,149.50694444444446
547180,F,True,True,usa,new york,LGA,48,0.0,1.0,1.0,1.0,800.3,518.55,1.0,2.5,0.0,0,1.0,,2.0,1318.85,Other,659.425,1318.85,160.06
547201,F,False,False,usa,los angeles,LAX,27,0.0,1.0,0.0,,2208.0,0.0,1.0,16.0,,0,0.0,,1.0,2208.0,Other,2208.0,,138.0
547266,F,True,False,canada,winnipeg,YWG,57,0.0,1.0,2.0,1.5,981.6,1552.0099999999998,1.3333333333333333,2.0,1.0,0,2.0,,3.0,2533.6099999999997,Other,844.5366666666665,1689.073333333333,122.7
547325,F,False,True,usa,oklahoma city,OKC,45,0.0,0.0,2.0,1.0,602.0,625.97,1.0,2.5,1.0,0,2.0,,2.0,1227.97,Other,613.985,1227.97,120.4
547776,F,False,False,usa,fort worth,FTW,45,0.0,0.0,3.0,1.3333333333333333,1794.35,1663.78,1.3333333333333333,2.333333333333333,1.0,0,2.0,,3.0,3458.13,Other,1152.71,2593.5975000000003,192.25178571428575
547836,F,True,False,usa,los angeles,LAX,50,1.0,1.0,1.0,1.0,2401.0,1399.09,1.0,7.5,0.0,0,2.0,,3.0,3800.09,Other,1266.6966666666667,3800.09,106.71111111111112
547862,M,True,True,usa,houston,EFD,49,0.0,1.0,3.0,1.0,3819.0,487.98,1.0,4.75,1.0,0,3.0,,4.0,4306.98,Other,1076.745,4306.98,201.0
547938,M,False,True,usa,st. louis,STL,28,1.0,0.0,0.0,1.0,0.0,1867.87,,,0.0,0,1.0,,1.0,1867.87,Other,1867.87,1867.87,
548040,F,True,False,usa,portland,PDX,39,0.0,0.0,3.0,1.3333333333333333,1036.0,2380.73,1.3333333333333333,1.3333333333333333,0.3333333333333333,0,3.0,,3.0,3416.73,Other,1138.91,2562.5475,194.25
548093,F,False,False,usa,charlotte,CLT,24,0.0,1.0,0.0,,1188.0,0.0,2.0,6.0,,0,0.0,,1.0,1188.0,Other,1188.0,,99.0
548109,F,False,False,usa,los angeles,LAX,42,1.0,0.0,4.0,1.2,1324.0,4844.94,1.25,2.0,0.6,0,5.0,,5.0,6168.94,Other,1233.788,5140.783333333333,105.92
548190,F,True,False,usa,corpus christi,CRP,37,0.0,1.0,2.0,1.0,3179.75,864.2,1.0,6.0,1.0,0,2.0,,3.0,4043.95,Other,1347.9833333333333,4043.95,176.6527777777778
548307,F,True,True,usa,denver,DEN,53,0.0,0.0,2.0,1.0,770.0,741.2,1.0,5.0,0.0,0,2.0,,2.0,1511.2,Other,755.6,1511.2,77.0
548310,F,False,False,usa,memphis,MEM,34,0.0,0.0,1.0,2.0,298.0,630.62,2.0,1.0,1.0,0,1.0,,1.0,928.62,Other,928.62,464.31,149.0
548434,F,True,False,usa,indianapolis,IND,45,1.0,1.0,1.0,2.0,4719.6,2092.7125,2.0,3.5,0.0,0,2.0,,3.0,6812.3125,Other,2270.7708333333335,3406.15625,224.74285714285716
548490,F,True,True,usa,el paso,BIF,56,0.0,0.0,2.0,1.0,1221.0,307.564,1.0,3.5,0.0,0,2.0,,2.0,1528.564,Other,764.282,1528.564,174.42857142857142
548504,F,False,False,usa,houston,IAH,39,2.0,0.0,5.0,1.1428571428571428,2572.0,2581.85,1.2,2.2,0.4285714285714285,0,6.0,,7.0,5153.85,Other,736.2642857142857,4509.618750000001,139.17748917748918
548560,F,True,True,usa,laredo,LRD,47,0.0,0.0,1.0,1.0,471.0,446.45,1.0,3.0,0.0,0,1.0,,1.0,917.45,Other,917.45,917.45,157.0
548587,F,False,False,usa,sacramento,SMF,37,0.0,0.0,2.0,1.0,2105.0,895.68,1.0,4.5,0.5,0,2.0,,2.0,3000.68,Other,1500.34,3000.68,233.88888888888889
548653,F,True,True,usa,jacksonville,JAX,45,0.0,0.0,5.0,1.4,4419.65,7021.1,1.4,2.6,0.4,0,5.0,,5.0,11440.75,Other,2288.15,8171.964285714286,242.83791208791206
548859,F,True,False,usa,new york,JFK,50,0.0,0.0,3.0,1.0,2058.7,648.2099999999999,1.0,3.0,0.6666666666666666,0,3.0,,3.0,2706.91,Other,902.3033333333333,2706.91,228.7444444444444
548967,F,False,False,canada,toronto,YTZ,41,0.0,0.0,6.0,1.1666666666666667,6223.0,1975.41,1.1666666666666667,4.666666666666667,0.3333333333333333,0,6.0,,6.0,8198.41,Other,1366.4016666666666,7027.208571428571,190.5
548978,F,True,False,canada,gatineau,YND,39,0.0,3.0,1.0,1.0,8493.2,780.46,1.5,7.75,1.0,0,1.0,,4.0,9273.66,Other,2318.415,9273.66,182.64946236559143
548988,F,True,False,usa,los angeles,LAX,50,0.0,1.0,3.0,1.0,1643.5,1006.354,1.25,2.75,1.0,0,3.0,,4.0,2649.8540000000003,Other,662.4635000000001,2649.8540000000003,119.52727272727272
549058,F,True,False,canada,toronto,YKZ,31,0.0,0.0,2.0,1.5,3812.0,8730.766,1.0,8.0,1.0,0,2.0,,2.0,12542.766,Other,6271.383,8361.844,238.25
549274,F,False,False,usa,st. louis,STL,52,0.0,0.0,1.0,1.0,81.0,75.22,1.0,1.0,1.0,0,1.0,,1.0,156.22,Other,156.22,156.22,81.0
549303,F,False,False,usa,nashville,BNA,39,0.0,0.0,3.0,1.6666666666666667,1205.0,1406.92,1.6666666666666667,1.6666666666666667,0.6666666666666666,0,2.0,,3.0,2611.92,Other,870.64,1567.152,144.6
549390,F,False,True,usa,spokane,SKA,27,0.0,3.0,0.0,,4495.6,0.0,1.6666666666666667,10.333333333333334,,0,0.0,,3.0,4495.6,Other,1498.5333333333335,,87.01161290322581
549482,F,False,False,canada,vancouver,YVR,44,0.0,0.0,5.0,1.0,3357.3500000000004,1867.93,1.0,3.2,1.0,0,4.0,,5.0,5225.280000000001,Other,1045.056,5225.280000000001,209.834375
549611,F,False,False,usa,new york,JFK,50,0.0,0.0,6.0,1.3333333333333333,1896.6,3891.23,1.3333333333333333,2.333333333333333,0.3333333333333333,0,6.0,,6.0,5787.83,Other,964.6383333333333,4340.8725,101.60357142857144
549631,F,True,True,usa,las vegas,LAS,52,0.0,0.0,4.0,1.0,2461.05,1657.8,1.0,4.25,0.75,0,4.0,,4.0,4118.85,Other,1029.7125,4118.85,144.76764705882354
549714,M,True,True,canada,montreal,YUL,58,0.0,0.0,2.0,1.0,704.0,1343.0425,1.0,2.0,1.0,0,2.0,,2.0,2047.0425,Other,1023.52125,2047.0425,176.0
549746,F,False,False,canada,montreal,YHU,45,0.0,1.0,5.0,1.2,3361.0,2627.5245,1.1666666666666667,3.6666666666666665,1.0,0,5.0,,6.0,5988.5244999999995,Other,998.0874166666666,4990.437083333333,130.94805194805193
549764,F,False,False,usa,new york,JFK,40,1.0,1.0,1.0,1.0,1650.0,356.668,1.0,4.5,0.0,0,2.0,,3.0,2006.6680000000001,Other,668.8893333333334,2006.6680000000001,122.22222222222223
549797,F,False,True,usa,philadelphia,PNE,38,1.0,1.0,3.0,1.0,7167.0,340.48,1.0,7.5,0.25,0,4.0,,5.0,7507.48,Other,1501.4959999999999,7507.48,191.12
550017,F,False,False,usa,los angeles,LAX,41,0.0,2.0,3.0,1.6666666666666667,4763.4,7428.52,1.4,5.0,0.6666666666666666,0,3.0,,5.0,12191.92,Other,2438.384,7315.152,136.09714285714284
550068,F,False,True,usa,memphis,MEM,41,0.0,2.0,2.0,1.0,6375.0,497.71,1.25,6.0,0.5,0,2.0,,4.0,6872.71,Other,1718.1775,6872.71,212.5
550105,F,False,False,usa,mobile,MOB,36,0.0,1.0,1.0,1.0,1590.0,154.52,1.0,4.5,0.0,0,1.0,,2.0,1744.52,Other,872.26,1744.52,176.66666666666666
550202,F,False,False,canada,calgary,YYC,30,1.0,0.0,4.0,1.2,1429.0,5019.62,1.0,3.25,0.2,0,5.0,,5.0,6448.62,Other,1289.724,5373.85,87.93846153846154
550221,F,True,False,usa,austin,AUS,40,0.0,0.0,3.0,1.3333333333333333,1008.0,3042.0065,1.3333333333333333,1.3333333333333333,0.6666666666666666,0,3.0,,3.0,4050.0065,Other,1350.0021666666667,3037.504875,189.0
550317,F,True,True,canada,toronto,YZD,45,0.0,2.0,1.0,1.0,4432.0,123.17,1.3333333333333333,7.0,1.0,0,1.0,,3.0,4555.17,Other,1518.39,4555.17,158.28571428571428
550599,F,True,True,usa,mobile,BFM,56,2.0,0.0,0.0,1.0,0.0,421.04,,,0.5,0,2.0,,2.0,421.04,Other,210.52,421.04,
550752,F,True,True,usa,charlotte,CLT,51,0.0,0.0,2.0,1.0,282.0,1059.69,1.0,3.0,0.0,0,1.0,,2.0,1341.69,Other,670.845,1341.69,47.0
550805,F,False,False,usa,san francisco,SFO,42,2.0,1.0,3.0,1.0,2074.0,1215.392,1.25,3.5,0.8,0,5.0,,6.0,3289.392,Other,548.232,3289.392,79.00952380952381
550887,F,False,True,usa,new york,LGA,19,0.0,2.0,0.0,,5145.0,0.0,1.0,15.0,,0,0.0,,2.0,5145.0,Other,2572.5,,171.5
551032,F,False,False,usa,new york,JFK,37,0.0,0.0,3.0,1.0,1970.8,817.48,1.0,5.666666666666667,0.3333333333333333,0,3.0,,3.0,2788.2799999999997,Other,929.4266666666666,2788.2799999999997,115.92941176470586
551042,F,True,False,usa,los angeles,LAX,47,0.0,2.0,3.0,1.0,1985.4,1497.9740000000002,1.0,2.6,0.3333333333333333,0,3.0,,5.0,3483.3740000000003,Other,696.6748,3483.3740000000003,152.72307692307695
551088,F,False,False,usa,san jose,SJC,48,0.0,2.0,3.0,1.6666666666666667,6836.0,7039.32,1.6,3.6,0.0,0,2.0,,5.0,13875.32,Other,2775.064,8325.192,237.36111111111111
551166,F,True,False,usa,los angeles,LAX,33,0.0,1.0,1.0,1.0,1925.0,448.191,1.5,5.0,1.0,0,1.0,,2.0,2373.191,Other,1186.5955,2373.191,128.33333333333331
551488,F,False,False,usa,st. louis,STL,38,0.0,2.0,0.0,,9608.0,0.0,1.5,16.0,,0,0.0,,2.0,9608.0,Other,4804.0,,200.16666666666666
551665,F,False,True,usa,fort worth,FTW,57,0.0,1.0,3.0,1.0,1778.0,1033.511,1.0,4.0,0.3333333333333333,0,2.0,,4.0,2811.511,Other,702.87775,2811.511,111.125
551963,F,False,False,usa,fort worth,FTW,39,1.0,0.0,3.0,1.5,794.6,3792.198,1.6666666666666667,1.3333333333333333,1.0,0,4.0,,4.0,4586.798,Other,1146.6995,3057.865333333333,89.3925
551967,F,True,False,usa,omaha,OFF,42,0.0,1.0,2.0,2.0,2940.0,2401.842,2.0,2.333333333333333,1.0,0,2.0,,3.0,5341.842000000001,Other,1780.6140000000003,2670.9210000000003,210.00000000000003
552036,F,True,True,canada,montreal,YMX,56,0.0,0.0,1.0,3.0,2244.0,873.78,3.0,4.0,0.0,0,1.0,,1.0,3117.7799999999997,Other,3117.7799999999997,1039.26,187.0
552366,F,False,False,usa,reno,RNO,41,0.0,1.0,3.0,2.6666666666666665,3010.6,15811.269,2.25,2.75,0.3333333333333333,0,3.0,,4.0,18821.869,Other,4705.46725,7058.2008749999995,121.64040404040405
552506,F,True,False,canada,winnipeg,YAV,51,1.0,0.0,0.0,1.0,0.0,327.024,,,0.0,0,1.0,,1.0,327.024,Other,327.024,327.024,
552535,F,True,False,usa,new york,LGA,51,0.0,0.0,4.0,1.75,1722.0,6579.91,1.75,2.5,0.25,0,4.0,,4.0,8301.91,Other,2075.4775,4743.948571428571,98.4
552760,F,True,False,usa,new york,LGA,54,2.0,0.0,1.0,1.0,382.0,1211.22,1.0,2.0,0.6666666666666666,0,3.0,,3.0,1593.22,Other,531.0733333333334,1593.22,63.666666666666664
553361,F,True,False,usa,memphis,MEM,44,1.0,1.0,2.0,1.6666666666666667,2131.6,1424.27,1.3333333333333333,4.666666666666667,1.0,0,3.0,,4.0,3555.87,Other,888.9675,2133.522,85.64464285714286
553568,F,False,True,usa,los angeles,LAX,45,0.0,0.0,4.0,1.0,1487.0,1386.69,1.0,3.25,0.25,0,4.0,,4.0,2873.69,Other,718.4225,2873.69,114.38461538461539
553743,F,False,True,usa,dallas,DAL,20,1.0,0.0,0.0,1.0,0.0,75.29,,,0.0,0,1.0,,1.0,75.29,Other,75.29,75.29,
553751,F,False,False,usa,new york,LGA,44,0.0,0.0,3.0,1.0,2158.55,544.37,1.0,3.333333333333333,0.6666666666666666,0,3.0,,3.0,2702.92,Other,900.9733333333334,2702.92,215.85500000000005
553791,F,False,True,usa,new york,JFK,36,0.0,0.0,3.0,1.0,2076.0,1113.4,1.0,4.333333333333333,1.0,0,3.0,,3.0,3189.4,Other,1063.1333333333334,3189.4,159.6923076923077
553876,M,False,False,usa,winston-salem,INT,33,1.0,0.0,2.0,1.3333333333333333,2210.0,948.373,1.5,4.0,0.3333333333333333,0,3.0,,3.0,3158.373,Other,1052.791,2368.77975,122.77777777777777
553904,F,False,False,canada,montreal,YUL,22,0.0,0.0,2.0,1.5,2618.0,2598.39,1.5,6.5,0.0,0,2.0,,2.0,5216.389999999999,Other,2608.1949999999997,3477.593333333333,134.25641025641025
553955,F,True,False,usa,san antonio,RND,51,0.0,0.0,6.0,1.0,1349.0,1445.14,1.0,1.6666666666666667,0.6666666666666666,0,6.0,,6.0,2794.1400000000003,Other,465.69000000000005,2794.1400000000003,134.9
553984,F,True,False,usa,san antonio,SKF,50,0.0,0.0,1.0,1.0,700.0,351.027,1.0,4.0,1.0,0,1.0,,1.0,1051.027,Other,1051.027,1051.027,175.0
554026,F,True,True,usa,los angeles,LAX,56,0.0,0.0,4.0,1.25,1935.2,2672.69,1.25,2.25,0.25,0,4.0,,4.0,4607.89,Other,1151.9725,3686.3120000000004,172.01777777777778
554079,F,False,False,usa,san diego,SAN,39,0.0,2.0,3.0,1.0,3253.3,1472.361,1.0,4.0,0.6666666666666666,0,3.0,,5.0,4725.661,Other,945.1322,4725.661,162.66500000000002
554141,F,True,False,usa,new york,JFK,41,0.0,1.0,3.0,1.3333333333333333,2001.45,1768.0099999999998,1.5,3.0,0.6666666666666666,0,3.0,,4.0,3769.46,Other,942.365,2827.0950000000003,111.19166666666666
554163,F,False,True,usa,tucson,DMA,40,1.0,0.0,5.0,1.0,1479.0,2496.0,1.0,3.4,0.6666666666666666,0,4.0,,6.0,3975.0,Other,662.5,3975.0,72.5
554269,F,True,True,usa,san diego,SAN,50,0.0,0.0,3.0,1.0,533.0,1777.081,1.0,2.333333333333333,0.6666666666666666,0,3.0,,3.0,2310.081,Other,770.027,2310.081,76.14285714285715
554444,F,False,False,usa,fort worth,FTW,36,0.0,0.0,3.0,1.0,804.0,829.49,1.0,1.6666666666666667,1.0,0,3.0,,3.0,1633.49,Other,544.4966666666667,1633.49,160.79999999999998
554507,F,True,False,usa,norfolk,ORF,37,0.0,2.0,1.0,1.0,1164.0,81.46,1.0,2.333333333333333,0.0,0,1.0,,3.0,1245.46,Other,415.15333333333336,1245.46,166.2857142857143
554609,F,False,False,usa,baltimore,BWI,44,0.0,0.0,2.0,1.0,1102.0,1227.41,1.0,3.0,0.0,0,2.0,,2.0,2329.41,Other,1164.705,2329.41,183.66666666666666
554632,F,False,False,usa,san antonio,RND,19,0.0,1.0,0.0,,91.8,0.0,1.0,1.0,,0,0.0,,1.0,91.8,Other,91.8,,91.8
554724,F,False,False,usa,norfolk,ORF,23,0.0,1.0,0.0,,1090.0,0.0,1.0,5.0,,0,0.0,,1.0,1090.0,Other,1090.0,,218.0
554753,F,False,True,usa,wichita,IAB,42,1.0,0.0,3.0,1.25,1485.2,10727.34,1.0,3.0,0.5,0,4.0,,4.0,12212.54,Other,3053.135,9770.032000000001,123.76666666666667
554853,F,False,False,usa,new york,LGA,42,0.0,1.0,1.0,1.0,5865.0,49.31,1.0,12.5,0.0,0,1.0,,2.0,5914.31,Other,2957.155,5914.31,234.6
554885,F,False,False,usa,phoenix,LUF,39,0.0,0.0,5.0,1.0,3827.2,1892.286,1.0,3.4,1.0,0,4.0,,5.0,5719.486,Other,1143.8971999999999,5719.486,225.12941176470588
555299,F,True,False,usa,omaha,OMA,54,0.0,0.0,1.0,1.0,272.0,251.24,1.0,4.0,1.0,0,1.0,,1.0,523.24,Other,523.24,523.24,68.0
555326,M,False,False,usa,atlanta,ATL,53,0.0,0.0,2.0,1.0,821.0,1107.9,1.0,2.5,0.5,0,2.0,,2.0,1928.9,Other,964.45,1928.9,164.2
555334,F,False,False,usa,new orleans,MSY,28,1.0,0.0,0.0,3.0,0.0,1709.0700000000002,,,0.0,0,1.0,,1.0,1709.0700000000002,Other,1709.0700000000002,569.69,
555428,F,True,True,usa,new york,LGA,55,0.0,1.0,2.0,1.5,2417.0,3799.31,1.3333333333333333,4.0,0.5,0,2.0,,3.0,6216.3099999999995,Other,2072.103333333333,4144.206666666666,151.0625
555751,F,True,False,canada,toronto,YZD,42,1.0,0.0,1.0,1.0,160.0,906.09,1.0,4.0,0.0,0,2.0,,2.0,1066.0900000000001,Other,533.0450000000001,1066.0900000000001,20.0
555770,F,True,True,usa,boston,BOS,47,0.0,2.0,2.0,1.0,2329.1,234.744,1.0,4.25,0.5,0,2.0,,4.0,2563.844,Other,640.961,2563.844,137.00588235294117
555782,F,True,True,usa,jacksonville,NZC,58,0.0,1.0,1.0,1.0,793.0,310.58,1.0,4.5,1.0,0,1.0,,2.0,1103.58,Other,551.79,1103.58,88.11111111111111
555852,F,True,False,usa,dallas,DAL,47,1.0,0.0,3.0,1.25,7396.0,2062.16,1.3333333333333333,6.0,0.75,0,3.0,,4.0,9458.16,Other,2364.54,7566.528,231.125
556015,F,False,False,canada,toronto,YYZ,56,0.0,0.0,3.0,1.0,1222.0,249.55,1.0,2.333333333333333,0.6666666666666666,0,2.0,,3.0,1471.55,Other,490.51666666666665,1471.55,174.57142857142858
556043,F,False,False,usa,fort worth,FTW,20,1.0,0.0,0.0,2.0,0.0,1585.14,,,0.0,0,1.0,,1.0,1585.14,Other,1585.14,792.57,
556052,F,False,False,canada,edmonton,YXD,39,0.0,0.0,3.0,1.0,888.0,1056.6815,1.0,2.333333333333333,0.3333333333333333,0,3.0,,3.0,1944.6815,Other,648.2271666666667,1944.6815,126.85714285714288
556127,F,False,False,usa,los angeles,LAX,36,0.0,0.0,3.0,1.0,1194.0,1390.1,1.0,2.6666666666666665,0.6666666666666666,0,3.0,,3.0,2584.1,Other,861.3666666666667,2584.1,149.25
556347,F,False,False,usa,los angeles,LAX,43,2.0,0.0,2.0,1.0,951.0,1864.03,1.0,2.5,0.75,0,4.0,,4.0,2815.0299999999997,Other,703.7574999999999,2815.0299999999997,95.1
556391,F,True,True,usa,chicago,ORD,45,0.0,0.0,1.0,1.0,340.0,111.98,1.0,2.0,1.0,0,1.0,,1.0,451.98,Other,451.98,451.98,170.0
556533,F,True,True,usa,winston-salem,INT,44,0.0,1.0,2.0,1.0,2645.0,638.24,1.3333333333333333,4.666666666666667,1.0,0,2.0,,3.0,3283.24,Other,1094.4133333333332,3283.24,141.69642857142856
556824,F,False,False,usa,new york,JFK,45,0.0,0.0,4.0,1.0,918.0,815.17,1.0,2.5,0.25,0,3.0,,4.0,1733.17,Other,433.2925,1733.17,91.8
557055,F,False,False,usa,tulsa,TUL,51,0.0,0.0,2.0,2.0,1566.0,3128.1,2.0,2.5,0.5,0,2.0,,2.0,4694.1,Other,2347.05,2347.05,156.6
557107,F,False,False,canada,winnipeg,YWG,46,0.0,1.0,4.0,1.75,4187.2,4416.44,1.6,2.6,0.75,0,4.0,,5.0,8603.64,Other,1720.7279999999998,4916.365714285714,201.3076923076923
557672,F,False,False,usa,new york,JFK,36,1.0,0.0,2.0,1.0,564.0,2021.6,1.0,2.0,0.6666666666666666,0,2.0,,3.0,2585.6,Other,861.8666666666667,2585.6,94.0
557875,F,True,True,canada,calgary,YYC,57,0.0,0.0,2.0,1.0,1456.0,889.8399999999999,1.0,4.5,0.0,0,2.0,,2.0,2345.84,Other,1172.92,2345.84,161.77777777777777
557887,F,False,False,usa,detroit,YIP,26,0.0,2.0,1.0,1.0,5744.0,545.1,1.3333333333333333,7.666666666666667,1.0,0,1.0,,3.0,6289.1,Other,2096.366666666667,6289.1,187.30434782608697
557921,F,True,False,usa,tucson,DMA,44,0.0,0.0,4.0,1.0,1676.0,1155.29,1.0,2.0,0.75,0,4.0,,4.0,2831.29,Other,707.8225,2831.29,209.5
557932,F,False,True,usa,new york,LGA,32,1.0,0.0,3.0,1.0,1790.3,1244.1975,1.0,2.333333333333333,0.75,0,4.0,,4.0,3034.4975,Other,758.624375,3034.4975,191.81785714285715
557957,F,True,False,canada,montreal,YHU,50,1.0,0.0,1.0,1.0,2075.0,1238.85,1.0,5.0,1.0,0,2.0,,2.0,3313.85,Other,1656.925,3313.85,207.5
558018,F,True,False,usa,memphis,MEM,50,0.0,0.0,2.0,1.0,576.0,982.26,1.0,2.5,0.5,0,2.0,,2.0,1558.26,Other,779.13,1558.26,115.2
558270,M,True,False,usa,denver,DEN,46,0.0,0.0,4.0,1.5,651.0,4532.9,1.5,1.25,0.5,0,4.0,,4.0,5183.9,Other,1295.975,3455.933333333333,86.8
558294,F,True,False,usa,memphis,MEM,34,0.0,0.0,3.0,1.0,2140.9,1080.738,1.0,5.0,0.0,0,3.0,,3.0,3221.638,Other,1073.8793333333333,3221.638,142.72666666666666
558395,F,False,True,usa,houston,IAH,38,0.0,1.0,0.0,,1224.0,0.0,1.0,9.0,,0,0.0,,1.0,1224.0,Other,1224.0,,136.0
558437,F,True,True,usa,louisville,LOU,46,0.0,0.0,1.0,1.0,782.8,159.41,1.0,4.0,0.0,0,1.0,,1.0,942.2099999999999,Other,942.2099999999999,942.2099999999999,195.7
558838,F,False,False,usa,orlando,ORL,41,1.0,0.0,4.0,1.0,3183.2,2414.448,1.0,3.5,0.0,0,5.0,,5.0,5597.647999999999,Other,1119.5295999999998,5597.647999999999,181.89714285714285
558987,M,False,False,canada,montreal,YMX,49,0.0,1.0,2.0,1.0,2439.0,831.63,1.0,4.666666666666667,1.0,0,2.0,,3.0,3270.63,Other,1090.21,3270.63,174.2142857142857
559071,F,False,True,usa,los angeles,LAX,42,2.0,1.0,0.0,1.0,1015.0,531.832,1.0,5.0,0.5,0,2.0,,3.0,1546.8319999999999,Other,515.6106666666666,1546.8319999999999,67.66666666666666
559093,M,True,False,usa,new york,LGA,45,0.0,2.0,3.0,1.0,1712.0,1823.55,1.0,2.8,0.3333333333333333,0,3.0,,5.0,3535.55,Other,707.11,3535.55,122.28571428571429
559112,F,False,True,canada,toronto,YTZ,46,1.0,0.0,2.0,1.0,830.0,764.81,1.0,4.0,1.0,0,3.0,,3.0,1594.81,Other,531.6033333333334,1594.81,69.16666666666667
559148,F,True,False,usa,chicago,UGN,54,1.0,0.0,2.0,1.6666666666666667,323.2,1520.63,1.5,1.5,1.0,0,3.0,,3.0,1843.8300000000002,Other,614.61,1106.298,47.88148148148148
559164,M,False,False,usa,new york,LGA,45,0.0,0.0,1.0,1.0,235.0,372.54,1.0,1.0,1.0,0,1.0,,1.0,607.54,Other,607.54,607.54,235.0
559211,F,True,True,usa,columbus,LCK,45,0.0,0.0,4.0,1.0,1622.0,954.009,1.0,3.0,0.5,0,3.0,,4.0,2576.009,Other,644.00225,2576.009,135.16666666666666
559266,F,False,False,usa,new york,JFK,52,0.0,0.0,1.0,1.0,390.0,78.18,1.0,3.0,0.0,0,1.0,,1.0,468.18,Other,468.18,468.18,130.0
559277,F,False,False,canada,edmonton,YEG,32,0.0,3.0,1.0,1.0,4848.2,568.65,1.0,6.75,0.0,0,1.0,,4.0,5416.849999999999,Other,1354.2124999999999,5416.849999999999,179.56296296296296
559464,F,False,False,usa,orlando,MCO,38,1.0,0.0,1.0,1.0,1573.0,705.6700000000001,1.0,11.0,0.5,0,2.0,,2.0,2278.67,Other,1139.335,2278.67,71.5
559758,F,True,True,usa,chicago,ORD,50,0.0,1.0,0.0,,858.0,0.0,1.0,6.0,,0,0.0,,1.0,858.0,Other,858.0,,143.0
559782,F,False,False,usa,lubbock,LBB,41,0.0,0.0,4.0,1.25,2733.5,1909.013,1.25,3.25,0.25,0,4.0,,4.0,4642.513,Other,1160.62825,3714.0104,168.21538461538464
559794,F,True,False,usa,los angeles,LAX,40,1.0,0.0,4.0,1.0,1819.1,2415.6,1.0,2.75,0.8,0,5.0,,5.0,4234.7,Other,846.9399999999999,4234.7,132.2981818181818
559863,F,False,False,usa,indianapolis,IND,36,0.0,0.0,3.0,1.6666666666666667,1749.0,807.19,1.6666666666666667,4.0,0.6666666666666666,0,3.0,,3.0,2556.19,Other,852.0633333333334,1533.714,87.45
559918,F,False,False,canada,calgary,YYC,44,0.0,2.0,1.0,1.0,6459.0,417.71,1.3333333333333333,6.666666666666667,1.0,0,1.0,,3.0,6876.71,Other,2292.2366666666667,6876.71,242.21249999999998
560125,M,False,False,canada,toronto,YZD,44,0.0,0.0,2.0,1.5,2542.3,2724.65,1.5,5.5,1.0,0,2.0,,2.0,5266.950000000001,Other,2633.4750000000004,3511.3000000000006,154.0787878787879
560195,F,False,False,usa,miami,OPF,45,1.0,1.0,4.0,1.4,3174.2,4506.74,1.4,3.6,0.4,0,5.0,,6.0,7680.94,Other,1280.1566666666665,5486.385714285714,104.96693121693121
560257,F,True,True,usa,bakersfield,BFL,57,0.0,1.0,0.0,,255.0,0.0,1.0,3.0,,0,0.0,,1.0,255.0,Other,255.0,,85.0
560291,F,True,False,usa,el paso,BIF,48,1.0,0.0,2.0,1.0,1363.0,1218.063,1.0,4.5,1.0,0,3.0,,3.0,2581.063,Other,860.3543333333333,2581.063,100.96296296296296
560341,F,True,True,usa,omaha,OMA,49,0.0,2.0,1.0,1.0,2052.0,322.31,1.3333333333333333,6.333333333333333,0.0,0,1.0,,3.0,2374.31,Other,791.4366666666666,2374.31,81.0
560362,F,False,False,usa,new york,LGA,47,0.0,0.0,4.0,1.0,1101.0,1299.538,1.0,1.5,1.0,0,4.0,,4.0,2400.538,Other,600.1345,2400.538,183.5
560468,F,True,True,canada,toronto,YTZ,43,0.0,0.0,3.0,1.0,2514.0,295.25,1.0,5.333333333333333,0.3333333333333333,0,2.0,,3.0,2809.25,Other,936.4166666666666,2809.25,157.125
560508,F,False,False,usa,minneapolis,MSP,55,1.0,0.0,0.0,1.0,0.0,323.14,,,0.0,0,1.0,,1.0,323.14,Other,323.14,323.14,
560803,F,True,False,usa,boston,BOS,46,0.0,0.0,5.0,1.4,3483.0,6365.467000000001,1.4,3.4,0.4,0,5.0,,5.0,9848.467,Other,1969.6934,7034.619285714287,146.34453781512607
560888,F,False,False,usa,cleveland,CLE,51,1.0,0.0,2.0,1.3333333333333333,3258.0,978.43,1.5,3.0,0.6666666666666666,0,3.0,,3.0,4236.43,Other,1412.1433333333334,3177.3225,241.33333333333334
561033,F,True,True,canada,toronto,YTZ,56,0.0,0.0,4.0,1.25,1990.8,1407.89,1.25,2.0,1.0,0,4.0,,4.0,3398.69,Other,849.6725,2718.952,199.07999999999998
561037,F,False,False,usa,san antonio,RND,40,0.0,1.0,1.0,1.0,3190.0,326.74,1.0,10.0,1.0,0,1.0,,2.0,3516.74,Other,1758.37,3516.74,159.5
561243,F,False,False,usa,san diego,NZY,46,1.0,0.0,3.0,1.0,1646.4,2257.8900000000003,1.0,4.333333333333333,0.5,0,4.0,,4.0,3904.2900000000004,Other,976.0725000000001,3904.2900000000004,94.9846153846154
561331,F,False,True,usa,sacramento,SMF,43,0.0,0.0,2.0,1.0,1113.9,722.6600000000001,1.0,6.0,0.0,0,2.0,,2.0,1836.5600000000002,Other,918.2800000000001,1836.5600000000002,92.825
561353,F,False,False,usa,milwaukee,MKE,42,1.0,0.0,3.0,1.0,1138.0,951.44,1.0,2.6666666666666665,0.0,0,4.0,,4.0,2089.44,Other,522.36,2089.44,106.6875
561503,F,False,False,canada,toronto,YYZ,41,1.0,1.0,2.0,1.0,1530.0,1235.1205,1.3333333333333333,5.333333333333333,0.3333333333333333,0,2.0,,4.0,2765.1205,Other,691.280125,2765.1205,53.7890625
561652,M,False,False,usa,lincoln,LNK,41,1.0,0.0,2.0,1.3333333333333333,670.0,2130.58,1.5,2.0,0.3333333333333333,0,2.0,,3.0,2800.58,Other,933.5266666666666,2100.435,74.44444444444444
561707,F,True,True,usa,san jose,SJC,44,2.0,0.0,0.0,1.0,0.0,1393.82,,,1.0,0,2.0,,2.0,1393.82,Other,696.91,1393.82,
561710,F,False,False,usa,los angeles,LAX,43,1.0,0.0,2.0,1.0,1044.0,1335.28,1.0,3.0,1.0,0,3.0,,3.0,2379.2799999999997,Other,793.0933333333332,2379.2799999999997,116.0
561798,F,True,False,usa,new york,LGA,51,0.0,0.0,3.0,1.0,970.0,1572.7400000000002,1.0,3.333333333333333,0.0,0,3.0,,3.0,2542.7400000000002,Other,847.58,2542.7400000000002,97.0
561864,F,False,False,usa,long beach,LGB,41,0.0,1.0,2.0,1.0,3384.0,781.64,1.0,4.666666666666667,0.5,0,2.0,,3.0,4165.64,Other,1388.5466666666669,4165.64,241.7142857142857
561896,F,True,True,usa,new york,JFK,49,0.0,0.0,1.0,1.0,675.0,677.81,1.0,3.0,1.0,0,1.0,,1.0,1352.81,Other,1352.81,1352.81,225.0
561992,M,True,True,canada,montreal,YMX,45,0.0,0.0,2.0,1.0,1194.0,706.72,1.0,4.0,0.5,0,2.0,,2.0,1900.72,Other,950.36,1900.72,149.25
561994,F,True,False,usa,laredo,LRD,51,0.0,0.0,3.0,1.0,932.0,1130.598,1.0,2.333333333333333,0.0,0,3.0,,3.0,2062.598,Other,687.5326666666666,2062.598,133.14285714285717
562010,M,False,True,usa,new york,LGA,43,2.0,0.0,3.0,1.0,303.0,2205.24,1.0,1.0,0.6,0,5.0,,5.0,2508.24,Other,501.64799999999997,2508.24,60.6
562238,F,True,True,usa,new york,LGA,50,0.0,0.0,1.0,1.0,140.0,356.35,1.0,1.0,1.0,0,1.0,,1.0,496.35,Other,496.35,496.35,140.0
562398,F,False,False,usa,tacoma,TCM,41,0.0,1.0,3.0,1.0,5027.4,1220.9625,1.25,5.0,0.3333333333333333,0,3.0,,4.0,6248.362499999999,Other,1562.0906249999998,6248.362499999999,201.09599999999998
562428,F,False,False,usa,colorado springs,COS,46,0.0,0.0,3.0,1.6666666666666667,4576.0,3486.868,1.6666666666666667,3.6666666666666665,0.3333333333333333,0,3.0,,3.0,8062.868,Other,2687.6226666666666,4837.7208,249.6
562529,F,True,True,usa,oklahoma city,TIK,42,0.0,0.0,4.0,1.0,1486.6,1514.575,1.0,1.75,0.75,0,4.0,,4.0,3001.175,Other,750.29375,3001.175,212.37142857142857
562576,F,True,False,usa,chicago,UGN,50,1.0,2.0,0.0,2.0,1654.6,1971.3,1.0,5.0,1.0,0,1.0,,3.0,3625.8999999999996,Other,1208.6333333333332,1812.9499999999998,110.30666666666666
562587,F,False,True,usa,little rock,LIT,32,0.0,1.0,0.0,,1017.0,0.0,1.0,9.0,,0,0.0,,1.0,1017.0,Other,1017.0,,113.0
562708,F,True,False,usa,louisville,LOU,49,0.0,0.0,5.0,1.0,1882.0,926.107,1.0,1.8,0.6,0,5.0,,5.0,2808.107,Other,561.6214,2808.107,209.1111111111111
562814,M,False,False,usa,new york,JFK,19,0.0,1.0,0.0,,1518.0,0.0,2.0,11.0,,0,0.0,,1.0,1518.0,Other,1518.0,,69.0
562886,F,True,False,usa,san francisco,SFO,49,0.0,0.0,4.0,1.0,950.0,1213.84,1.0,1.5,1.0,0,3.0,,4.0,2163.84,Other,540.96,2163.84,158.33333333333334
563052,F,False,False,usa,houston,HOU,27,0.0,1.0,0.0,,312.0,0.0,1.0,4.0,,0,0.0,,1.0,312.0,Other,312.0,,78.0
563201,F,False,False,usa,los angeles,LAX,29,1.0,0.0,2.0,1.6666666666666667,2096.0,6836.879999999999,2.0,7.5,0.0,0,3.0,,3.0,8932.88,Other,2977.6266666666666,5359.727999999999,46.577777777777776
563489,F,False,False,usa,denver,DEN,46,1.0,1.0,3.0,1.25,1783.05,2448.5545,1.25,3.75,0.25,0,4.0,,5.0,4231.6045,Other,846.3209,3385.2836,76.0768
563544,F,True,True,usa,new york,LGA,52,0.0,0.0,3.0,1.0,2033.4,1054.62,1.0,3.6666666666666665,1.0,0,3.0,,3.0,3088.02,Other,1029.34,3088.02,184.85454545454547
563691,F,False,True,usa,san diego,SAN,20,0.0,1.0,0.0,,525.0,0.0,1.0,5.0,,0,0.0,,1.0,525.0,Other,525.0,,105.0
563731,F,True,False,usa,washington,IAD,51,1.0,1.0,3.0,1.25,5337.0,2870.1655,1.25,6.0,0.25,0,4.0,,5.0,8207.1655,Other,1641.4330999999997,6565.732399999999,142.32000000000002
563735,F,False,False,canada,vancouver,YVR,51,2.0,0.0,3.0,1.4,3604.95,9360.2425,1.6666666666666667,5.333333333333333,0.6,0,4.0,,5.0,12965.192500000001,Other,2593.0385,9260.851785714287,81.11137500000001
563787,F,False,False,usa,dallas,DAL,43,1.0,1.0,2.0,1.0,898.0,803.7195,1.0,2.6666666666666665,0.0,0,3.0,,4.0,1701.7195000000002,Other,425.42987500000004,1701.7195000000002,84.1875
563882,F,False,False,usa,portland,PDX,35,0.0,0.0,3.0,1.6666666666666667,3725.0,4829.929999999999,1.6666666666666667,3.6666666666666665,0.3333333333333333,0,3.0,,3.0,8554.93,Other,2851.6433333333334,5132.958,203.1818181818182
563974,F,True,True,usa,miami,MIA,59,0.0,1.0,0.0,,804.0,0.0,1.0,6.0,,0,0.0,,1.0,804.0,Other,804.0,,134.0
564219,F,False,True,usa,baltimore,BWI,44,0.0,1.0,3.0,1.0,2258.0,707.84,1.0,3.5,0.6666666666666666,0,3.0,,4.0,2965.84,Other,741.46,2965.84,161.28571428571428
564377,F,False,False,usa,new york,LGA,39,1.0,1.0,1.0,1.0,552.0,1016.8480000000002,1.0,3.0,0.5,0,2.0,,3.0,1568.8480000000002,Other,522.9493333333334,1568.8480000000002,61.333333333333336
564517,F,True,False,usa,fort worth,FTW,59,0.0,0.0,4.0,1.0,2109.0,1249.547,1.0,4.0,1.0,0,4.0,,4.0,3358.547,Other,839.63675,3358.547,131.8125
564534,F,True,False,usa,new york,LGA,47,0.0,0.0,3.0,1.0,2729.2,1259.72,1.0,4.333333333333333,0.0,0,3.0,,3.0,3988.92,Other,1329.64,3988.92,209.93846153846152
564588,F,False,True,usa,indianapolis,IND,20,0.0,2.0,0.0,,948.0,0.0,1.0,4.0,,0,0.0,,2.0,948.0,Other,474.0,,118.5
564593,F,False,False,usa,las vegas,LAS,30,0.0,1.0,1.0,1.0,918.0,619.56,1.0,5.0,0.0,0,1.0,,2.0,1537.56,Other,768.78,1537.56,91.8
564604,F,True,False,usa,reno,RNO,40,1.0,0.0,2.0,1.0,818.0,797.919,1.0,1.5,1.0,0,2.0,,3.0,1615.9189999999999,Other,538.6396666666666,1615.9189999999999,181.7777777777778
564699,F,False,True,usa,new york,LGA,31,0.0,0.0,4.0,1.0,1373.0,828.63,1.0,2.25,0.5,0,4.0,,4.0,2201.63,Other,550.4075,2201.63,152.55555555555554
564736,M,False,False,usa,denver,DEN,52,0.0,0.0,5.0,1.4,4643.6,4464.79,1.4,4.0,0.4,0,5.0,,5.0,9108.39,Other,1821.6779999999999,6505.992857142857,165.84285714285716
564737,F,False,False,usa,charlotte,CLT,48,0.0,0.0,1.0,2.0,212.5,522.478,2.0,1.0,1.0,0,1.0,,1.0,734.978,Other,734.978,367.489,106.25
565109,F,False,False,usa,chicago,UGN,31,1.0,0.0,3.0,1.0,1518.0,1010.5155,1.0,2.333333333333333,0.75,0,4.0,,4.0,2528.5155,Other,632.128875,2528.5155,162.64285714285717
565114,F,False,False,usa,philadelphia,PNE,36,2.0,1.0,1.0,1.0,1147.55,1377.2285,1.0,7.0,1.0,0,3.0,,4.0,2524.7785,Other,631.194625,2524.7785,40.98392857142857
565251,F,False,False,canada,calgary,YYC,36,0.0,0.0,3.0,1.0,1005.8,1540.104,1.0,2.333333333333333,0.3333333333333333,0,3.0,,3.0,2545.904,Other,848.6346666666667,2545.904,143.68571428571428
565419,F,False,False,usa,new york,JFK,48,2.0,0.0,1.0,1.0,360.05,373.2415,1.0,1.0,0.6666666666666666,0,3.0,,3.0,733.2915,Other,244.43050000000002,733.2915,120.01666666666667
565460,F,False,True,usa,chicago,ORD,40,0.0,1.0,2.0,1.0,2829.0,541.88,1.0,5.333333333333333,1.0,0,1.0,,3.0,3370.88,Other,1123.6266666666668,3370.88,176.8125
565573,F,False,False,usa,fort worth,FTW,40,0.0,0.0,6.0,1.0,3645.0,2000.17,1.0,2.6666666666666665,1.0,0,5.0,,6.0,5645.17,Other,940.8616666666667,5645.17,227.8125
565764,F,False,True,canada,montreal,YUL,33,0.0,0.0,1.0,1.0,1200.0,91.96,1.0,5.0,1.0,0,1.0,,1.0,1291.96,Other,1291.96,1291.96,240.0
565768,F,False,False,canada,calgary,YYC,34,1.0,1.0,3.0,1.25,1957.0,3502.627,1.25,1.75,1.0,0,4.0,,5.0,5459.627,Other,1091.9254,4367.7016,178.9257142857143
565791,F,False,False,usa,dallas,DAL,53,0.0,0.0,3.0,1.0,4196.0,777.933,1.0,6.0,0.3333333333333333,0,2.0,,3.0,4973.933,Other,1657.9776666666667,4973.933,233.11111111111111
565826,F,False,True,usa,providence,PVD,27,0.0,1.0,0.0,,2112.0,0.0,2.0,11.0,,0,0.0,,1.0,2112.0,Other,2112.0,,96.0
566061,M,True,True,canada,toronto,YZD,54,0.0,0.0,3.0,1.0,564.0,1283.0,1.0,2.0,0.6666666666666666,0,3.0,,3.0,1847.0,Other,615.6666666666666,1847.0,94.0
566787,F,False,False,usa,san antonio,SKF,44,1.0,0.0,2.0,1.3333333333333333,780.0,2705.38,1.0,2.5,0.6666666666666666,0,2.0,,3.0,3485.38,Other,1161.7933333333333,2614.0350000000003,104.0
566875,F,False,False,canada,toronto,YZD,55,1.0,0.0,4.0,1.6,1964.0,3497.29,1.0,2.25,0.8,0,3.0,,5.0,5461.29,Other,1092.258,3413.3062499999996,174.57777777777778
566881,M,True,True,usa,new york,LGA,55,1.0,0.0,4.0,1.2,1863.0,4085.234,1.25,4.25,0.8,0,4.0,,5.0,5948.234,Other,1189.6468,4956.861666666668,70.1364705882353
567052,M,False,False,usa,dallas,DAL,19,0.0,1.0,0.0,,665.0,0.0,1.0,7.0,,0,0.0,,1.0,665.0,Other,665.0,,95.0
567219,F,False,False,usa,washington,IAD,39,0.0,0.0,3.0,1.0,959.0,547.03,1.0,2.0,0.6666666666666666,0,3.0,,3.0,1506.03,Other,502.01,1506.03,159.83333333333334
567243,F,False,True,usa,houston,IAH,35,0.0,0.0,1.0,1.0,1845.0,250.08,1.0,9.0,1.0,0,1.0,,1.0,2095.08,Other,2095.08,2095.08,205.0
567478,F,False,False,usa,tacoma,TCM,39,1.0,0.0,3.0,1.25,4391.6,5380.29,1.3333333333333333,4.0,0.75,0,4.0,,4.0,9771.89,Other,2442.9725,7817.512,205.85625000000002
567547,F,False,False,usa,san jose,SJC,36,1.0,0.0,1.0,1.5,1032.0,3313.9700000000003,2.0,4.0,1.0,0,2.0,,2.0,4345.97,Other,2172.985,2897.3133333333335,64.5
567778,F,False,True,usa,san diego,SAN,45,0.0,1.0,3.0,1.0,5019.0,970.22,1.0,5.25,0.3333333333333333,0,3.0,,4.0,5989.22,Other,1497.305,5989.22,239.0
568004,F,True,True,canada,winnipeg,YWG,56,0.0,0.0,3.0,1.0,1077.0,1121.55,1.0,3.0,0.6666666666666666,0,2.0,,3.0,2198.55,Other,732.85,2198.55,119.66666666666667
568064,F,True,False,usa,santa ana,SNA,48,0.0,0.0,2.0,1.0,1909.7,830.0,1.0,10.5,1.0,0,2.0,,2.0,2739.7,Other,1369.85,2739.7,90.93809523809524
568078,F,True,True,usa,san jose,SJC,39,1.0,0.0,1.0,1.0,1236.0,1406.69,1.0,6.0,0.5,0,2.0,,2.0,2642.69,Other,1321.345,2642.69,103.0
568155,F,False,True,usa,san jose,SJC,24,0.0,1.0,0.0,,5122.0,0.0,2.0,13.0,,0,0.0,,1.0,5122.0,Other,5122.0,,197.0
568167,F,False,False,usa,san diego,SAN,35,0.0,1.0,3.0,1.3333333333333333,3500.0,3585.423,1.25,4.75,0.3333333333333333,0,3.0,,4.0,7085.423,Other,1771.35575,5314.06725,147.3684210526316
568385,F,True,False,usa,jacksonville,NZC,48,0.0,0.0,4.0,1.25,1228.0,2078.43,1.25,3.0,0.75,0,4.0,,4.0,3306.43,Other,826.6075,2645.144,81.86666666666666
568463,F,False,False,usa,tampa,MCF,55,0.0,0.0,2.0,1.0,1499.0,339.207,1.0,4.5,0.0,0,2.0,,2.0,1838.2069999999999,Other,919.1034999999999,1838.2069999999999,166.55555555555554
568713,M,False,False,usa,burlington,BTV,50,0.0,1.0,3.0,1.0,2204.0,1161.5,1.0,2.25,0.3333333333333333,0,3.0,,4.0,3365.5,Other,841.375,3365.5,244.88888888888889
568790,M,False,False,usa,new orleans,MSY,54,0.0,0.0,3.0,1.0,1728.0,955.24,1.0,3.0,0.6666666666666666,0,3.0,,3.0,2683.24,Other,894.4133333333333,2683.24,192.0
569342,F,True,True,canada,ottawa,YOW,38,2.0,0.0,1.0,1.0,312.0,1539.62,1.0,2.0,0.6666666666666666,0,3.0,,3.0,1851.62,Other,617.2066666666666,1851.62,52.0
569458,F,False,False,canada,toronto,YYZ,34,0.0,0.0,1.0,1.0,917.0,98.49,1.0,7.0,1.0,0,1.0,,1.0,1015.49,Other,1015.49,1015.49,131.0
569466,F,True,True,usa,portland,PWM,43,0.0,0.0,3.0,1.0,785.0,670.96,1.0,2.333333333333333,0.3333333333333333,0,2.0,,3.0,1455.96,Other,485.32,1455.96,112.14285714285717
569534,F,True,False,canada,ottawa,YOW,51,3.0,0.0,2.0,1.2,534.0,3463.807,1.0,1.5,0.6,0,4.0,,5.0,3997.807,Other,799.5613999999999,3331.505833333333,71.2
569572,F,True,True,usa,new york,LGA,44,0.0,1.0,3.0,1.0,2832.9,796.8919999999999,1.0,4.5,0.6666666666666666,0,3.0,,4.0,3629.792,Other,907.448,3629.792,157.38333333333333
569817,M,True,False,usa,houston,IAH,38,0.0,1.0,2.0,1.0,2249.8,139.43,1.3333333333333333,6.666666666666667,1.0,0,1.0,,3.0,2389.23,Other,796.41,2389.23,84.3675
569923,M,False,False,usa,san diego,SAN,26,1.0,0.0,0.0,1.0,0.0,646.32,,,0.0,0,1.0,,1.0,646.32,Other,646.32,646.32,
570021,F,False,True,usa,tucson,DMA,39,0.0,0.0,3.0,1.3333333333333333,834.0,2887.69,1.3333333333333333,1.6666666666666667,1.0,0,2.0,,3.0,3721.69,Other,1240.5633333333333,2791.2675000000004,125.1
570219,F,False,False,usa,houston,HOU,40,1.0,0.0,3.0,1.0,551.0,1346.89,1.0,2.6666666666666665,0.75,0,4.0,,4.0,1897.89,Other,474.4725,1897.89,51.65625
570224,F,False,False,usa,st. petersburg,SPG,39,0.0,0.0,2.0,1.0,856.0,592.6800000000001,1.0,2.5,0.5,0,1.0,,2.0,1448.68,Other,724.34,1448.68,171.2
570226,F,False,False,canada,london,YXU,33,0.0,0.0,4.0,1.0,2222.0,1053.67,1.0,3.75,0.75,0,4.0,,4.0,3275.67,Other,818.9175,3275.67,148.13333333333333
570291,F,True,True,usa,jacksonville,LRF,57,0.0,0.0,2.0,1.0,1735.2,467.8,1.0,4.0,0.5,0,2.0,,2.0,2203.0,Other,1101.5,2203.0,216.9
570601,M,True,True,usa,baltimore,BWI,40,1.0,0.0,1.0,1.0,1576.0,393.275,1.0,8.0,1.0,0,2.0,,2.0,1969.275,Other,984.6375,1969.275,98.5
570666,F,True,False,canada,winnipeg,YAV,37,0.0,1.0,2.0,1.0,2117.4,778.55,1.0,4.0,1.0,0,2.0,,3.0,2895.95,Other,965.3166666666666,2895.95,176.45000000000002
570930,F,False,False,usa,new york,JFK,20,0.0,1.0,0.0,,712.5,0.0,1.0,10.0,,0,0.0,,1.0,712.5,Other,712.5,,71.25
571015,F,True,False,usa,austin,AUS,32,0.0,0.0,5.0,1.0,4145.6,1035.59,1.0,4.0,0.4,0,5.0,,5.0,5181.1900000000005,Other,1036.238,5181.1900000000005,207.28000000000003
571200,F,False,False,canada,halifax,YAW,49,0.0,1.0,4.0,1.0,1488.0,1563.756,1.0,2.8,1.0,0,4.0,,5.0,3051.7560000000003,Other,610.3512000000001,3051.7560000000003,106.2857142857143
571363,F,False,False,usa,sacramento,MCC,48,0.0,1.0,2.0,1.5,2175.0,1907.24,1.3333333333333333,4.666666666666667,1.0,0,1.0,,3.0,4082.24,Other,1360.7466666666667,2721.4933333333333,116.51785714285714
571560,F,False,False,usa,tulsa,TUL,53,1.0,0.0,2.0,1.0,2021.0,915.617,1.0,4.5,0.6666666666666666,0,3.0,,3.0,2936.617,Other,978.8723333333334,2936.617,149.7037037037037
571561,F,False,False,usa,des moines,DSM,34,0.0,1.0,0.0,,1065.6,0.0,2.0,6.0,,0,0.0,,1.0,1065.6,Other,1065.6,,88.8
571637,F,False,True,usa,seattle,BFI,43,1.0,1.0,1.0,1.0,1456.0,1187.17,1.0,8.5,1.0,0,2.0,,3.0,2643.17,Other,881.0566666666667,2643.17,57.09803921568627
571639,F,True,True,usa,san francisco,SFO,43,1.0,0.0,1.0,1.0,126.0,881.69,1.0,2.0,1.0,0,2.0,,2.0,1007.69,Other,503.845,1007.69,31.5
571864,F,False,False,usa,madison,MSN,39,0.0,0.0,3.0,1.3333333333333333,1101.0,1655.966,1.3333333333333333,3.6666666666666665,0.0,0,3.0,,3.0,2756.966,Other,918.9886666666666,2067.7245000000003,75.06818181818183
571940,F,False,True,usa,richmond,RIC,38,0.0,2.0,0.0,,3424.0,0.0,1.0,7.5,,0,0.0,,2.0,3424.0,Other,1712.0,,228.26666666666668
572154,F,True,True,usa,omaha,OFF,49,0.0,1.0,0.0,,84.0,0.0,1.0,1.0,,0,0.0,,1.0,84.0,Other,84.0,,84.0
572479,F,True,False,usa,portland,PWM,49,0.0,0.0,4.0,1.0,662.0,1141.52,1.0,2.75,0.25,0,3.0,,4.0,1803.52,Other,450.88,1803.52,60.18181818181818
572538,M,True,False,usa,madison,MSN,55,0.0,0.0,3.0,1.0,2313.55,710.6600000000001,1.0,5.0,0.6666666666666666,0,3.0,,3.0,3024.21,Other,1008.07,3024.21,154.23666666666668
572632,F,True,True,usa,lubbock,LBB,47,0.0,0.0,3.0,1.0,1116.7,823.04,1.0,2.333333333333333,0.6666666666666666,0,3.0,,3.0,1939.74,Other,646.58,1939.74,159.52857142857147
572744,F,True,False,canada,ottawa,YOW,33,0.0,1.0,3.0,1.0,3506.8,1347.1,1.0,3.75,0.0,0,2.0,,4.0,4853.9,Other,1213.475,4853.9,233.7866666666667
573237,F,False,True,canada,calgary,YYC,38,0.0,0.0,1.0,1.0,348.0,399.84,1.0,2.0,1.0,0,1.0,,1.0,747.8399999999999,Other,747.8399999999999,747.8399999999999,174.0
573249,M,False,False,canada,edmonton,YED,50,0.0,0.0,3.0,1.0,5079.3,1398.76,1.0,8.333333333333334,0.0,0,3.0,,3.0,6478.06,Other,2159.3533333333335,6478.06,203.172
573291,F,True,False,canada,winnipeg,YWG,59,1.0,0.0,4.0,1.0,1268.0,1456.4229999999998,1.0,3.0,0.2,0,4.0,,5.0,2724.423,Other,544.8846,2724.423,84.53333333333333
573365,F,False,False,canada,toronto,YZD,22,1.0,0.0,0.0,1.0,0.0,778.8755,,,0.0,0,1.0,,1.0,778.8755,Other,778.8755,778.8755,
573378,F,True,True,usa,new york,LGA,47,0.0,0.0,5.0,1.4,1680.0,4445.66,1.4,2.6,0.2,0,5.0,,5.0,6125.66,Other,1225.132,4375.471428571429,92.30769230769232
573379,F,True,False,canada,edmonton,YED,47,0.0,1.0,4.0,2.0,2544.6,10916.008,1.8,1.8,0.75,0,3.0,,5.0,13460.608,Other,2692.1216,6730.304,157.07407407407405
573420,F,False,False,usa,dallas,DAL,39,1.0,0.0,4.0,1.2,2980.4,2748.306,1.25,2.75,0.4,0,5.0,,5.0,5728.706,Other,1145.7412,4773.921666666667,173.40509090909092
573704,F,True,False,usa,new york,LGA,49,0.0,0.0,5.0,1.0,2360.0,2032.984,1.0,3.0,0.4,0,5.0,,5.0,4392.984,Other,878.5968,4392.984,157.33333333333334
573719,F,True,True,canada,saskatoon,YXE,50,1.0,0.0,0.0,1.0,0.0,447.55,,,0.0,0,1.0,,1.0,447.55,Other,447.55,447.55,
573922,F,True,True,usa,tulsa,TUL,43,0.0,0.0,2.0,1.5,1362.0,708.256,1.5,6.0,0.0,0,2.0,,2.0,2070.256,Other,1035.128,1380.1706666666666,75.66666666666667
573939,F,True,False,usa,chicago,MDW,54,0.0,2.0,2.0,1.0,4600.0,910.72,1.25,6.0,1.0,0,2.0,,4.0,5510.72,Other,1377.68,5510.72,153.33333333333334
574071,F,True,False,canada,winnipeg,YWG,47,0.0,0.0,4.0,1.0,1810.0,1258.58,1.0,2.5,0.5,0,4.0,,4.0,3068.58,Other,767.145,3068.58,181.0
574104,F,False,False,canada,toronto,YTZ,56,0.0,0.0,4.0,1.0,991.0,818.5384999999999,1.0,2.25,0.5,0,4.0,,4.0,1809.5384999999999,Other,452.38462499999997,1809.5384999999999,110.11111111111111
574116,F,True,True,usa,stockton,SCK,47,0.0,1.0,0.0,,3276.0,0.0,2.0,7.0,,0,0.0,,1.0,3276.0,Other,3276.0,,234.0
574134,F,True,False,usa,houston,HOU,45,1.0,0.0,1.0,1.0,159.0,788.3299999999999,1.0,3.0,0.5,0,2.0,,2.0,947.3299999999999,Other,473.66499999999996,947.3299999999999,26.5
574440,F,True,True,usa,san francisco,SFO,52,0.0,0.0,2.0,1.0,1424.0,1133.25,1.0,3.0,1.0,0,2.0,,2.0,2557.25,Other,1278.625,2557.25,237.33333333333334
574909,F,True,True,usa,orlando,MCO,45,0.0,0.0,3.0,1.0,1184.8,870.32,1.0,1.6666666666666667,1.0,0,2.0,,3.0,2055.12,Other,685.04,2055.12,236.95999999999998
575419,F,False,False,usa,new york,LGA,44,2.0,1.0,2.0,1.5,5893.7,3965.15,1.3333333333333333,6.666666666666667,0.5,0,4.0,,5.0,9858.85,Other,1971.77,6572.566666666667,132.60825
575561,F,True,False,usa,el paso,BIF,48,0.0,0.0,3.0,1.0,934.0,879.98,1.0,2.0,1.0,0,3.0,,3.0,1813.98,Other,604.66,1813.98,155.66666666666666
575711,F,True,True,usa,santa ana,SNA,51,0.0,1.0,2.0,1.0,3397.0,1051.51,1.0,9.333333333333334,1.0,0,2.0,,3.0,4448.51,Other,1482.8366666666668,4448.51,121.32142857142856
575774,F,True,False,usa,oakland,OAK,43,0.0,0.0,3.0,1.0,1814.0,1492.39,1.0,4.0,0.3333333333333333,0,3.0,,3.0,3306.3900000000003,Other,1102.13,3306.3900000000003,151.16666666666666
575809,F,True,False,usa,los angeles,LAX,51,0.0,1.0,2.0,1.0,2077.0,1263.21,1.0,4.0,0.0,0,2.0,,3.0,3340.21,Other,1113.4033333333334,3340.21,173.08333333333334
575923,F,True,True,usa,washington,DCA,42,0.0,1.0,1.0,2.0,4844.0,262.98,1.5,12.5,0.0,0,1.0,,2.0,5106.98,Other,2553.49,2553.49,129.17333333333335
576357,F,True,False,usa,seattle,BFI,35,0.0,1.0,1.0,1.0,1839.0,115.85,2.0,5.0,1.0,0,1.0,,2.0,1954.85,Other,977.425,1954.85,91.95
576366,F,False,False,canada,toronto,YTZ,47,1.0,0.0,2.0,1.0,571.0,848.32,1.0,4.5,0.6666666666666666,0,3.0,,3.0,1419.3200000000002,Other,473.10666666666674,1419.3200000000002,42.2962962962963
576612,F,False,False,usa,austin,AUS,40,1.0,0.0,4.0,1.6,5490.0,5799.02,1.75,3.75,0.2,0,4.0,,5.0,11289.02,Other,2257.804,7055.6375,167.31428571428572
576879,F,True,True,usa,baton rouge,BTR,39,0.0,0.0,1.0,1.0,155.0,338.3,1.0,1.0,1.0,0,1.0,,1.0,493.3,Other,493.3,493.3,155.0
576962,F,False,False,usa,chicago,UGN,47,1.0,2.0,0.0,1.0,1167.0,2547.78,1.0,7.0,0.0,0,1.0,,3.0,3714.78,Other,1238.26,3714.78,55.57142857142857
576966,F,False,False,usa,memphis,MEM,57,0.0,0.0,2.0,1.0,1032.0,507.06000000000006,1.0,3.0,0.0,0,2.0,,2.0,1539.06,Other,769.53,1539.06,172.0
577046,F,True,True,usa,new york,JFK,44,0.0,0.0,1.0,1.0,177.0,94.26,1.0,3.0,0.0,0,1.0,,1.0,271.26,Other,271.26,271.26,59.0
577074,F,True,False,usa,chicago,ORD,55,0.0,1.0,3.0,1.0,2257.0,429.13,1.25,3.0,0.6666666666666666,0,3.0,,4.0,2686.13,Other,671.5325,2686.13,150.46666666666667
577255,F,False,False,usa,las vegas,LSV,48,0.0,1.0,2.0,2.0,1376.3,3379.824,2.0,2.0,0.5,0,2.0,,3.0,4756.124,Other,1585.3746666666666,2378.062,114.69166666666666
577534,F,True,False,usa,san antonio,SKF,27,0.0,0.0,1.0,2.0,398.0,1104.75,2.0,1.0,1.0,0,1.0,,1.0,1502.75,Other,1502.75,751.375,199.0
577638,F,False,False,canada,winnipeg,YWG,40,0.0,0.0,5.0,1.0,3372.7,1585.8525,1.0,3.0,0.6,0,3.0,,5.0,4958.5525,Other,991.7104999999999,4958.5525,224.84666666666666
577984,F,False,True,usa,el paso,ELP,49,0.0,0.0,3.0,1.0,1870.0,1119.62,1.0,4.0,0.3333333333333333,0,3.0,,3.0,2989.62,Other,996.54,2989.62,155.83333333333334
578396,F,True,True,usa,riverside,RIV,57,0.0,2.0,1.0,1.0,3531.0,690.99,1.0,5.0,1.0,0,1.0,,3.0,4221.99,Other,1407.33,4221.99,235.4
578503,F,True,False,usa,louisville,LOU,52,0.0,1.0,2.0,1.0,1914.6,306.7,1.0,4.333333333333333,1.0,0,2.0,,3.0,2221.2999999999997,Other,740.4333333333333,2221.2999999999997,147.27692307692308
578549,F,True,False,usa,austin,AUS,41,0.0,0.0,4.0,1.0,3270.1,1352.02,1.0,5.75,0.5,0,4.0,,4.0,4622.12,Other,1155.53,4622.12,142.1782608695652
578929,F,True,False,usa,los angeles,LAX,39,1.0,0.0,2.0,1.3333333333333333,642.0,2104.719,1.5,1.5,0.6666666666666666,0,3.0,,3.0,2746.719,Other,915.573,2060.0392500000003,95.1111111111111
579021,M,False,False,usa,omaha,OMA,39,0.0,0.0,1.0,1.0,102.0,396.55,1.0,1.0,1.0,0,1.0,,1.0,498.55,Other,498.55,498.55,102.0
579230,M,False,False,usa,baltimore,BWI,47,1.0,0.0,0.0,1.0,0.0,216.93,,,1.0,0,1.0,,1.0,216.93,Other,216.93,216.93,
579323,F,False,True,usa,new york,JFK,30,0.0,0.0,3.0,1.0,868.6,963.67,1.0,1.6666666666666667,1.0,0,3.0,,3.0,1832.27,Other,610.7566666666667,1832.27,173.72
579404,F,False,False,usa,san diego,SAN,40,0.0,0.0,4.0,1.5,1352.0,4287.4400000000005,1.5,2.25,0.0,0,4.0,,4.0,5639.4400000000005,Other,1409.8600000000001,3759.626666666667,100.14814814814815
579547,F,True,False,usa,columbus,LCK,48,1.0,0.0,2.0,1.3333333333333333,1883.0,2692.15,1.5,4.0,1.0,0,3.0,,3.0,4575.15,Other,1525.05,3431.3624999999997,104.6111111111111
579846,F,False,False,usa,new york,LGA,28,0.0,1.0,0.0,,2479.5,0.0,1.0,19.0,,0,0.0,,1.0,2479.5,Other,2479.5,,130.5
579999,F,False,False,usa,new york,LGA,19,0.0,1.0,0.0,,260.0,0.0,2.0,2.0,,0,0.0,,1.0,260.0,Other,260.0,,65.0
580077,F,True,False,usa,tampa,TPA,35,0.0,1.0,1.0,1.0,968.0,242.83,1.0,4.0,0.0,0,1.0,,2.0,1210.83,Other,605.415,1210.83,121.0
580460,F,False,True,usa,colorado springs,COS,45,1.0,0.0,2.0,1.0,726.0,627.2955000000001,1.0,5.0,0.3333333333333333,0,3.0,,3.0,1353.2955000000002,Other,451.09850000000006,1353.2955000000002,48.4
580578,F,False,True,canada,toronto,YTZ,45,0.0,0.0,4.0,1.25,1566.0,3960.85,1.25,2.25,0.25,0,4.0,,4.0,5526.85,Other,1381.7125,4421.4800000000005,139.2
580626,F,True,False,usa,santa ana,SNA,54,1.0,0.0,2.0,1.3333333333333333,889.0,3656.07,1.0,4.5,0.3333333333333333,0,3.0,,3.0,4545.07,Other,1515.0233333333333,3408.8025,65.85185185185185
580944,F,True,True,canada,winnipeg,YWG,43,1.0,1.0,1.0,1.0,1827.4,795.3199999999999,1.0,6.5,0.5,0,2.0,,3.0,2622.7200000000003,Other,874.2400000000001,2622.7200000000003,93.71282051282051
580971,M,False,False,canada,toronto,YTZ,45,0.0,0.0,2.0,1.0,1926.0,842.47,1.0,5.0,0.0,0,2.0,,2.0,2768.4700000000003,Other,1384.2350000000001,2768.4700000000003,192.6
581091,M,False,False,usa,dallas,DAL,34,0.0,0.0,4.0,1.0,1793.0,1630.97,1.0,3.25,0.75,0,4.0,,4.0,3423.9700000000003,Other,855.9925000000001,3423.9700000000003,137.92307692307693
581111,O,True,True,usa,las vegas,LSV,47,1.0,0.0,3.0,1.0,1303.2,1418.58,1.0,2.333333333333333,0.5,0,4.0,,4.0,2721.7799999999997,Other,680.4449999999999,2721.7799999999997,139.62857142857146
581307,F,False,False,usa,san antonio,SAT,33,0.0,1.0,2.0,1.0,4247.8,961.28,1.3333333333333333,5.666666666666667,0.0,0,2.0,,3.0,5209.08,Other,1736.36,5209.08,187.4029411764706
581412,F,False,False,usa,charlotte,CLT,50,0.0,0.0,2.0,1.0,1299.0,510.44,1.0,3.0,1.0,0,2.0,,2.0,1809.44,Other,904.72,1809.44,216.5
581438,M,True,False,usa,new york,JFK,42,0.0,0.0,3.0,2.0,2465.0,3320.365,2.0,5.0,1.0,0,3.0,,3.0,5785.365,Other,1928.455,2892.6825,82.16666666666666
581461,F,False,False,usa,new york,LGA,20,0.0,1.0,0.0,,302.0,0.0,2.0,1.0,,0,0.0,,1.0,302.0,Other,302.0,,151.0
581527,F,True,False,usa,san antonio,SAT,39,1.0,1.0,3.0,1.0,2180.65,1676.89,1.0,2.75,0.25,0,4.0,,5.0,3857.54,Other,771.508,3857.54,158.59272727272727
581666,F,True,False,usa,reno,RNO,54,0.0,0.0,3.0,1.0,4937.0,1901.43,1.0,8.333333333333334,0.6666666666666666,0,3.0,,3.0,6838.43,Other,2279.476666666667,6838.43,197.48
581721,F,False,False,canada,toronto,YKZ,45,0.0,0.0,5.0,1.2,3343.0,2487.99,1.2,5.6,0.4,0,5.0,,5.0,5830.99,Other,1166.1979999999999,4859.158333333334,99.49404761904763
581770,F,True,True,canada,vancouver,YVR,58,0.0,1.0,1.0,1.0,1082.0,490.36,1.0,4.0,0.0,0,1.0,,2.0,1572.3600000000001,Other,786.1800000000001,1572.3600000000001,135.25
582227,F,False,True,canada,halifax,YHZ,33,1.0,1.0,2.0,1.0,2688.0,1511.4005,1.0,5.666666666666667,0.3333333333333333,0,3.0,,4.0,4199.4005,Other,1049.850125,4199.4005,118.58823529411764
582482,F,True,False,usa,brownsville,BRO,42,0.0,1.0,1.0,1.0,392.0,584.72,1.5,2.5,1.0,0,1.0,,2.0,976.72,Other,488.36,976.72,52.266666666666666
582484,F,True,True,usa,indianapolis,IND,41,0.0,0.0,3.0,1.0,627.0,621.58,1.0,1.6666666666666667,0.6666666666666666,0,3.0,,3.0,1248.58,Other,416.1933333333333,1248.58,125.39999999999999
582995,F,False,False,usa,omaha,OFF,42,1.0,1.0,2.0,1.0,1561.0,804.89,1.0,3.333333333333333,0.3333333333333333,0,3.0,,4.0,2365.89,Other,591.4725,2365.89,117.07500000000002
583087,F,True,True,usa,chicago,UGN,48,0.0,0.0,3.0,1.3333333333333333,1590.4,1291.75,1.3333333333333333,3.6666666666666665,0.3333333333333333,0,2.0,,3.0,2882.15,Other,960.7166666666667,2161.6125,108.43636363636365
583134,F,False,False,usa,minneapolis,MSP,36,0.0,0.0,1.0,1.0,231.0,195.5575,1.0,1.0,1.0,0,1.0,,1.0,426.5575,Other,426.5575,426.5575,231.0
583200,F,True,False,usa,new york,LGA,42,1.0,0.0,1.0,1.0,648.0,1044.656,1.0,4.0,1.0,0,2.0,,2.0,1692.656,Other,846.328,1692.656,81.0
583297,F,True,True,usa,los angeles,LAX,56,0.0,0.0,4.0,1.0,2448.0,2223.502,1.0,3.25,0.5,0,4.0,,4.0,4671.502,Other,1167.8755,4671.502,188.30769230769232
583336,F,False,True,usa,columbus,CMH,38,0.0,1.0,1.0,1.0,1796.0,280.75,1.0,6.0,0.0,0,1.0,,2.0,2076.75,Other,1038.375,2076.75,149.66666666666666
583486,F,True,False,usa,houston,HOU,47,0.0,0.0,4.0,1.5,2360.0,4936.32,1.5,2.25,1.0,0,4.0,,4.0,7296.32,Other,1824.08,4864.213333333333,174.8148148148148
583526,F,False,True,usa,san jose,SJC,33,0.0,1.0,2.0,1.0,2061.0,1069.98,1.0,5.0,0.5,0,1.0,,3.0,3130.98,Other,1043.66,3130.98,137.4
583612,F,False,True,usa,st. louis,STL,41,1.0,0.0,3.0,1.25,3656.0,12735.7,1.0,8.0,0.5,0,4.0,,4.0,16391.7,Other,4097.925,13113.36,114.25
583623,F,False,True,usa,tucson,TUS,57,0.0,0.0,1.0,1.0,426.0,633.95,1.0,3.0,0.0,0,1.0,,1.0,1059.95,Other,1059.95,1059.95,142.0
583976,F,True,False,usa,los angeles,LAX,40,0.0,0.0,2.0,1.0,1347.3000000000002,424.862,1.0,3.0,0.0,0,2.0,,2.0,1772.1620000000003,Other,886.0810000000001,1772.1620000000003,224.55000000000004
584530,F,True,True,usa,brownsville,BRO,45,0.0,0.0,4.0,1.5,5846.8,5211.669,1.5,5.5,1.0,0,3.0,,4.0,11058.469000000001,Other,2764.6172500000002,7372.312666666668,177.1757575757576
585745,F,True,False,usa,lubbock,LBB,49,1.0,0.0,3.0,1.0,1412.3,1262.62,1.0,2.333333333333333,0.0,0,3.0,,4.0,2674.92,Other,668.73,2674.92,151.31785714285715
585965,F,False,False,usa,fort worth,FTW,50,0.0,0.0,3.0,1.0,1181.0,801.59,1.0,3.0,0.6666666666666666,0,3.0,,3.0,1982.5900000000001,Other,660.8633333333333,1982.5900000000001,131.22222222222223
586006,F,False,True,usa,los angeles,LAX,44,0.0,0.0,3.0,1.0,1366.0,1300.17,1.0,3.333333333333333,1.0,0,3.0,,3.0,2666.17,Other,888.7233333333334,2666.17,136.6
586124,M,False,False,usa,louisville,LOU,45,0.0,0.0,2.0,1.0,1047.5,430.09,1.0,5.0,1.0,0,2.0,,2.0,1477.59,Other,738.795,1477.59,104.75
586312,F,False,False,usa,new york,JFK,46,0.0,0.0,3.0,1.0,749.0,1777.36,1.0,1.3333333333333333,0.6666666666666666,0,3.0,,3.0,2526.3599999999997,Other,842.1199999999999,2526.3599999999997,187.25
586631,F,False,True,usa,nashville,BNA,37,1.0,0.0,1.0,1.0,110.0,315.26,1.0,1.0,1.0,0,2.0,,2.0,425.26,Other,212.63,425.26,55.0
586672,F,False,False,usa,baltimore,BWI,28,1.0,0.0,3.0,1.25,906.0,2135.0725,1.0,3.0,0.5,0,3.0,,4.0,3041.0725,Other,760.268125,2432.858,75.5
586732,F,False,False,canada,london,YXU,34,0.0,0.0,4.0,1.0,1867.0,915.99,1.0,3.75,1.0,0,4.0,,4.0,2782.99,Other,695.7475,2782.99,124.46666666666667
586803,F,True,True,usa,corpus christi,CRP,38,0.0,1.0,0.0,,1080.0,0.0,2.0,4.0,,0,0.0,,1.0,1080.0,Other,1080.0,,135.0
586936,F,False,False,usa,tucson,DMA,51,0.0,1.0,1.0,3.0,2661.6000000000004,3656.94,2.0,11.5,1.0,0,1.0,,2.0,6318.540000000001,Other,3159.2700000000004,2106.1800000000003,57.8608695652174
587304,F,True,False,usa,chicago,MDW,51,0.0,1.0,2.0,1.0,1100.7,273.003,1.0,3.0,1.0,0,2.0,,3.0,1373.703,Other,457.901,1373.703,122.30000000000001
587802,F,False,False,usa,los angeles,LAX,51,0.0,0.0,2.0,1.0,2211.0,1233.08,1.0,9.5,0.5,0,2.0,,2.0,3444.08,Other,1722.04,3444.08,116.36842105263158
587810,F,False,True,usa,lincoln,LNK,55,1.0,0.0,2.0,1.3333333333333333,2018.0,1500.373,1.0,4.0,0.6666666666666666,0,2.0,,3.0,3518.373,Other,1172.791,2638.77975,168.16666666666666
588355,F,True,False,usa,los angeles,LAX,49,0.0,0.0,3.0,1.6666666666666667,1219.0,5714.84,1.6666666666666667,2.0,0.6666666666666666,0,3.0,,3.0,6933.84,Other,2311.28,4160.304,121.89999999999999
588370,M,True,True,canada,calgary,YYC,41,1.0,2.0,1.0,1.0,4938.2,667.086,1.3333333333333333,6.0,1.0,0,2.0,,4.0,5605.286,Other,1401.3215,5605.286,154.31875
588386,F,False,False,usa,cleveland,CLE,36,0.0,0.0,2.0,1.0,1138.0,2735.38,1.0,6.0,1.0,0,2.0,,2.0,3873.38,Other,1936.69,3873.38,94.83333333333333
588391,F,False,True,usa,kansas city,MCI,50,0.0,0.0,2.0,1.5,1581.0,877.81,1.5,4.0,0.5,0,2.0,,2.0,2458.81,Other,1229.405,1639.2066666666667,131.75
588820,F,False,False,usa,cincinnati,LUK,47,0.0,0.0,4.0,1.0,2695.5,1310.994,1.0,3.5,0.75,0,4.0,,4.0,4006.4939999999997,Other,1001.6234999999999,4006.4939999999997,192.53571428571428
588970,F,False,True,usa,omaha,OFF,26,0.0,3.0,0.0,,4691.8,0.0,1.0,9.666666666666666,,0,0.0,,3.0,4691.8,Other,1563.9333333333334,,161.78620689655173
589164,F,True,True,usa,oklahoma city,TIK,47,0.0,0.0,4.0,1.0,3868.0,1370.41,1.0,5.0,0.25,0,4.0,,4.0,5238.41,Other,1309.6025,5238.41,193.4
589306,F,False,True,usa,new york,LGA,42,0.0,0.0,4.0,1.0,1658.1,1049.96,1.0,2.5,0.75,0,4.0,,4.0,2708.06,Other,677.015,2708.06,165.81
589405,F,True,True,canada,ottawa,YOW,44,0.0,1.0,1.0,1.0,1232.0,124.69,1.0,2.5,1.0,0,1.0,,2.0,1356.69,Other,678.345,1356.69,246.4
589630,F,True,True,usa,charlotte,CLT,51,1.0,1.0,2.0,1.3333333333333333,2722.2,2215.14,1.3333333333333333,6.666666666666667,0.0,0,3.0,,4.0,4937.34,Other,1234.335,3703.005,76.56187499999999
589650,F,False,False,canada,montreal,YHU,41,0.0,1.0,2.0,1.5,1158.0,1312.448,1.6666666666666667,1.6666666666666667,0.5,0,2.0,,3.0,2470.4480000000003,Other,823.4826666666668,1646.9653333333335,138.95999999999998
590202,F,False,False,usa,new york,JFK,46,0.0,0.0,4.0,1.25,2421.0,2518.757,1.25,2.25,0.5,0,4.0,,4.0,4939.757,Other,1234.93925,3951.8055999999997,215.2
590227,F,False,False,canada,toronto,YYZ,51,0.0,0.0,2.0,2.0,2298.4,1047.4644999999998,2.0,3.0,1.0,0,2.0,,2.0,3345.8644999999997,Other,1672.9322499999998,1672.9322499999998,191.53333333333333
590379,F,True,False,usa,san francisco,SFO,55,0.0,0.0,4.0,1.25,2390.0,4215.86,1.25,2.25,0.25,0,3.0,,4.0,6605.86,Other,1651.465,5284.688,212.44444444444446
590397,F,False,False,usa,memphis,MEM,19,0.0,2.0,0.0,,2865.0,0.0,1.0,11.5,,0,0.0,,2.0,2865.0,Other,1432.5,,124.56521739130434
590412,F,False,False,usa,bakersfield,BFL,43,0.0,0.0,1.0,1.0,240.0,715.86,1.0,2.0,1.0,0,1.0,,1.0,955.86,Other,955.86,955.86,120.0
590471,F,True,False,canada,toronto,YTZ,57,2.0,0.0,2.0,1.75,616.0,13192.999999999998,1.5,1.0,0.75,0,4.0,,4.0,13808.999999999998,Other,3452.2499999999995,7890.857142857142,102.66666666666667
590659,F,False,False,usa,milwaukee,MKE,37,0.0,1.0,0.0,,360.0,0.0,1.0,4.0,,0,0.0,,1.0,360.0,Other,360.0,,90.0
590697,F,False,False,usa,cleveland,CLE,45,0.0,2.0,1.0,3.0,3483.0,1050.78,1.6666666666666667,4.333333333333333,0.0,0,1.0,,3.0,4533.78,Other,1511.26,1511.26,160.75384615384618
590843,F,True,True,usa,columbus,LCK,37,0.0,2.0,0.0,,4387.0,0.0,1.5,12.0,,0,0.0,,2.0,4387.0,Other,2193.5,,121.8611111111111
590954,F,True,False,usa,little rock,LIT,48,0.0,0.0,3.0,1.3333333333333333,753.5999999999999,2567.76,1.3333333333333333,2.333333333333333,0.6666666666666666,0,3.0,,3.0,3321.36,Other,1107.1200000000001,2491.0200000000004,80.74285714285715
590981,F,True,False,usa,philadelphia,PHL,41,0.0,1.0,2.0,1.0,2328.0,667.9499999999999,1.3333333333333333,2.6666666666666665,1.0,0,2.0,,3.0,2995.95,Other,998.65,2995.95,218.25
591097,F,False,True,usa,houston,IAH,46,0.0,1.0,3.0,1.0,1181.0,1154.78,1.0,1.5,0.6666666666666666,0,3.0,,4.0,2335.7799999999997,Other,583.9449999999999,2335.7799999999997,196.83333333333334
591714,F,True,False,usa,charlotte,CLT,50,1.0,1.0,4.0,1.2,1645.0,1460.4,1.0,2.2,0.6,0,5.0,,6.0,3105.4,Other,517.5666666666667,2587.8333333333335,124.62121212121212
592371,F,False,False,usa,tallahassee,TLH,50,1.0,1.0,2.0,1.3333333333333333,2351.0,2241.92,1.3333333333333333,4.666666666666667,0.6666666666666666,0,3.0,,4.0,4592.92,Other,1148.23,3444.69,94.45982142857142
592886,F,True,False,usa,st. petersburg,SPG,49,0.0,0.0,3.0,1.3333333333333333,1808.0,749.06,1.3333333333333333,2.0,0.3333333333333333,0,3.0,,3.0,2557.06,Other,852.3533333333334,1917.795,226.0
592929,F,False,False,usa,new york,JFK,50,1.0,0.0,2.0,1.0,2274.0,777.9,1.0,5.5,0.6666666666666666,0,3.0,,3.0,3051.9,Other,1017.3000000000001,3051.9,137.8181818181818
593350,F,False,True,usa,sacramento,MHR,50,0.0,0.0,4.0,1.5,3967.0,2772.74,1.5,3.5,0.5,0,3.0,,4.0,6739.74,Other,1684.935,4493.16,188.9047619047619
593385,F,True,True,usa,new york,JFK,47,0.0,0.0,4.0,1.5,3535.4,6239.41,1.5,4.75,1.0,0,3.0,,4.0,9774.81,Other,2443.7025,6516.54,124.04912280701755
593536,F,True,True,usa,houston,EFD,48,1.0,1.0,3.0,1.0,3316.0,1358.45,1.0,4.0,0.75,0,4.0,,5.0,4674.45,Other,934.89,4674.45,165.8
593672,F,False,False,usa,brownsville,BRO,34,0.0,2.0,1.0,2.0,4807.4,1762.545,1.3333333333333333,5.333333333333333,1.0,0,1.0,,3.0,6569.945,Other,2189.9816666666666,3284.9725,225.34687499999998
594875,F,False,True,canada,edmonton,YED,20,0.0,1.0,0.0,,1110.0,0.0,1.0,5.0,,0,0.0,,1.0,1110.0,Other,1110.0,,222.0
595257,F,False,False,usa,san diego,SAN,48,0.0,0.0,4.0,1.0,1914.0,2052.66,1.0,3.75,0.5,0,4.0,,4.0,3966.66,Other,991.665,3966.66,127.6
595283,F,True,False,usa,baton rouge,BTR,56,1.0,0.0,0.0,1.0,0.0,271.206,,,1.0,0,1.0,,1.0,271.206,Other,271.206,271.206,
595386,F,False,False,usa,san antonio,SKF,43,1.0,0.0,5.0,1.0,2378.35,1856.854,1.0,3.2,0.6666666666666666,0,5.0,,6.0,4235.204,Other,705.8673333333332,4235.204,123.87239583333333
595527,F,True,False,usa,kansas city,MCI,33,0.0,1.0,2.0,1.5,3266.1,4853.179999999999,1.3333333333333333,5.666666666666667,0.5,0,2.0,,3.0,8119.279999999999,Other,2706.4266666666663,5412.853333333333,144.09264705882353
595897,F,False,False,canada,montreal,YMX,28,0.0,1.0,0.0,,3758.4,0.0,2.0,12.0,,0,0.0,,1.0,3758.4,Other,3758.4,,156.6
596153,F,True,False,canada,toronto,YKZ,54,1.0,0.0,4.0,1.0,911.8,1442.118,1.0,2.5,0.4,0,5.0,,5.0,2353.9179999999997,Other,470.7835999999999,2353.9179999999997,72.94399999999999
596361,F,False,False,usa,san jose,SJC,34,0.0,1.0,1.0,1.0,3889.0,392.6635,1.5,11.5,1.0,0,1.0,,2.0,4281.6635,Other,2140.83175,4281.6635,112.72463768115941
596732,F,True,True,usa,san antonio,SAT,48,0.0,0.0,3.0,1.3333333333333333,967.0,2190.24,1.3333333333333333,2.0,0.0,0,3.0,,3.0,3157.24,Other,1052.4133333333332,2367.93,120.875
596820,F,False,False,usa,wichita,ICT,39,0.0,0.0,1.0,1.0,316.0,181.81,1.0,2.0,1.0,0,1.0,,1.0,497.81,Other,497.81,497.81,158.0
597029,F,True,False,canada,montreal,YUL,41,1.0,1.0,3.0,1.25,7604.0,1643.25,1.75,6.0,1.0,0,4.0,,5.0,9247.25,Other,1849.45,7397.8,144.83809523809524
597300,F,True,True,usa,new york,JFK,38,0.0,0.0,2.0,1.5,4156.0,929.546,1.5,7.0,0.0,0,2.0,,2.0,5085.546,Other,2542.773,3390.364,197.9047619047619
597836,F,False,False,usa,fort worth,FTW,45,0.0,0.0,3.0,1.0,622.0,411.36,1.0,2.0,1.0,0,3.0,,3.0,1033.3600000000001,Other,344.4533333333334,1033.3600000000001,103.66666666666667
597878,F,False,False,usa,columbus,CMH,56,0.0,0.0,2.0,1.5,634.0,951.71,1.5,2.0,1.0,0,2.0,,2.0,1585.71,Other,792.855,1057.14,105.66666666666667
597946,F,True,False,usa,atlanta,ATL,56,1.0,0.0,1.0,1.0,162.0,308.11,1.0,2.0,1.0,0,2.0,,2.0,470.11,Other,235.055,470.11,40.5
598075,F,True,True,usa,houston,EFD,39,0.0,1.0,2.0,1.0,460.0,1059.61,1.0,1.6666666666666667,1.0,0,2.0,,3.0,1519.61,Other,506.53666666666663,1519.61,92.0
598265,M,True,True,usa,baltimore,BWI,48,0.0,2.0,2.0,1.0,2574.0,124.82,1.0,2.75,0.5,0,2.0,,4.0,2698.82,Other,674.705,2698.82,234.0
599244,F,False,False,usa,dallas,DAL,27,1.0,0.0,0.0,1.0,0.0,201.71,,,0.0,0,1.0,,1.0,201.71,Other,201.71,201.71,
599335,F,False,False,usa,el paso,ELP,55,1.0,0.0,2.0,1.0,3300.0,626.893,1.0,6.0,0.6666666666666666,0,3.0,,3.0,3926.893,Other,1308.9643333333333,3926.893,183.33333333333334
599437,F,False,False,usa,amarillo,AMA,54,0.0,0.0,3.0,1.3333333333333333,1500.5,2148.7175,1.3333333333333333,2.6666666666666665,0.0,0,3.0,,3.0,3649.2175,Other,1216.4058333333335,2736.9131250000005,140.67187500000003
599833,F,True,True,usa,el paso,BIF,45,0.0,0.0,4.0,1.0,2332.0,1269.785,1.0,4.75,0.25,0,4.0,,4.0,3601.785,Other,900.44625,3601.785,122.73684210526316
600057,F,True,False,usa,chicago,UGN,36,0.0,0.0,1.0,1.0,712.8000000000001,250.5,1.0,6.0,0.0,0,1.0,,1.0,963.3000000000001,Other,963.3000000000001,963.3000000000001,118.80000000000001
600078,F,False,False,usa,chicago,UGN,58,1.0,0.0,2.0,1.0,818.8,800.429,1.0,3.0,1.0,0,3.0,,3.0,1619.2289999999998,Other,539.7429999999999,1619.2289999999998,90.97777777777777
600304,F,True,False,usa,philadelphia,PNE,59,0.0,0.0,2.0,1.0,337.0,455.23,1.0,1.0,1.0,0,2.0,,2.0,792.23,Other,396.115,792.23,168.5
600351,F,True,False,usa,portland,PDX,49,1.0,0.0,1.0,1.0,1040.0,1046.68,1.0,4.0,0.5,0,2.0,,2.0,2086.6800000000003,Other,1043.3400000000001,2086.6800000000003,130.0
600648,F,True,False,usa,baltimore,BWI,47,1.0,1.0,3.0,1.5,2831.7,4697.04,1.5,2.5,0.75,0,4.0,,5.0,7528.74,Other,1505.748,5019.16,151.02399999999997
600690,F,False,False,canada,london,YXU,40,0.0,2.0,3.0,1.6666666666666667,5567.0,2685.3535,1.8,6.2,0.6666666666666666,0,3.0,,5.0,8252.353500000001,Other,1650.4707000000003,4951.4121000000005,99.76702508960572
601116,F,False,False,usa,madison,MSN,31,0.0,1.0,1.0,1.0,2082.0,238.99,1.5,4.5,0.0,0,1.0,,2.0,2320.99,Other,1160.495,2320.99,154.22222222222223
601673,F,True,True,canada,toronto,YYZ,42,1.0,0.0,4.0,1.6,1605.0,4166.669,1.75,2.5,0.0,0,4.0,,5.0,5771.669,Other,1154.3337999999999,3607.2931249999997,73.37142857142857
602478,F,True,False,usa,new york,LGA,28,0.0,2.0,0.0,,7392.0,0.0,1.5,13.5,,0,0.0,,2.0,7392.0,Other,3696.0,,182.5185185185185
602656,F,False,False,usa,san antonio,SAT,44,0.0,0.0,3.0,1.3333333333333333,2143.0,1149.552,1.3333333333333333,3.333333333333333,1.0,0,3.0,,3.0,3292.5519999999997,Other,1097.5173333333332,2469.4139999999998,160.72500000000005
602946,M,False,False,usa,phoenix,LUF,49,0.0,1.0,3.0,1.3333333333333333,2276.0,3116.72,1.25,4.25,0.3333333333333333,0,2.0,,4.0,5392.719999999999,Other,1348.1799999999998,4044.5399999999995,107.10588235294118
603053,F,False,False,usa,orlando,MCO,47,0.0,0.0,3.0,1.3333333333333333,625.0,1250.44,1.3333333333333333,1.3333333333333333,0.0,0,3.0,,3.0,1875.44,Other,625.1466666666666,1406.5800000000002,117.18750000000003
603100,F,False,True,usa,fort worth,FTW,28,0.0,1.0,0.0,,2448.0,0.0,1.0,17.0,,0,0.0,,1.0,2448.0,Other,2448.0,,144.0
603809,F,True,False,usa,colorado springs,COS,56,0.0,1.0,1.0,1.0,526.0,246.1165,1.0,2.0,1.0,0,1.0,,2.0,772.1165,Other,386.05825,772.1165,131.5
603875,F,False,False,usa,charlotte,CLT,44,0.0,0.0,2.0,1.0,1077.5,677.13,1.0,6.0,0.5,0,2.0,,2.0,1754.63,Other,877.315,1754.63,89.79166666666667
604592,F,False,False,usa,baltimore,BWI,21,1.0,0.0,0.0,2.0,0.0,496.78,,,1.0,0,1.0,,1.0,496.78,Other,496.78,248.39,
604982,F,True,False,usa,new york,JFK,49,0.0,0.0,3.0,1.3333333333333333,2320.0,1639.174,1.3333333333333333,3.0,0.3333333333333333,0,3.0,,3.0,3959.174,Other,1319.7246666666667,2969.3805,193.33333333333337
605439,F,False,False,usa,san jose,SJC,42,0.0,0.0,2.0,1.0,2106.0,999.5,1.0,4.5,0.0,0,2.0,,2.0,3105.5,Other,1552.75,3105.5,234.0
605494,F,False,True,usa,new york,JFK,48,0.0,0.0,3.0,1.0,1589.0,1385.93,1.0,2.333333333333333,1.0,0,3.0,,3.0,2974.9300000000003,Other,991.6433333333334,2974.9300000000003,227.0
605780,F,True,True,canada,montreal,YHU,55,1.0,0.0,1.0,1.0,55.0,182.702,1.0,1.0,1.0,0,2.0,,2.0,237.702,Other,118.851,237.702,27.5
605943,F,False,False,usa,nashville,BNA,19,1.0,0.0,0.0,1.0,0.0,2017.47,,,0.0,0,1.0,,1.0,2017.47,Other,2017.47,2017.47,
606041,F,False,True,canada,vancouver,YVR,58,1.0,0.0,1.0,1.0,984.0,1262.03,1.0,4.0,0.5,0,2.0,,2.0,2246.0299999999997,Other,1123.0149999999999,2246.0299999999997,123.0
606060,F,True,False,usa,new york,LGA,54,0.0,0.0,2.0,1.0,1618.0,674.94,1.0,5.0,1.0,0,2.0,,2.0,2292.94,Other,1146.47,2292.94,161.8
606333,F,False,False,usa,providence,PVD,45,1.0,1.0,2.0,1.0,2148.9,357.776,1.0,6.0,0.6666666666666666,0,3.0,,4.0,2506.676,Other,626.669,2506.676,89.53750000000001
606648,F,False,False,usa,san jose,SJC,31,0.0,2.0,2.0,2.0,2265.0,2766.63,1.75,2.25,0.0,0,2.0,,4.0,5031.63,Other,1257.9075,2515.815,143.8095238095238
607280,F,True,True,usa,omaha,OMA,38,0.0,0.0,1.0,1.0,1220.0,238.446,1.0,5.0,1.0,0,1.0,,1.0,1458.446,Other,1458.446,1458.446,244.0
607350,F,False,True,canada,victoria,YYJ,39,1.0,0.0,2.0,1.0,826.0,1489.89,1.0,3.0,1.0,0,3.0,,3.0,2315.8900000000003,Other,771.9633333333335,2315.8900000000003,91.77777777777777
607626,F,False,False,canada,montreal,YMX,20,0.0,1.0,0.0,,666.0,0.0,1.0,9.0,,0,0.0,,1.0,666.0,Other,666.0,,74.0
607706,F,False,False,canada,calgary,YYC,40,1.0,1.0,0.0,1.0,672.0,321.79,2.0,4.0,1.0,0,1.0,,2.0,993.79,Other,496.895,993.79,42.0
608287,F,False,True,usa,dallas,DAL,44,0.0,1.0,3.0,1.0,2414.0,994.62,1.25,3.0,0.6666666666666666,0,3.0,,4.0,3408.62,Other,852.155,3408.62,160.93333333333334
608296,F,True,False,usa,san diego,NZY,43,0.0,2.0,2.0,1.0,7083.4,640.99,1.25,5.75,0.5,0,2.0,,4.0,7724.389999999999,Other,1931.0974999999999,7724.389999999999,246.37913043478258
608629,F,False,False,usa,new york,LGA,37,0.0,0.0,5.0,1.0,1844.9,1347.2655,1.0,2.4,0.4,0,5.0,,5.0,3192.1655,Other,638.4331,3192.1655,153.74166666666667
608970,F,False,False,usa,brownsville,BRO,35,1.0,0.0,0.0,1.0,0.0,396.7,,,0.0,0,1.0,,1.0,396.7,Other,396.7,396.7,
609243,M,False,True,usa,minneapolis,MSP,39,0.0,1.0,2.0,1.5,2557.0,1853.233,1.3333333333333333,5.333333333333333,1.0,0,2.0,,3.0,4410.233,Other,1470.0776666666668,2940.1553333333336,119.85937500000003
609262,F,False,False,usa,brownsville,BRO,40,0.0,0.0,4.0,1.5,5486.0,5620.838,1.5,5.25,0.25,0,4.0,,4.0,11106.838,Other,2776.7095,7404.558666666667,174.15873015873018
609673,F,True,False,usa,tulsa,TUL,42,0.0,0.0,3.0,1.0,1214.0,768.7189999999999,1.0,2.6666666666666665,0.6666666666666666,0,3.0,,3.0,1982.719,Other,660.9063333333334,1982.719,151.75000000000003
610306,F,True,False,usa,new york,LGA,55,1.0,0.0,3.0,1.25,1853.0,1992.28,1.3333333333333333,3.333333333333333,0.75,0,4.0,,4.0,3845.2799999999997,Other,961.3199999999999,3076.2239999999997,104.23125
611087,F,False,True,usa,buffalo,BUF,41,0.0,1.0,1.0,1.0,1644.0,630.477,1.0,3.5,1.0,0,1.0,,2.0,2274.477,Other,1137.2385,2274.477,234.85714285714286
611126,F,True,True,usa,miami,OPF,53,0.0,0.0,2.0,1.5,1452.0,3247.15,1.5,3.5,0.5,0,2.0,,2.0,4699.15,Other,2349.575,3132.7666666666664,138.28571428571428
611852,M,False,False,usa,akron,AKR,42,0.0,0.0,2.0,1.0,360.4,107.1585,1.0,1.0,1.0,0,2.0,,2.0,467.5585,Other,233.77925,467.5585,180.2
612236,F,True,True,usa,colorado springs,COS,52,0.0,0.0,3.0,1.0,1878.0,660.49,1.0,3.333333333333333,0.6666666666666666,0,3.0,,3.0,2538.49,Other,846.1633333333333,2538.49,187.8
613383,M,False,False,usa,phoenix,PHX,40,0.0,0.0,1.0,2.0,284.0,307.96,2.0,2.0,1.0,0,1.0,,1.0,591.96,Other,591.96,295.98,71.0
613874,F,True,False,usa,houston,IAH,56,0.0,0.0,4.0,1.25,2068.0,2699.1180000000004,1.25,2.0,0.75,0,4.0,,4.0,4767.118,Other,1191.7795,3813.6944000000003,206.8
614033,F,False,False,usa,honolulu,HNL,41,0.0,0.0,2.0,1.0,1025.0,2641.268,1.0,2.5,0.5,0,2.0,,2.0,3666.268,Other,1833.134,3666.268,205.0
614092,F,False,False,usa,dallas,DAL,25,0.0,2.0,0.0,,3714.0,0.0,1.5,14.0,,0,0.0,,2.0,3714.0,Other,1857.0,,88.42857142857143
614632,F,True,True,usa,baltimore,BWI,54,1.0,1.0,0.0,1.0,777.0,104.24,1.0,7.0,1.0,0,1.0,,2.0,881.24,Other,440.62,881.24,55.5
614668,F,True,True,usa,los angeles,LAX,53,0.0,0.0,2.0,1.5,176.0,1499.05,1.5,1.0,1.0,0,2.0,,2.0,1675.05,Other,837.525,1116.7,58.666666666666664
615266,F,False,False,usa,charlotte,CLT,41,0.0,0.0,6.0,1.0,1766.0,2446.75,1.0,2.6666666666666665,0.5,0,6.0,,6.0,4212.75,Other,702.125,4212.75,110.375
615544,F,False,False,usa,cincinnati,CVG,39,1.0,0.0,0.0,1.0,0.0,167.06,,,1.0,0,1.0,,1.0,167.06,Other,167.06,167.06,
615674,F,False,False,canada,winnipeg,YWG,20,0.0,1.0,0.0,,690.0,0.0,1.0,5.0,,0,0.0,,1.0,690.0,Other,690.0,,138.0
616125,F,False,False,canada,calgary,YYC,34,0.0,0.0,1.0,2.0,172.0,632.32,2.0,2.0,1.0,0,1.0,,1.0,804.32,Other,804.32,402.16,43.0
616461,F,False,True,canada,london,YXU,33,1.0,0.0,1.0,1.0,810.0,566.84,1.0,3.0,0.5,0,2.0,,2.0,1376.8400000000001,Other,688.4200000000001,1376.8400000000001,135.0
616692,F,True,True,usa,san francisco,SFO,56,1.0,0.0,0.0,1.0,0.0,536.769,,,1.0,0,1.0,,1.0,536.769,Other,536.769,536.769,
616715,M,True,True,usa,knoxville,TYS,42,0.0,0.0,1.0,1.0,260.0,145.63,1.0,2.0,1.0,0,1.0,,1.0,405.63,Other,405.63,405.63,130.0
616789,F,False,False,usa,buffalo,BUF,24,1.0,1.0,0.0,2.0,493.85,1325.52,1.0,7.0,1.0,0,1.0,,2.0,1819.37,Other,909.685,909.685,35.275
617506,F,True,False,canada,halifax,YHZ,46,0.0,0.0,2.0,2.0,2355.0,6966.48,2.0,5.5,1.0,0,2.0,,2.0,9321.48,Other,4660.74,4660.74,107.04545454545455
617878,F,False,True,usa,los angeles,LAX,40,0.0,0.0,6.0,1.1666666666666667,1962.4,3993.773,1.1666666666666667,2.6666666666666665,0.8333333333333334,0,6.0,,6.0,5956.173000000001,Other,992.6955000000002,5105.291142857143,105.12857142857142
617994,F,False,False,canada,toronto,YYZ,47,0.0,1.0,2.0,1.5,2300.4,368.78,1.3333333333333333,6.0,1.0,0,2.0,,3.0,2669.1800000000003,Other,889.7266666666668,1779.4533333333336,95.85000000000002
618392,F,True,True,usa,denver,DEN,42,1.0,1.0,0.0,1.0,585.0,366.58,1.0,9.0,1.0,0,1.0,,2.0,951.5799999999999,Other,475.78999999999996,951.5799999999999,32.5
619321,F,True,True,usa,austin,AUS,55,0.0,1.0,6.0,1.0,2819.75,1249.655,1.0,2.2857142857142856,0.5,0,4.0,,7.0,4069.4049999999997,Other,581.3435714285714,4069.4049999999997,176.234375
619432,F,False,False,usa,el paso,ELP,35,1.0,1.0,2.0,1.3333333333333333,3039.9,1571.06,1.0,7.0,1.0,0,3.0,,4.0,4610.96,Other,1152.74,3458.2200000000003,108.56785714285715
619918,F,False,False,usa,san diego,SAN,38,1.0,0.0,2.0,1.0,174.0,990.353,1.0,1.0,0.6666666666666666,0,3.0,,3.0,1164.353,Other,388.1176666666667,1164.353,58.0
620719,F,False,False,usa,reno,RNO,28,0.0,1.0,0.0,,1224.0,0.0,1.0,9.0,,0,0.0,,1.0,1224.0,Other,1224.0,,136.0
621849,F,True,True,usa,birmingham,BHM,55,0.0,0.0,3.0,1.3333333333333333,1576.0,1456.4865,1.3333333333333333,2.333333333333333,0.3333333333333333,0,3.0,,3.0,3032.4865,Other,1010.8288333333334,2274.364875,168.8571428571429
622248,F,True,False,usa,indianapolis,IND,37,1.0,1.0,2.0,1.0,1484.0,956.39,1.0,5.333333333333333,1.0,0,3.0,,4.0,2440.39,Other,610.0975,2440.39,69.5625
622708,F,False,False,usa,new york,LGA,44,0.0,2.0,2.0,1.0,2369.2,635.841,1.0,5.5,0.5,0,2.0,,4.0,3005.0409999999997,Other,751.2602499999999,3005.0409999999997,107.69090909090909
622813,F,False,False,usa,baltimore,BWI,54,1.0,0.0,3.0,1.5,557.0,2010.9,1.0,1.6666666666666667,0.75,0,4.0,,4.0,2567.9,Other,641.975,1711.9333333333334,83.55
623043,F,False,False,canada,edmonton,YXD,41,0.0,0.0,4.0,1.25,708.0,3085.06,1.25,1.5,1.0,0,4.0,,4.0,3793.06,Other,948.265,3034.448,94.39999999999999
623750,F,False,True,usa,chicago,UGN,45,0.0,0.0,2.0,1.0,1902.0,811.57,1.0,5.0,0.0,0,2.0,,2.0,2713.57,Other,1356.785,2713.57,190.2
623850,F,False,False,canada,toronto,YYZ,48,0.0,0.0,5.0,1.0,4044.4,1080.52,1.0,4.2,0.2,0,4.0,,5.0,5124.92,Other,1024.984,5124.92,192.59047619047618
625089,F,False,True,usa,louisville,LOU,39,1.0,0.0,3.0,1.0,2765.5,913.33,1.0,3.6666666666666665,0.5,0,3.0,,4.0,3678.83,Other,919.7075,3678.83,188.5568181818182
626519,F,False,False,usa,new york,JFK,46,1.0,0.0,2.0,1.0,949.0,621.402,1.0,2.5,0.0,0,3.0,,3.0,1570.402,Other,523.4673333333334,1570.402,126.53333333333333
627436,F,False,False,usa,chicago,MDW,50,0.0,0.0,2.0,1.0,1798.0,425.83,1.0,4.5,0.5,0,2.0,,2.0,2223.83,Other,1111.915,2223.83,199.77777777777777
627889,F,True,False,usa,cleveland,CLE,59,0.0,1.0,1.0,1.0,1764.0,116.28,1.0,4.5,1.0,0,1.0,,2.0,1880.28,Other,940.14,1880.28,196.0
627893,F,False,False,usa,new york,JFK,34,0.0,1.0,2.0,1.0,2871.0,456.4315,1.3333333333333333,3.333333333333333,1.0,0,2.0,,3.0,3327.4315,Other,1109.1438333333333,3327.4315,215.32500000000002
627972,F,True,True,usa,memphis,MEM,40,0.0,1.0,2.0,1.0,2573.7,382.15,1.0,5.333333333333333,0.5,0,2.0,,3.0,2955.85,Other,985.2833333333333,2955.85,160.85625000000002
628570,F,False,True,usa,columbus,LCK,46,1.0,0.0,4.0,1.2,3251.0,1491.2655,1.25,5.0,0.2,0,4.0,,5.0,4742.2654999999995,Other,948.4531,3951.8879166666666,104.03200000000001
628653,F,True,False,usa,sacramento,MHR,44,1.0,0.0,2.0,1.0,1619.1999999999998,954.0,1.0,5.5,0.6666666666666666,0,3.0,,3.0,2573.2,Other,857.7333333333332,2573.2,98.13333333333331
628694,F,True,False,usa,tucson,DMA,48,0.0,1.0,1.0,1.0,1005.0,415.12,1.0,5.5,1.0,0,1.0,,2.0,1420.12,Other,710.06,1420.12,91.36363636363636
628752,F,False,True,usa,birmingham,BHM,47,1.0,0.0,1.0,1.0,276.0,668.384,1.0,2.0,1.0,0,2.0,,2.0,944.384,Other,472.192,944.384,69.0
628762,F,False,True,usa,los angeles,LAX,19,0.0,1.0,0.0,,424.0,0.0,1.0,8.0,,0,0.0,,1.0,424.0,Other,424.0,,53.0
629647,F,False,False,usa,new york,LGA,36,0.0,0.0,2.0,1.0,494.0,308.766,1.0,2.5,1.0,0,2.0,,2.0,802.7660000000001,Other,401.38300000000004,802.7660000000001,98.8
629701,F,False,False,usa,houston,HOU,33,0.0,1.0,3.0,1.0,2118.0,1189.89,1.0,3.5,0.3333333333333333,0,3.0,,4.0,3307.8900000000003,Other,826.9725000000001,3307.8900000000003,151.28571428571428
630267,F,False,True,usa,corpus christi,CRP,20,0.0,1.0,1.0,1.0,5251.0,158.1,1.5,10.0,1.0,0,1.0,,2.0,5409.1,Other,2704.55,5409.1,175.03333333333333
630609,F,False,False,usa,boston,BOS,40,0.0,0.0,5.0,1.0,2579.3,1213.28,1.0,2.8,0.2,0,5.0,,5.0,3792.58,Other,758.516,3792.58,184.2357142857143
631174,F,False,False,usa,new york,JFK,35,0.0,1.0,1.0,2.0,663.6,2162.12,1.5,2.5,0.0,0,1.0,,2.0,2825.72,Other,1412.86,1412.86,88.48
631388,F,True,False,usa,san antonio,RND,41,1.0,1.0,0.0,2.0,990.0,1869.3,1.0,11.0,0.0,0,1.0,,2.0,2859.3,Other,1429.65,1429.65,45.0
632461,F,False,False,canada,toronto,YTZ,57,0.0,0.0,1.0,1.0,168.0,97.584,1.0,1.0,1.0,0,1.0,,1.0,265.584,Other,265.584,265.584,168.0
632631,F,False,False,usa,tulsa,TUL,44,0.0,0.0,2.0,1.0,1147.0,509.08,1.0,3.0,1.0,0,2.0,,2.0,1656.08,Other,828.04,1656.08,191.16666666666666
632965,F,False,False,usa,indianapolis,IND,47,0.0,1.0,5.0,1.0,7697.35,1298.45,1.1666666666666667,6.166666666666667,0.2,0,3.0,,6.0,8995.800000000001,Other,1499.3000000000002,8995.800000000001,178.31698841698838
632988,F,True,True,usa,phoenix,PHX,50,0.0,0.0,3.0,1.0,1884.0,704.9499999999999,1.0,4.0,0.3333333333333333,0,3.0,,3.0,2588.95,Other,862.9833333333332,2588.95,157.0
633235,F,False,True,canada,calgary,YYC,28,0.0,1.0,0.0,,392.0,0.0,1.0,4.0,,0,0.0,,1.0,392.0,Other,392.0,,98.0
635249,F,False,False,usa,memphis,MEM,59,1.0,0.0,2.0,1.3333333333333333,371.0,2239.97,1.0,2.0,1.0,0,3.0,,3.0,2610.97,Other,870.3233333333333,1958.2275,61.833333333333336
635442,F,True,True,usa,chicago,MDW,49,0.0,0.0,4.0,1.0,1450.0,928.8835,1.0,3.25,0.5,0,4.0,,4.0,2378.8835,Other,594.720875,2378.8835,111.53846153846153
635587,F,False,False,canada,edmonton,YXD,53,0.0,0.0,2.0,1.0,590.0,772.87,1.0,3.0,0.0,0,2.0,,2.0,1362.87,Other,681.435,1362.87,98.33333333333333
635949,F,False,True,usa,chicago,UGN,44,0.0,1.0,3.0,1.0,2119.0,1066.1,1.0,2.5,1.0,0,2.0,,4.0,3185.1,Other,796.275,3185.1,211.9
636078,F,True,False,usa,san francisco,SFO,57,0.0,0.0,3.0,1.3333333333333333,404.7,2948.4385,1.3333333333333333,1.0,0.6666666666666666,0,3.0,,3.0,3353.1385,Other,1117.7128333333333,2514.8538750000002,101.17500000000001
636524,F,False,False,usa,el paso,BIF,48,1.0,1.0,2.0,1.0,1838.2,1087.87,1.3333333333333333,3.6666666666666665,1.0,0,2.0,,4.0,2926.0699999999997,Other,731.5174999999999,2926.0699999999997,93.99886363636365
637086,F,False,False,usa,phoenix,PHX,47,0.0,1.0,3.0,1.0,1955.0,1271.865,1.0,3.0,0.3333333333333333,0,3.0,,4.0,3226.865,Other,806.71625,3226.865,162.91666666666666
637633,F,False,False,canada,toronto,YKZ,38,1.0,1.0,1.0,1.0,463.0,942.67,1.0,2.5,0.5,0,2.0,,3.0,1405.67,Other,468.5566666666667,1405.67,61.733333333333334
638162,F,False,False,usa,chicago,ORD,35,1.0,3.0,2.0,1.0,2875.0,606.912,1.0,3.8,0.6666666666666666,0,3.0,,6.0,3481.9120000000003,Other,580.3186666666667,3481.9120000000003,126.09649122807019
639571,F,False,False,usa,akron,AKR,43,0.0,1.0,2.0,1.5,2653.0,1330.43,1.3333333333333333,3.0,0.5,0,2.0,,3.0,3983.4300000000003,Other,1327.8100000000002,2655.6200000000003,221.08333333333337
640715,F,False,False,usa,fresno,FAT,51,1.0,0.0,3.0,1.25,2128.6,4126.6805,1.3333333333333333,5.0,0.75,0,4.0,,4.0,6255.280500000001,Other,1563.8201250000002,5004.224400000001,79.8225
640849,F,True,False,usa,jacksonville,LRF,52,2.0,0.0,2.0,1.0,797.2,1129.7885,1.0,4.0,0.5,0,4.0,,4.0,1926.9885000000002,Other,481.74712500000004,1926.9885000000002,49.825
641537,F,True,True,usa,washington,DCA,55,0.0,1.0,1.0,1.0,1036.9,36.44,1.5,2.5,0.0,0,1.0,,2.0,1073.3400000000001,Other,536.6700000000001,1073.3400000000001,138.25333333333336
642344,F,False,False,usa,wichita,ICT,43,0.0,0.0,4.0,1.0,3134.6000000000004,1306.113,1.0,3.75,0.0,0,4.0,,4.0,4440.713000000001,Other,1110.1782500000002,4440.713000000001,208.97333333333336
642364,M,True,True,canada,montreal,YUL,57,1.0,0.0,0.0,1.0,0.0,225.5,,,0.0,0,1.0,,1.0,225.5,Other,225.5,225.5,
642679,F,False,False,usa,st. petersburg,PIE,43,0.0,0.0,5.0,1.2,3802.0,3131.84,1.2,2.8,0.0,0,5.0,,5.0,6933.84,Other,1386.768,5778.200000000001,226.30952380952382
643645,F,True,True,usa,new york,JFK,49,1.0,1.0,2.0,1.3333333333333333,1366.0,3332.24,1.3333333333333333,2.0,0.6666666666666666,0,3.0,,4.0,4698.24,Other,1174.56,3523.68,128.0625
644784,F,True,False,usa,san diego,NZY,37,0.0,0.0,1.0,1.0,456.0,367.87,1.0,8.0,1.0,0,1.0,,1.0,823.87,Other,823.87,823.87,57.0
645664,M,False,False,usa,brownsville,BRO,20,0.0,1.0,0.0,,5280.0,0.0,2.0,11.0,,0,0.0,,1.0,5280.0,Other,5280.0,,240.0
646405,F,False,True,usa,los angeles,LAX,30,0.0,1.0,1.0,1.0,1391.0,395.37,1.5,5.0,0.0,0,1.0,,2.0,1786.37,Other,893.185,1786.37,92.73333333333333
646933,M,True,False,usa,new york,JFK,38,0.0,0.0,2.0,2.5,3465.0,12795.83,2.5,3.5,1.0,0,2.0,,2.0,16260.83,Other,8130.415,6504.332,198.0
647016,F,True,False,usa,knoxville,TYS,50,0.0,1.0,0.0,,2268.0,0.0,3.0,9.0,,0,0.0,,1.0,2268.0,Other,2268.0,,84.0
647597,F,False,False,usa,santa ana,SNA,46,1.0,0.0,0.0,2.0,0.0,2784.36,,,1.0,0,1.0,,1.0,2784.36,Other,2784.36,1392.18,
648852,F,True,True,canada,montreal,YUL,57,0.0,0.0,2.0,1.0,405.0,527.892,1.0,2.0,1.0,0,2.0,,2.0,932.892,Other,466.446,932.892,101.25
651018,F,True,True,usa,st. louis,STL,52,1.0,0.0,0.0,1.0,0.0,379.296,,,1.0,0,1.0,,1.0,379.296,Other,379.296,379.296,
651030,F,True,False,usa,san francisco,SFO,35,0.0,1.0,2.0,1.0,580.0,1205.9895,1.0,2.6666666666666665,0.0,0,2.0,,3.0,1785.9895,Other,595.3298333333333,1785.9895,72.50000000000001
651269,F,False,True,usa,new york,LGA,49,0.0,0.0,4.0,1.25,1152.7,3810.6,1.25,2.25,0.5,0,4.0,,4.0,4963.3,Other,1240.825,3970.6400000000003,102.46222222222224
651818,F,False,False,usa,new york,JFK,45,1.0,0.0,1.0,1.0,504.0,482.61,1.0,3.0,1.0,0,2.0,,2.0,986.61,Other,493.305,986.61,84.0
651941,F,True,True,usa,indianapolis,IND,59,0.0,1.0,0.0,,108.0,0.0,1.0,1.0,,0,0.0,,1.0,108.0,Other,108.0,,108.0
653281,F,False,False,canada,toronto,YYZ,40,0.0,0.0,4.0,1.25,3900.5,1270.366,1.25,7.75,0.25,0,4.0,,4.0,5170.866,Other,1292.7165,4136.6928,100.65806451612903
653640,F,True,True,usa,san jose,SJC,40,0.0,0.0,2.0,1.5,2426.0,5604.6755,1.0,6.0,1.0,0,2.0,,2.0,8030.6755,Other,4015.33775,5353.783666666667,202.16666666666666
653724,M,True,False,canada,montreal,YMX,57,0.0,0.0,4.0,1.25,2057.0,1214.81,1.25,1.75,0.75,0,4.0,,4.0,3271.81,Other,817.9525,2617.448,235.08571428571426
654687,F,False,False,usa,kansas city,MCI,56,1.0,2.0,0.0,1.0,808.0,276.58,1.0,5.0,1.0,0,1.0,,3.0,1084.58,Other,361.52666666666664,1084.58,53.86666666666666
657796,F,True,True,usa,modesto,MOD,43,0.0,0.0,1.0,1.0,136.0,519.49,1.0,4.0,1.0,0,1.0,,1.0,655.49,Other,655.49,655.49,34.0
659162,M,True,True,usa,phoenix,PHX,41,0.0,0.0,4.0,1.25,2865.0,2705.67,1.25,3.5,0.5,0,3.0,,4.0,5570.67,Other,1392.6675,4456.536,163.71428571428572
659744,F,True,True,canada,montreal,YMX,50,0.0,2.0,2.0,1.0,4142.0,602.03,1.0,5.5,0.0,0,2.0,,4.0,4744.03,Other,1186.0075,4744.03,188.27272727272728
661639,F,False,False,usa,chicago,UGN,37,0.0,0.0,1.0,1.0,424.0,467.19,1.0,4.0,0.0,0,1.0,,1.0,891.19,Other,891.19,891.19,106.0
664663,F,False,False,usa,chicago,ORD,32,0.0,1.0,4.0,1.0,2777.8,596.93,1.4,2.6,1.0,0,4.0,,5.0,3374.73,Other,674.946,3374.73,152.62637362637363
665329,F,False,False,usa,new york,LGA,42,0.0,0.0,3.0,1.6666666666666667,1003.0,3277.16,1.6666666666666667,1.3333333333333333,0.0,0,2.0,,3.0,4280.16,Other,1426.72,2568.096,150.45
665505,F,False,False,canada,ottawa,YOW,39,0.0,1.0,4.0,1.0,2566.0,1025.819,1.2,3.2,0.25,0,4.0,,5.0,3591.819,Other,718.3638,3591.819,133.64583333333334
665676,M,False,True,usa,los angeles,LAX,37,0.0,0.0,1.0,1.0,402.0,268.54,1.0,2.0,1.0,0,1.0,,1.0,670.54,Other,670.54,670.54,201.0
669356,F,False,False,usa,philadelphia,PHL,47,0.0,0.0,1.0,1.0,705.0,391.43,1.0,5.0,1.0,0,1.0,,1.0,1096.43,Other,1096.43,1096.43,141.0
671367,F,False,False,usa,austin,AUS,40,0.0,2.0,5.0,1.0,7798.0,1291.4195,1.2857142857142858,4.285714285714286,0.8,0,3.0,,7.0,9089.4195,Other,1298.4885,9089.4195,202.17037037037036
671368,F,True,False,usa,honolulu,HNL,44,0.0,0.0,1.0,1.0,804.0,890.511,1.0,6.0,1.0,0,1.0,,1.0,1694.511,Other,1694.511,1694.511,134.0
671975,F,False,False,canada,edmonton,YEG,53,0.0,0.0,3.0,1.0,685.85,1326.77,1.0,3.333333333333333,0.0,0,3.0,,3.0,2012.62,Other,670.8733333333333,2012.62,68.58500000000001
673874,F,True,True,usa,anchorage,ANC,52,0.0,0.0,1.0,1.0,1331.0,868.71,1.0,11.0,1.0,0,1.0,,1.0,2199.71,Other,2199.71,2199.71,121.0
675594,F,False,False,usa,newport news,PHF,40,0.0,0.0,3.0,1.0,473.4,558.819,1.0,2.333333333333333,1.0,0,3.0,,3.0,1032.219,Other,344.07300000000004,1032.219,67.62857142857143
676707,F,True,False,usa,los angeles,LAX,51,1.0,0.0,0.0,2.0,0.0,2574.28,,,1.0,0,1.0,,1.0,2574.28,Other,2574.28,1287.14,
680735,M,False,False,usa,new york,LGA,41,0.0,0.0,3.0,1.6666666666666667,1605.0,2627.47,1.6666666666666667,1.3333333333333333,1.0,0,3.0,,3.0,4232.469999999999,Other,1410.823333333333,2539.4819999999995,240.75
684543,F,True,True,usa,madison,MSN,47,0.0,1.0,1.0,1.0,1259.4,464.29,1.0,4.5,0.0,0,1.0,,2.0,1723.69,Other,861.845,1723.69,139.93333333333334
686165,F,False,False,usa,san diego,SAN,48,0.0,0.0,5.0,1.0,1764.0,1839.008,1.0,2.8,0.4,0,5.0,,5.0,3603.008,Other,720.6016,3603.008,126.00000000000001
686408,F,False,False,usa,san antonio,SKF,49,0.0,2.0,2.0,1.0,5559.200000000001,608.3199999999999,1.25,9.75,0.0,0,2.0,,4.0,6167.52,Other,1541.88,6167.52,114.0348717948718
686445,F,True,True,usa,portland,PWM,42,0.0,1.0,0.0,,1020.0,0.0,1.0,5.0,,0,0.0,,1.0,1020.0,Other,1020.0,,204.0
689037,F,False,False,usa,new york,JFK,39,1.0,0.0,2.0,1.0,1498.0,1279.61,1.0,2.5,0.0,0,3.0,,3.0,2777.6099999999997,Other,925.8699999999999,2777.6099999999997,199.73333333333332
693765,F,True,True,usa,new york,LGA,48,0.0,0.0,4.0,1.0,1458.0,1263.88,1.0,2.5,0.75,0,4.0,,4.0,2721.88,Other,680.47,2721.88,145.8
695011,F,True,False,usa,los angeles,LAX,31,1.0,0.0,1.0,1.0,150.0,913.92,1.0,3.0,1.0,0,2.0,,2.0,1063.92,Other,531.96,1063.92,25.0
695307,F,True,False,usa,chicago,MDW,42,0.0,0.0,2.0,1.0,204.0,452.18,1.0,2.0,1.0,0,2.0,,2.0,656.1800000000001,Other,328.09000000000003,656.1800000000001,51.0
696475,F,False,False,usa,dallas,DAL,51,0.0,2.0,2.0,1.0,2998.0,385.894,1.0,5.25,1.0,0,2.0,,4.0,3383.8940000000002,Other,845.9735000000001,3383.8940000000002,142.76190476190476
705215,F,False,True,canada,hamilton,YHM,34,1.0,1.0,2.0,1.3333333333333333,4548.0,1760.1395,1.3333333333333333,5.0,1.0,0,3.0,,4.0,6308.1395,Other,1577.034875,4731.104625000001,170.55
714166,F,True,False,usa,norfolk,NGU,41,0.0,0.0,1.0,1.0,592.0,173.54,1.0,4.0,0.0,0,1.0,,1.0,765.54,Other,765.54,765.54,148.0
720819,F,True,False,canada,calgary,YYC,42,0.0,0.0,1.0,1.0,220.5,206.63,1.0,7.0,0.0,0,1.0,,1.0,427.13,Other,427.13,427.13,31.5
722828,F,True,True,usa,atlanta,ATL,34,0.0,1.0,1.0,1.0,721.0,223.4,1.5,2.5,1.0,0,1.0,,2.0,944.4,Other,472.2,944.4,96.13333333333334
722939,F,False,True,usa,fresno,FAT,45,0.0,0.0,1.0,1.0,172.0,128.16,1.0,1.0,1.0,0,1.0,,1.0,300.15999999999997,Other,300.15999999999997,300.15999999999997,172.0
724581,F,True,False,usa,phoenix,PHX,40,3.0,0.0,2.0,1.4,621.0,6690.67,1.5,2.5,0.6,0,4.0,,5.0,7311.67,Other,1462.334,5222.621428571429,33.12
726953,F,False,False,usa,phoenix,PHX,53,1.0,0.0,3.0,1.0,1712.0,2149.203,1.0,2.333333333333333,0.25,0,2.0,,4.0,3861.203,Other,965.30075,3861.203,183.42857142857144
735029,F,False,False,usa,new york,LGA,48,1.0,0.0,2.0,1.6666666666666667,1982.0,1830.274,2.0,2.5,0.0,0,3.0,,3.0,3812.274,Other,1270.758,2287.3644,132.13333333333333
739518,F,False,False,usa,new york,LGA,42,1.0,0.0,2.0,1.0,2459.1,1467.91,1.0,4.5,0.3333333333333333,0,3.0,,3.0,3927.01,Other,1309.0033333333333,3927.01,182.15555555555554
739734,F,False,False,usa,los angeles,LAX,54,0.0,1.0,0.0,,264.0,0.0,2.0,3.0,,0,0.0,,1.0,264.0,Other,264.0,,44.0
741773,F,True,True,usa,minneapolis,MSP,41,0.0,0.0,1.0,1.0,304.0,159.63,1.0,4.0,0.0,0,1.0,,1.0,463.63,Other,463.63,463.63,76.0
745292,M,False,False,canada,windsor,YQG,57,0.0,0.0,1.0,1.0,440.0,494.97,1.0,5.0,1.0,0,1.0,,1.0,934.97,Other,934.97,934.97,88.0
750982,F,False,False,usa,new york,JFK,53,0.0,0.0,4.0,1.0,479.0,1432.41,1.0,1.25,0.75,0,4.0,,4.0,1911.41,Other,477.8525,1911.41,95.8
751545,F,True,True,usa,phoenix,LUF,50,0.0,2.0,1.0,1.0,4272.2,499.79,1.6666666666666667,5.333333333333333,0.0,0,1.0,,3.0,4771.99,Other,1590.6633333333332,4771.99,160.2075
760304,F,False,False,usa,tulsa,TUL,39,0.0,0.0,2.0,1.0,924.0,615.4124999999999,1.0,3.5,1.0,0,2.0,,2.0,1539.4125,Other,769.70625,1539.4125,132.0
763792,F,True,False,canada,edmonton,YED,47,0.0,1.0,0.0,,420.0,0.0,1.0,5.0,,0,0.0,,1.0,420.0,Other,420.0,,84.0
777846,F,True,True,usa,new york,JFK,47,0.0,0.0,2.0,1.0,1222.0,273.3,1.0,3.0,0.5,0,2.0,,2.0,1495.3,Other,747.65,1495.3,203.66666666666666
785107,F,False,False,usa,portland,PDX,48,0.0,1.0,3.0,1.0,1306.55,854.83,1.0,1.75,1.0,0,3.0,,4.0,2161.38,Other,540.345,2161.38,186.65
120851,F,True,True,usa,santa ana,SNA,53,0.0,0.0,1.0,,2002.0,0.0,1.0,11.0,,0,0.0,,1.0,2002.0,Other,2002.0,,182.0
133058,F,False,False,usa,austin,AUS,21,1.0,0.0,0.0,1.0,0.0,423.51,,,0.0,0,1.0,,1.0,423.51,Other,423.51,423.51,
160754,F,True,True,usa,new york,LGA,48,0.0,0.0,1.0,1.0,428.0,93.62,1.0,2.0,1.0,0,1.0,,1.0,521.62,Other,521.62,521.62,214.0
164522,F,True,False,usa,kansas city,MCI,50,0.0,0.0,1.0,1.0,3029.0,311.904,1.0,13.0,1.0,0,1.0,,1.0,3340.904,Other,3340.904,3340.904,233.0
175032,F,False,False,usa,houston,IAH,31,0.0,1.0,2.0,2.0,3243.6,3024.43,2.0,4.333333333333333,0.5,0,2.0,,3.0,6268.03,Other,2089.3433333333332,3134.015,124.75384615384617
187212,F,True,True,usa,los angeles,LAX,57,0.0,0.0,3.0,1.0,904.0,1242.57,1.0,2.0,0.6666666666666666,0,3.0,,3.0,2146.5699999999997,Other,715.5233333333332,2146.5699999999997,150.66666666666666
206011,F,False,True,usa,kansas city,MCI,41,1.0,0.0,3.0,1.0,1138.0,1024.772,1.0,3.0,0.25,0,4.0,,4.0,2162.772,Other,540.693,2162.772,94.83333333333333
228872,M,False,False,usa,san antonio,RND,37,0.0,1.0,1.0,1.0,1288.0,509.21,1.0,6.5,1.0,0,1.0,,2.0,1797.21,Other,898.605,1797.21,99.07692307692308
264470,F,False,True,usa,bakersfield,BFL,47,0.0,0.0,2.0,,2127.0,0.0,1.0,4.5,,0,0.0,,2.0,2127.0,Other,1063.5,,236.33333333333334
276512,F,True,True,usa,austin,AUS,43,0.0,0.0,1.0,1.0,100.0,395.69,1.0,1.0,1.0,0,1.0,,1.0,495.69,Other,495.69,495.69,100.0
290123,F,True,False,usa,houston,HOU,43,1.0,0.0,6.0,1.5714285714285714,4605.0,10006.14,1.6666666666666667,2.5,0.8571428571428571,0,7.0,,7.0,14611.14,Other,2087.305714285714,9297.998181818182,157.8857142857143
322867,F,False,False,usa,mobile,BFM,48,0.0,0.0,1.0,1.0,1323.0,173.04,1.0,7.0,1.0,0,1.0,,1.0,1496.04,Other,1496.04,1496.04,189.0
324191,F,False,False,usa,san diego,SAN,42,0.0,0.0,2.0,1.5,1610.0,170.21,1.5,4.5,0.5,0,1.0,,2.0,1780.21,Other,890.105,1186.8066666666666,119.25925925925925
334787,F,False,False,usa,minneapolis,MSP,55,0.0,0.0,3.0,1.0,864.0,749.4475,1.0,2.0,0.6666666666666666,0,3.0,,3.0,1613.4475,Other,537.8158333333333,1613.4475,144.0
349132,F,False,False,usa,cincinnati,CVG,51,0.0,1.0,2.0,1.0,3516.1000000000004,226.36,1.6666666666666667,4.666666666666667,0.0,0,1.0,,3.0,3742.4600000000005,Other,1247.486666666667,3742.4600000000005,150.69000000000003
354950,M,True,False,usa,amarillo,AMA,55,0.0,0.0,1.0,1.0,762.0,460.54,1.0,6.0,1.0,0,1.0,,1.0,1222.54,Other,1222.54,1222.54,127.0
359653,M,False,False,canada,victoria,YYJ,57,0.0,0.0,2.0,1.0,649.2,784.33,1.0,1.5,1.0,0,2.0,,2.0,1433.5300000000002,Other,716.7650000000001,1433.5300000000002,216.4
374340,F,True,False,usa,new york,LGA,36,1.0,0.0,0.0,2.0,0.0,7932.38,,,1.0,0,1.0,,1.0,7932.38,Other,7932.38,3966.19,
380436,F,False,False,usa,new york,LGA,46,0.0,0.0,1.0,1.0,594.0,113.25,1.0,4.0,1.0,0,1.0,,1.0,707.25,Other,707.25,707.25,148.5
380874,F,True,False,usa,louisville,LOU,56,0.0,0.0,3.0,,546.9000000000001,0.0,1.0,1.6666666666666667,,0,0.0,,3.0,546.9000000000001,Other,182.30000000000004,,109.38000000000002
395202,F,False,False,usa,san jose,SJC,28,0.0,1.0,0.0,,2964.0,0.0,1.0,13.0,,0,0.0,,1.0,2964.0,Other,2964.0,,228.0
399799,F,True,False,canada,toronto,YTZ,57,0.0,0.0,4.0,1.0,745.0,1361.2,1.0,2.25,0.5,0,4.0,,4.0,2106.2,Other,526.55,2106.2,82.77777777777777
400899,F,True,False,canada,quebec,YQB,47,0.0,0.0,3.0,1.3333333333333333,2230.0,1381.7600000000002,1.3333333333333333,3.333333333333333,0.6666666666666666,0,3.0,,3.0,3611.76,Other,1203.92,2708.82,167.25000000000006
402978,F,True,False,usa,milwaukee,MKE,53,0.0,0.0,4.0,1.0,1831.0,1382.5165000000002,1.0,3.0,0.75,0,3.0,,4.0,3213.5165,Other,803.379125,3213.5165,152.58333333333334
407434,F,True,True,canada,halifax,YAW,54,0.0,1.0,0.0,,3186.0,0.0,2.0,9.0,,0,0.0,,1.0,3186.0,Other,3186.0,,177.0
411701,F,False,False,canada,calgary,YYC,42,0.0,1.0,1.0,1.0,316.0,578.27,1.0,1.0,1.0,0,1.0,,2.0,894.27,Other,447.135,894.27,158.0
415282,F,True,True,usa,portland,PWM,44,0.0,0.0,2.0,2.0,2892.0,6707.82,2.0,3.5,0.0,0,2.0,,2.0,9599.82,Other,4799.91,4799.91,206.57142857142858
415581,F,True,False,usa,new york,JFK,44,0.0,0.0,3.0,1.0,2036.0,1059.77,1.0,5.666666666666667,0.6666666666666666,0,3.0,,3.0,3095.77,Other,1031.9233333333334,3095.77,119.76470588235293
418329,M,False,True,usa,detroit,DET,51,0.0,0.0,3.0,1.0,2884.7,415.987,1.0,9.0,0.6666666666666666,0,2.0,,3.0,3300.687,Other,1100.229,3300.687,106.84074074074073
418488,F,True,False,canada,toronto,YYZ,40,0.0,0.0,4.0,1.0,2199.0,1411.6,1.0,3.25,0.5,0,3.0,,4.0,3610.6,Other,902.65,3610.6,169.15384615384616
421700,F,False,True,usa,richmond,RIC,43,0.0,0.0,3.0,1.3333333333333333,2695.8,1350.462,1.3333333333333333,5.0,0.0,0,3.0,,3.0,4046.262,Other,1348.7540000000001,3034.6965000000005,134.79000000000002
428056,M,False,False,canada,vancouver,YVR,39,1.0,0.0,3.0,1.0,1607.0,2377.27,1.0,3.0,0.0,0,4.0,,4.0,3984.27,Other,996.0675,3984.27,133.91666666666666
431144,F,True,False,usa,cincinnati,CVG,53,0.0,1.0,1.0,,1488.0,0.0,1.0,4.5,,0,0.0,,2.0,1488.0,Other,744.0,,165.33333333333334
431337,F,False,False,usa,miami,MIA,40,0.0,0.0,3.0,1.0,1459.0,1208.66,1.0,2.0,1.0,0,3.0,,3.0,2667.66,Other,889.2199999999999,2667.66,243.16666666666666
433905,F,False,False,usa,new york,LGA,28,0.0,1.0,0.0,,3920.0,0.0,2.0,14.0,,0,0.0,,1.0,3920.0,Other,3920.0,,140.0
435231,F,False,False,canada,toronto,YZD,32,0.0,1.0,1.0,1.0,916.0,52.88,1.0,4.0,1.0,0,1.0,,2.0,968.88,Other,484.44,968.88,114.5
435837,F,False,False,usa,new orleans,MSY,53,0.0,1.0,0.0,,1848.0,0.0,1.0,12.0,,0,0.0,,1.0,1848.0,Other,1848.0,,154.0
437539,F,False,False,usa,nashville,BNA,48,0.0,0.0,5.0,,1204.0,0.0,1.0,1.8,,0,0.0,,5.0,1204.0,Other,240.8,,133.77777777777777
437549,F,False,False,usa,new orleans,NBG,42,0.0,0.0,3.0,1.0,898.0,1010.85,1.0,2.6666666666666665,1.0,0,3.0,,3.0,1908.85,Other,636.2833333333333,1908.85,112.25
438596,F,False,False,usa,oklahoma city,OKC,26,0.0,1.0,1.0,,1372.0,0.0,1.0,4.5,,0,0.0,,2.0,1372.0,Other,686.0,,152.44444444444446
439052,F,True,False,usa,richmond,RIC,54,0.0,0.0,4.0,1.0,2468.0,2058.542,1.0,4.25,0.5,0,4.0,,4.0,4526.5419999999995,Other,1131.6354999999999,4526.5419999999995,145.1764705882353
439363,F,False,False,usa,fort worth,FTW,53,1.0,1.0,2.0,1.0,2087.0,616.3,1.0,5.666666666666667,0.3333333333333333,0,3.0,,4.0,2703.3,Other,675.825,2703.3,92.0735294117647
441200,F,False,True,canada,ottawa,YOW,37,1.0,1.0,1.0,1.0,588.0,545.24,1.0,3.5,1.0,0,2.0,,3.0,1133.24,Other,377.74666666666667,1133.24,56.0
442812,F,True,True,usa,boston,BOS,57,0.0,1.0,0.0,,850.0,0.0,1.0,10.0,,0,0.0,,1.0,850.0,Other,850.0,,85.0
443453,F,False,False,usa,seattle,BFI,38,0.0,0.0,4.0,,797.3,0.0,1.0,1.25,,0,0.0,,4.0,797.3,Other,199.325,,159.45999999999998
443598,F,False,False,usa,honolulu,HNL,45,0.0,0.0,2.0,1.0,1498.65,2257.454,1.0,4.5,0.5,0,2.0,,2.0,3756.1040000000003,Other,1878.0520000000001,3756.1040000000003,166.51666666666668
444387,F,True,False,usa,cincinnati,LUK,48,1.0,0.0,2.0,1.3333333333333333,168.0,2305.52,1.0,1.0,0.3333333333333333,0,3.0,,3.0,2473.52,Other,824.5066666666667,1855.14,56.0
445351,F,True,True,usa,des moines,DSM,55,1.0,0.0,3.0,1.0,1138.8,962.11,1.0,3.6666666666666665,0.0,0,4.0,,4.0,2100.91,Other,525.2275,2100.91,77.64545454545454
446124,F,False,False,usa,new york,LGA,47,0.0,0.0,5.0,1.0,1745.4,1810.02,1.0,2.8,0.6,0,4.0,,5.0,3555.42,Other,711.0840000000001,3555.42,124.67142857142859
446473,F,True,False,usa,san diego,NZY,51,1.0,0.0,2.0,1.0,590.2,1375.89,1.0,1.5,0.6666666666666666,0,3.0,,3.0,1966.0900000000001,Other,655.3633333333333,1966.0900000000001,131.15555555555557
447053,F,False,True,usa,riverside,RAL,39,0.0,0.0,2.0,1.0,383.0,884.74,1.0,2.5,0.5,0,2.0,,2.0,1267.74,Other,633.87,1267.74,76.6
447591,M,False,False,canada,winnipeg,YWG,24,0.0,0.0,1.0,,229.0,0.0,1.0,1.0,,0,0.0,,1.0,229.0,Other,229.0,,229.0
448467,F,False,False,canada,halifax,YAW,40,0.0,2.0,0.0,,4732.0,0.0,1.0,9.5,,0,0.0,,2.0,4732.0,Other,2366.0,,249.05263157894737
448564,F,False,False,usa,colorado springs,COS,51,0.0,1.0,4.0,,1126.0,0.0,1.0,2.0,,0,0.0,,5.0,1126.0,Other,225.2,,112.6
449619,F,False,False,usa,cleveland,CLE,37,0.0,0.0,3.0,1.0,2004.0,1046.53,1.0,5.333333333333333,1.0,0,3.0,,3.0,3050.5299999999997,Other,1016.8433333333332,3050.5299999999997,125.25
449804,F,True,False,usa,tacoma,TCM,43,0.0,0.0,3.0,1.0,1067.0,1443.41,1.0,1.6666666666666667,1.0,0,3.0,,3.0,2510.41,Other,836.8033333333333,2510.41,213.4
450305,F,False,False,usa,fayetteville,FYV,41,0.0,1.0,2.0,1.0,1774.6,355.3055,1.0,3.6666666666666665,0.5,0,2.0,,3.0,2129.9055,Other,709.9685,2129.9055,161.3272727272727
450615,F,False,False,usa,kansas city,MCI,46,1.0,0.0,3.0,1.25,585.0,1808.565,1.0,5.0,0.75,0,4.0,,4.0,2393.565,Other,598.39125,1914.852,29.25
454264,F,False,True,usa,new york,JFK,51,1.0,0.0,0.0,1.0,0.0,733.54,,,0.0,0,1.0,,1.0,733.54,Other,733.54,733.54,
454430,F,True,False,canada,vancouver,YVR,40,0.0,1.0,2.0,2.5,2299.5,5991.59,2.0,2.333333333333333,0.0,0,2.0,,3.0,8291.09,Other,2763.6966666666667,3316.436,164.25000000000003
454920,F,True,False,usa,new york,LGA,40,0.0,0.0,5.0,1.6,3064.0,10526.89,1.6,3.8,0.6,0,5.0,,5.0,13590.89,Other,2718.178,8494.30625,100.78947368421052
457599,F,True,False,usa,columbus,LCK,41,1.0,1.0,3.0,1.0,2250.3,864.8645,1.0,2.5,0.5,0,4.0,,5.0,3115.1645000000003,Other,623.0329,3115.1645000000003,180.02400000000003
458688,F,False,False,usa,cleveland,CLE,45,1.0,0.0,1.0,1.0,2380.0,105.34199999999998,1.0,10.0,0.0,0,2.0,,2.0,2485.342,Other,1242.671,2485.342,119.0
459486,F,False,False,usa,st. petersburg,SPG,30,1.0,0.0,1.0,1.0,825.0,881.19,1.0,3.0,0.5,0,2.0,,2.0,1706.19,Other,853.095,1706.19,137.5
459645,F,False,False,usa,wichita,ICT,32,0.0,0.0,1.0,2.0,1190.0,1391.56,2.0,5.0,1.0,0,1.0,,1.0,2581.56,Other,2581.56,1290.78,119.0
461744,F,False,False,usa,new york,LGA,32,0.0,1.0,1.0,1.0,919.0,201.15,1.0,4.0,0.0,0,1.0,,2.0,1120.15,Other,560.075,1120.15,114.875
463652,F,True,False,canada,montreal,YHU,40,0.0,0.0,1.0,1.0,144.4,206.62,1.0,1.0,1.0,0,1.0,,1.0,351.02,Other,351.02,351.02,144.4
463698,F,False,False,usa,atlanta,ATL,39,0.0,0.0,4.0,,960.55,0.0,1.0,2.0,,0,0.0,,4.0,960.55,Other,240.1375,,120.06875
464160,F,True,True,usa,los angeles,LAX,51,0.0,1.0,1.0,,2353.0,0.0,1.0,8.5,,0,0.0,,2.0,2353.0,Other,1176.5,,138.41176470588235
466205,F,True,True,usa,new york,LGA,41,0.0,2.0,2.0,1.0,3073.0,1349.86,1.0,5.5,1.0,0,2.0,,4.0,4422.86,Other,1105.715,4422.86,139.6818181818182
467007,M,True,True,usa,riverside,RAL,51,2.0,1.0,1.0,,5210.0,0.0,1.5,5.5,,0,0.0,,4.0,5210.0,Other,1302.5,,157.87878787878788
468106,F,False,False,usa,new york,LGA,47,2.0,0.0,2.0,1.25,540.4,3263.93,1.5,2.5,0.0,0,4.0,,4.0,3804.33,Other,951.0825,3043.464,36.026666666666664
468370,F,False,False,usa,philadelphia,PHL,35,0.0,2.0,2.0,,1249.0,0.0,1.0,4.5,,0,0.0,,4.0,1249.0,Other,312.25,,69.38888888888889
468801,F,True,True,usa,dallas,DAL,46,1.0,0.0,2.0,,945.0,0.0,1.0,2.0,,0,0.0,,3.0,945.0,Other,315.0,,157.5
468808,F,False,True,canada,windsor,YQG,48,1.0,0.0,3.0,,1326.0,0.0,1.0,2.0,,0,0.0,,4.0,1326.0,Other,331.5,,165.75
471565,F,False,True,usa,nashville,BNA,32,0.0,1.0,1.0,1.0,1625.0,194.76,1.0,7.0,1.0,0,1.0,,2.0,1819.76,Other,909.88,1819.76,116.07142857142857
471717,F,True,True,usa,phoenix,LUF,48,0.0,0.0,3.0,,1027.0,0.0,1.0,1.6666666666666667,,0,0.0,,3.0,1027.0,Other,342.3333333333333,,205.39999999999998
472614,F,False,False,canada,toronto,YYZ,41,0.0,0.0,2.0,,679.0,0.0,1.0,1.5,,0,0.0,,2.0,679.0,Other,339.5,,226.33333333333334
472713,F,True,True,usa,nashville,BNA,43,0.0,0.0,4.0,1.25,2445.25,1545.96,1.0,3.0,1.0,0,4.0,,4.0,3991.21,Other,997.8025,3192.968,203.77083333333334
472785,M,False,False,canada,toronto,YZD,48,1.0,0.0,2.0,1.0,1178.0,1011.177,1.0,2.5,0.6666666666666666,0,3.0,,3.0,2189.177,Other,729.7256666666667,2189.177,157.06666666666666
473332,F,True,False,usa,los angeles,LAX,52,1.0,1.0,2.0,,3088.4,0.0,1.0,4.0,,0,0.0,,4.0,3088.4,Other,772.1,,193.025
473343,F,True,False,usa,kansas city,MCI,50,0.0,0.0,3.0,1.3333333333333333,973.0,1178.75,1.3333333333333333,2.0,1.0,0,3.0,,3.0,2151.75,Other,717.25,1613.8125,121.625
473467,F,True,False,usa,austin,AUS,45,1.0,1.0,2.0,1.3333333333333333,1131.3,2580.65,1.3333333333333333,2.333333333333333,0.6666666666666666,0,3.0,,4.0,3711.95,Other,927.9875,2783.9625,90.90803571428573
474384,F,True,False,usa,indianapolis,IND,43,1.0,0.0,3.0,1.25,1315.0,1627.668,1.3333333333333333,2.0,1.0,0,4.0,,4.0,2942.6679999999997,Other,735.6669999999999,2354.1344,123.28125
476081,F,True,True,usa,el paso,BIF,59,1.0,1.0,2.0,1.0,916.0,742.72,1.0,2.333333333333333,0.0,0,3.0,,4.0,1658.72,Other,414.68,1658.72,98.14285714285715
476436,F,True,True,usa,dallas,DAL,44,0.0,0.0,4.0,1.0,1686.0,1198.01,1.0,2.25,0.5,0,4.0,,4.0,2884.01,Other,721.0025,2884.01,187.33333333333334
476714,F,False,False,usa,columbus,CMH,46,0.0,0.0,3.0,1.3333333333333333,2805.6000000000004,1655.6765,1.3333333333333333,3.333333333333333,0.6666666666666666,0,3.0,,3.0,4461.2765,Other,1487.0921666666666,3345.957375,210.42000000000007
477316,F,False,False,usa,new york,LGA,41,0.0,1.0,3.0,1.0,1029.0,1632.27,1.0,2.5,0.6666666666666666,0,3.0,,4.0,2661.27,Other,665.3175,2661.27,102.9
478228,M,True,False,canada,halifax,YAW,29,0.0,1.0,1.0,2.0,1405.8,657.96,1.5,6.5,0.0,0,1.0,,2.0,2063.76,Other,1031.88,1031.88,72.09230769230768
478585,F,False,False,usa,los angeles,LAX,48,1.0,0.0,4.0,,1210.0,0.0,1.0,1.5,,0,0.0,,5.0,1210.0,Other,242.0,,161.33333333333334
479101,F,False,True,canada,toronto,YTZ,37,0.0,0.0,1.0,1.0,135.85,128.63,1.0,1.0,1.0,0,1.0,,1.0,264.48,Other,264.48,264.48,135.85
480796,F,False,True,usa,anchorage,MRI,42,0.0,1.0,2.0,1.0,1106.0,1581.21,1.3333333333333333,3.333333333333333,0.5,0,2.0,,3.0,2687.21,Other,895.7366666666667,2687.21,82.95000000000003
481050,F,True,True,usa,houston,EFD,49,0.0,1.0,1.0,,1123.0,0.0,1.0,4.5,,0,0.0,,2.0,1123.0,Other,561.5,,124.77777777777777
481245,F,False,False,usa,new york,LGA,48,0.0,0.0,2.0,1.0,896.0,693.135,1.0,8.0,0.0,0,2.0,,2.0,1589.135,Other,794.5675,1589.135,56.0
481292,F,False,False,usa,san jose,SJC,34,1.0,0.0,3.0,1.0,767.0,1643.14,1.0,1.6666666666666667,1.0,0,4.0,,4.0,2410.1400000000003,Other,602.5350000000001,2410.1400000000003,115.05
482264,F,True,True,usa,wichita,IAB,44,0.0,1.0,3.0,1.0,2522.8,835.13,1.0,4.0,0.6666666666666666,0,3.0,,4.0,3357.9300000000003,Other,839.4825000000001,3357.9300000000003,157.675
482744,F,False,False,usa,new york,LGA,40,0.0,0.0,4.0,1.0,1076.3,861.25,1.0,2.5,1.0,0,3.0,,4.0,1937.55,Other,484.3875,1937.55,107.63
483224,F,False,False,usa,chicago,MDW,48,2.0,0.0,1.0,1.0,927.0,1005.94,1.0,9.0,0.3333333333333333,0,2.0,,3.0,1932.94,Other,644.3133333333334,1932.94,34.333333333333336
483480,M,True,True,canada,toronto,YTZ,41,0.0,2.0,3.0,1.0,2390.1,657.83,1.2,2.8,0.6666666666666666,0,3.0,,5.0,3047.93,Other,609.586,3047.93,142.26785714285717
483603,F,False,False,usa,new york,JFK,40,1.0,0.0,3.0,1.5,1257.0,2522.48,1.6666666666666667,1.3333333333333333,0.0,0,4.0,,4.0,3779.48,Other,944.87,2519.653333333333,141.4125
483928,F,False,False,usa,new york,JFK,43,0.0,0.0,5.0,1.2,2264.0,1559.6125,1.2,2.6,0.4,0,5.0,,5.0,3823.6125,Other,764.7225000000001,3186.3437500000005,145.12820512820514
484987,F,False,False,canada,montreal,YMX,59,0.0,0.0,4.0,1.25,1937.0,1414.24,1.25,4.0,0.75,0,4.0,,4.0,3351.24,Other,837.81,2680.9919999999997,96.85
485260,F,True,True,usa,chicago,UGN,51,0.0,0.0,2.0,1.0,935.6,650.96,1.0,3.0,0.5,0,2.0,,2.0,1586.56,Other,793.28,1586.56,155.93333333333334
486270,F,False,False,canada,victoria,YYJ,30,0.0,1.0,2.0,1.0,1913.0,1126.01,1.0,3.333333333333333,0.5,0,2.0,,3.0,3039.01,Other,1013.0033333333334,3039.01,191.3
486823,F,False,False,usa,sacramento,SAC,28,1.0,0.0,2.0,1.6666666666666667,1559.5,7389.58,2.0,1.5,0.3333333333333333,0,3.0,,3.0,8949.08,Other,2983.0266666666666,5369.447999999999,173.2777777777778
487036,F,True,True,canada,calgary,YYC,43,0.0,0.0,1.0,1.0,144.0,285.5,1.0,1.0,1.0,0,1.0,,1.0,429.5,Other,429.5,429.5,144.0
487858,F,True,False,usa,fresno,FAT,43,0.0,1.0,2.0,1.0,1570.0,959.7,1.3333333333333333,3.0,0.5,0,2.0,,3.0,2529.7,Other,843.2333333333332,2529.7,130.83333333333334
488009,F,False,False,usa,baltimore,BWI,49,1.0,0.0,1.0,,464.0,0.0,1.0,2.0,,0,0.0,,2.0,464.0,Other,232.0,,116.0
488246,F,False,False,canada,edmonton,YEG,20,0.0,1.0,0.0,,1586.5,0.0,2.0,5.0,,0,0.0,,1.0,1586.5,Other,1586.5,,158.65
488410,F,True,True,usa,new york,JFK,53,0.0,0.0,3.0,1.0,556.0,590.87,1.0,3.333333333333333,0.3333333333333333,0,3.0,,3.0,1146.87,Other,382.28999999999996,1146.87,55.60000000000001
488462,F,True,False,canada,toronto,YTZ,47,0.0,1.0,4.0,1.0,1356.35,631.81,1.0,2.6,0.25,0,3.0,,5.0,1988.1599999999999,Other,397.63199999999995,1988.1599999999999,104.33461538461538
488974,F,False,False,usa,newark,EWR,56,1.0,0.0,2.0,1.0,264.0,452.85,1.0,2.0,0.6666666666666666,0,3.0,,3.0,716.85,Other,238.95000000000002,716.85,44.0
489802,F,True,False,usa,detroit,YIP,41,0.0,0.0,1.0,1.0,600.0,344.32,1.0,4.0,0.0,0,1.0,,1.0,944.3199999999999,Other,944.3199999999999,944.3199999999999,150.0
489844,F,True,True,canada,toronto,YYZ,50,0.0,1.0,2.0,1.0,1448.85,1072.05,1.0,5.0,1.0,0,2.0,,3.0,2520.8999999999996,Other,840.2999999999998,2520.8999999999996,96.59
489852,F,True,False,usa,santa ana,SNA,52,0.0,1.0,1.0,2.0,2541.0,1380.06,1.5,6.0,1.0,0,1.0,,2.0,3921.06,Other,1960.53,1960.53,141.16666666666666
490040,F,True,False,usa,riverside,RIV,47,0.0,0.0,3.0,1.6666666666666667,2153.0,7036.078,1.6666666666666667,2.6666666666666665,0.0,0,3.0,,3.0,9189.078000000001,Other,3063.0260000000003,5513.446800000001,161.475
490107,F,False,False,usa,philadelphia,PNE,39,0.0,0.0,5.0,1.0,1613.8000000000002,1405.9275,1.0,2.2,0.8,0,5.0,,5.0,3019.7275,Other,603.9455,3019.7275,146.70909090909092
490133,F,True,True,usa,lubbock,LBB,52,0.0,2.0,3.0,1.0,3946.2,1100.31,1.2,4.6,1.0,0,3.0,,5.0,5046.51,Other,1009.302,5046.51,142.97826086956525
490358,F,False,True,usa,las vegas,LAS,30,0.0,0.0,2.0,,737.0,0.0,1.0,3.0,,0,0.0,,2.0,737.0,Other,368.5,,122.83333333333333
490671,F,False,True,usa,indianapolis,IND,38,1.0,0.0,3.0,1.0,2733.15,496.77,1.0,4.333333333333333,1.0,0,4.0,,4.0,3229.92,Other,807.48,3229.92,157.6817307692308
491266,F,True,False,usa,sacramento,SMF,45,2.0,0.0,1.0,1.3333333333333333,1160.0,2235.7200000000003,2.0,4.0,1.0,0,3.0,,3.0,3395.7200000000003,Other,1131.9066666666668,2546.7900000000004,48.333333333333336
491559,F,True,False,usa,san diego,SAN,50,0.0,0.0,3.0,,583.0,0.0,1.0,1.3333333333333333,,0,0.0,,3.0,583.0,Other,194.33333333333334,,145.75000000000003
491597,F,False,False,usa,omaha,OMA,47,0.0,0.0,2.0,,954.0,0.0,2.5,1.0,,0,0.0,,2.0,954.0,Other,477.0,,190.8
491706,M,False,False,usa,phoenix,LUF,46,1.0,0.0,1.0,1.0,1028.0,1114.45,1.0,4.0,0.0,0,2.0,,2.0,2142.45,Other,1071.225,2142.45,128.5
491772,F,False,False,canada,edmonton,YEG,57,0.0,1.0,3.0,1.3333333333333333,1663.8,2311.099,1.5,3.25,0.3333333333333333,0,3.0,,4.0,3974.8990000000003,Other,993.7247500000001,2981.1742500000005,85.32307692307693
491925,M,False,False,usa,new york,JFK,55,1.0,1.0,4.0,,3317.0,0.0,1.4,4.0,,0,0.0,,6.0,3317.0,Other,552.8333333333334,,98.7202380952381
494382,F,False,True,canada,ottawa,YOW,41,1.0,1.0,3.0,1.5,2707.0,1458.32,1.5,4.75,0.25,0,2.0,,5.0,4165.32,Other,833.064,2776.8799999999997,75.9859649122807
494704,M,True,False,canada,quebec,YQB,45,0.0,1.0,5.0,1.0,2283.0,1505.88,1.0,2.1666666666666665,0.4,0,4.0,,6.0,3788.88,Other,631.48,3788.88,175.6153846153846
495042,F,True,False,usa,los angeles,LAX,50,0.0,1.0,4.0,1.0,2840.7,2142.375,1.0,2.6,0.25,0,4.0,,5.0,4983.075,Other,996.615,4983.075,218.5153846153846
495272,F,False,False,usa,tucson,DMA,35,0.0,1.0,2.0,1.0,1669.4,695.8100000000001,1.0,4.333333333333333,0.5,0,2.0,,3.0,2365.21,Other,788.4033333333333,2365.21,128.41538461538462
495482,F,True,False,usa,dallas,DAL,38,1.0,1.0,3.0,1.0,3634.1,1370.12,1.0,6.25,0.25,0,4.0,,5.0,5004.219999999999,Other,1000.8439999999998,5004.219999999999,116.29119999999999
495603,F,True,False,usa,san francisco,SFO,31,1.0,1.0,3.0,1.0,4385.0,1201.55,1.0,8.25,0.25,0,3.0,,5.0,5586.55,Other,1117.31,5586.55,106.3030303030303
496273,F,True,False,usa,los angeles,LAX,57,1.0,1.0,2.0,1.0,1359.4,1363.5700000000002,1.0,5.0,0.6666666666666666,0,3.0,,4.0,2722.9700000000003,Other,680.7425000000001,2722.9700000000003,67.97
496286,M,False,False,usa,seattle,BFI,42,1.0,0.0,2.0,1.6666666666666667,1062.0,5831.170000000001,2.0,2.0,1.0,0,3.0,,3.0,6893.170000000001,Other,2297.723333333334,4135.902,88.5
496382,F,False,False,usa,louisville,LOU,45,2.0,0.0,2.0,1.5,1848.0,1056.1335,1.0,3.0,1.0,0,4.0,,4.0,2904.1335,Other,726.033375,1936.089,154.0
497042,F,True,True,usa,fresno,FAT,58,0.0,0.0,4.0,1.0,907.0,1953.23,1.0,2.75,0.0,0,4.0,,4.0,2860.23,Other,715.0575,2860.23,82.45454545454545
497108,F,False,False,usa,nashville,BNA,49,0.0,0.0,3.0,1.3333333333333333,714.0,1244.53,1.3333333333333333,1.0,0.3333333333333333,0,3.0,,3.0,1958.53,Other,652.8433333333334,1468.8975,178.5
497475,F,True,False,usa,corpus christi,CRP,49,3.0,0.0,1.0,1.5,340.0,10637.72,1.0,4.0,0.75,0,4.0,,4.0,10977.72,Other,2744.43,7318.48,21.25
497680,F,False,True,usa,new york,LGA,42,0.0,1.0,2.0,1.0,742.0,683.69,1.0,2.6666666666666665,0.5,0,2.0,,3.0,1425.69,Other,475.23,1425.69,92.75000000000001
498857,F,True,False,usa,spokane,SKA,39,1.0,0.0,2.0,1.0,577.0,1152.4,1.0,3.5,0.6666666666666666,0,3.0,,3.0,1729.4,Other,576.4666666666667,1729.4,54.952380952380956
499810,M,True,False,usa,cincinnati,LUK,48,0.0,1.0,2.0,1.0,2715.0,768.9599999999999,1.0,5.333333333333333,0.5,0,2.0,,3.0,3483.96,Other,1161.32,3483.96,169.6875
499969,F,False,False,usa,providence,PVD,27,0.0,1.0,0.0,,351.0,0.0,1.0,9.0,,0,0.0,,1.0,351.0,Other,351.0,,39.0
500078,F,True,False,canada,ottawa,YOW,48,0.0,0.0,2.0,1.0,529.0,327.78000000000003,1.0,3.5,1.0,0,2.0,,2.0,856.78,Other,428.39,856.78,75.57142857142857
500646,F,True,False,usa,indianapolis,IND,49,0.0,2.0,1.0,1.0,3219.2000000000003,228.825,1.3333333333333333,7.333333333333333,1.0,0,1.0,,3.0,3448.025,Other,1149.3416666666667,3448.025,109.74545454545458
501322,F,True,True,usa,los angeles,LAX,56,0.0,1.0,3.0,1.0,2476.3,1820.967,1.0,2.75,1.0,0,3.0,,4.0,4297.267,Other,1074.31675,4297.267,225.11818181818182
501344,M,False,False,usa,corpus christi,CRP,52,1.0,0.0,0.0,1.0,0.0,95.59,,,0.0,0,1.0,,1.0,95.59,Other,95.59,95.59,
501735,F,False,False,usa,new york,JFK,35,0.0,0.0,3.0,1.0,331.0,969.08,1.0,1.0,1.0,0,3.0,,3.0,1300.08,Other,433.35999999999996,1300.08,110.33333333333333
502145,F,False,False,usa,baltimore,BWI,41,0.0,0.0,4.0,1.25,1651.0,4269.58,1.25,2.5,0.75,0,4.0,,4.0,5920.58,Other,1480.145,4736.464,132.07999999999998
502353,F,False,False,usa,honolulu,HNL,41,1.0,1.0,3.0,1.0,6017.0,4846.17,1.25,5.5,0.5,0,3.0,,5.0,10863.17,Other,2172.634,10863.17,175.04
503760,F,True,False,usa,kansas city,MCI,41,0.0,1.0,4.0,1.75,7242.0,4536.13,1.4,4.6,0.5,0,4.0,,5.0,11778.130000000001,Other,2355.626,6730.360000000001,224.9068322981367
503945,F,False,False,usa,san antonio,RND,49,1.0,0.0,2.0,1.3333333333333333,1038.0,3159.813,1.5,2.0,0.3333333333333333,0,3.0,,3.0,4197.813,Other,1399.271,3148.35975,115.33333333333333
504133,F,True,False,usa,lincoln,LNK,47,0.0,0.0,3.0,2.0,6617.0,3324.5600000000004,2.0,6.0,0.6666666666666666,0,3.0,,3.0,9941.560000000001,Other,3313.853333333334,4970.780000000001,183.80555555555554
504299,F,True,True,usa,milwaukee,MKE,43,0.0,0.0,3.0,1.0,937.0,1512.4955,1.0,2.0,0.6666666666666666,0,3.0,,3.0,2449.4955,Other,816.4985,2449.4955,156.16666666666666
504320,F,False,False,usa,indianapolis,IND,32,0.0,0.0,2.0,1.0,525.75,686.78,1.0,2.0,1.0,0,2.0,,2.0,1212.53,Other,606.265,1212.53,131.4375
504669,F,False,False,usa,long beach,LGB,43,0.0,0.0,2.0,1.0,406.0,1179.299,1.0,2.0,1.0,0,2.0,,2.0,1585.299,Other,792.6495,1585.299,101.5
504859,F,False,True,usa,phoenix,PHX,28,0.0,1.0,1.0,1.0,2420.0,234.11,1.5,4.0,0.0,0,1.0,,2.0,2654.11,Other,1327.055,2654.11,201.66666666666666
504945,F,False,False,usa,houston,EFD,45,0.0,0.0,4.0,1.0,1343.4,1313.59,1.0,1.5,0.75,0,4.0,,4.0,2656.99,Other,664.2475,2656.99,223.9
505066,M,True,True,usa,boston,BOS,27,0.0,1.0,0.0,,816.0,0.0,2.0,3.0,,0,0.0,,1.0,816.0,Other,816.0,,136.0
505358,F,False,False,usa,detroit,DET,40,0.0,0.0,3.0,1.6666666666666667,2028.0,1259.5915,1.6666666666666667,3.0,0.6666666666666666,0,3.0,,3.0,3287.5915,Other,1095.8638333333333,1972.5548999999999,135.2
505667,F,True,False,usa,san francisco,SFO,56,0.0,0.0,3.0,1.0,1671.0,1025.94,1.0,2.6666666666666665,0.0,0,3.0,,3.0,2696.94,Other,898.98,2696.94,208.875
505680,F,False,False,usa,los angeles,LAX,49,0.0,1.0,3.0,,1789.0,0.0,1.25,2.0,,0,0.0,,4.0,1789.0,Other,447.25,,178.9
505854,F,True,False,usa,new york,JFK,56,0.0,2.0,3.0,1.0,4113.0,1356.95,1.0,5.0,1.0,0,2.0,,5.0,5469.95,Other,1093.99,5469.95,164.52
505916,F,False,False,usa,charlotte,CLT,29,0.0,1.0,4.0,1.0,10446.8,1569.277,1.2,10.6,0.75,0,3.0,,5.0,12016.077,Other,2403.2154,12016.077,164.2578616352201
506130,F,False,False,usa,phoenix,PHX,42,0.0,0.0,4.0,1.0,2583.4,2693.652,1.0,3.25,0.5,0,3.0,,4.0,5277.052,Other,1319.263,5277.052,198.72307692307692
506611,F,True,False,usa,tulsa,TUL,56,0.0,3.0,1.0,1.0,2197.0,133.21,1.0,3.5,0.0,0,1.0,,4.0,2330.21,Other,582.5525,2330.21,156.92857142857142
507207,F,False,True,usa,new york,LGA,20,0.0,2.0,0.0,,5140.0,0.0,1.5,7.5,,0,0.0,,2.0,5140.0,Other,2570.0,,228.44444444444443
507435,F,True,True,usa,los angeles,LAX,55,0.0,0.0,4.0,1.0,1878.0,1312.45,1.0,2.5,0.5,0,3.0,,4.0,3190.45,Other,797.6125,3190.45,187.8
507573,F,False,False,usa,denver,DEN,44,0.0,0.0,3.0,,578.0,0.0,1.0,1.6666666666666667,,0,0.0,,3.0,578.0,Other,192.66666666666666,,115.6
507728,F,True,True,usa,st. louis,STL,40,0.0,0.0,2.0,1.0,1045.0,465.57,1.0,2.5,0.0,0,2.0,,2.0,1510.57,Other,755.285,1510.57,209.0
507759,F,True,False,canada,victoria,YYJ,51,0.0,0.0,3.0,1.0,950.0,716.548,1.0,2.6666666666666665,0.6666666666666666,0,3.0,,3.0,1666.548,Other,555.516,1666.548,118.75000000000001
508050,F,True,False,usa,new york,JFK,48,1.0,0.0,3.0,1.5,3727.2,2500.679,1.3333333333333333,10.666666666666666,0.75,0,3.0,,4.0,6227.879,Other,1556.96975,4151.919333333333,65.5171875
508144,F,False,False,usa,new york,JFK,40,0.0,0.0,3.0,,1470.0,0.0,1.0,2.333333333333333,,0,0.0,,3.0,1470.0,Other,490.0,,210.00000000000003
508497,F,False,False,canada,calgary,YYC,39,0.0,1.0,1.0,1.0,1982.0,356.24,1.0,6.0,0.0,0,1.0,,2.0,2338.24,Other,1169.12,2338.24,165.16666666666666
508546,F,False,False,usa,cincinnati,LUK,31,1.0,0.0,2.0,1.0,422.0,896.5,1.0,2.0,0.6666666666666666,0,3.0,,3.0,1318.5,Other,439.5,1318.5,70.33333333333333
508849,F,False,False,usa,charlotte,CLT,39,1.0,2.0,2.0,,4962.0,0.0,1.5,3.25,,0,0.0,,5.0,4962.0,Other,992.4,,203.56923076923078
508891,F,False,True,usa,san antonio,RND,19,2.0,0.0,0.0,,0.0,0.0,,,,0,0.0,,2.0,0.0,Other,0.0,,
508901,F,True,True,canada,hamilton,YHM,54,0.0,0.0,2.0,,232.0,0.0,1.0,1.0,,0,0.0,,2.0,232.0,Other,116.0,,116.0
508917,M,False,False,usa,los angeles,LAX,23,1.0,1.0,0.0,,972.0,0.0,1.0,8.0,,0,0.0,,2.0,972.0,Other,486.0,,60.75
509061,F,False,True,canada,vancouver,YVR,32,1.0,0.0,2.0,,1016.8,0.0,1.0,6.0,,0,0.0,,3.0,1016.8,Other,338.93333333333334,,56.48888888888889
509119,F,False,False,usa,new york,LGA,28,1.0,2.0,1.0,,1676.0,0.0,1.3333333333333333,5.333333333333333,,0,0.0,,4.0,1676.0,Other,419.0,,58.921875
509202,F,False,True,usa,minneapolis,MSP,27,0.0,1.0,1.0,,319.0,0.0,1.0,1.5,,0,0.0,,2.0,319.0,Other,159.5,,106.33333333333333
509316,F,False,False,usa,chicago,MDW,43,1.0,0.0,3.0,,1032.0,0.0,1.3333333333333333,1.6666666666666667,,0,0.0,,4.0,1032.0,Other,258.0,,116.1
509324,F,True,False,canada,winnipeg,YAV,51,1.0,0.0,2.0,1.3333333333333333,1887.8,2089.538,1.5,2.0,0.6666666666666666,0,3.0,,3.0,3977.3379999999997,Other,1325.7793333333332,2983.0035,209.75555555555556
509346,M,False,True,usa,atlanta,ATL,52,1.0,1.0,1.0,,489.0,0.0,1.0,2.5,,0,0.0,,3.0,489.0,Other,163.0,,65.2
509413,F,False,False,usa,boston,BOS,50,1.0,0.0,1.0,,470.0,0.0,1.0,1.0,,0,0.0,,2.0,470.0,Other,235.0,,235.0
509414,F,False,False,usa,tampa,TPA,26,0.0,0.0,1.0,,450.0,0.0,1.0,10.0,,0,0.0,,1.0,450.0,Other,450.0,,45.0
509453,F,False,False,usa,lubbock,LBB,43,0.0,1.0,2.0,,1203.0,0.0,1.3333333333333333,3.6666666666666665,,0,0.0,,3.0,1203.0,Other,401.0,,82.02272727272728
509515,F,False,True,usa,memphis,MEM,31,0.0,1.0,1.0,1.0,2802.0,297.45,1.0,6.0,1.0,0,1.0,,2.0,3099.45,Other,1549.725,3099.45,233.5
509530,F,True,True,canada,edmonton,YXD,48,1.0,1.0,4.0,,3182.0,0.0,1.4,2.8,,0,0.0,,6.0,3182.0,Other,530.3333333333334,,135.28911564625852
509598,F,False,False,canada,winnipeg,YWG,41,0.0,0.0,3.0,,1653.0,0.0,1.0,3.6666666666666665,,0,0.0,,3.0,1653.0,Other,551.0,,150.27272727272728
509603,F,False,False,usa,memphis,MEM,20,0.0,1.0,1.0,,4736.25,0.0,2.0,8.0,,0,0.0,,2.0,4736.25,Other,2368.125,,148.0078125
509712,F,False,False,usa,philadelphia,PHL,35,0.0,1.0,2.0,,1434.0,0.0,1.0,6.666666666666667,,0,0.0,,3.0,1434.0,Other,478.0,,71.7
509841,F,True,True,usa,knoxville,TYS,49,1.0,0.0,2.0,,1031.0,0.0,1.5,2.0,,0,0.0,,3.0,1031.0,Other,343.6666666666667,,114.55555555555556
510022,F,True,True,usa,austin,AUS,55,1.0,1.0,2.0,,895.0,0.0,1.0,1.3333333333333333,,0,0.0,,4.0,895.0,Other,223.75,,167.8125
510048,F,False,True,usa,dallas,DAL,33,0.0,0.0,2.0,,1720.0,0.0,1.0,5.0,,0,0.0,,2.0,1720.0,Other,860.0,,172.0
510061,F,True,True,usa,new york,LGA,50,1.0,0.0,4.0,,2103.0,0.0,1.0,2.25,,0,0.0,,5.0,2103.0,Other,420.6,,186.93333333333334
510081,F,False,False,usa,oakland,OAK,47,0.0,2.0,1.0,,2711.0,0.0,1.0,6.333333333333333,,0,0.0,,3.0,2711.0,Other,903.6666666666666,,142.68421052631578
510090,F,True,False,usa,anchorage,ANC,52,0.0,0.0,1.0,,88.0,0.0,1.0,1.0,,0,0.0,,1.0,88.0,Other,88.0,,88.0
510093,M,True,False,usa,norfolk,NGU,55,1.0,0.0,3.0,,3034.0,0.0,1.0,5.666666666666667,,0,0.0,,4.0,3034.0,Other,758.5,,133.85294117647058
510112,F,True,False,usa,new orleans,MSY,48,0.0,0.0,1.0,,1580.0,0.0,1.0,20.0,,0,0.0,,1.0,1580.0,Other,1580.0,,79.0
510163,F,True,True,usa,las vegas,LSV,54,0.0,1.0,3.0,,5788.0,0.0,1.0,8.25,,0,0.0,,4.0,5788.0,Other,1447.0,,175.3939393939394
510164,F,True,True,canada,montreal,YMX,36,0.0,0.0,2.0,,1657.0,0.0,1.0,6.5,,0,0.0,,2.0,1657.0,Other,828.5,,127.46153846153847
510172,F,False,False,usa,mobile,BFM,37,0.0,0.0,3.0,,1250.3,0.0,1.0,2.6666666666666665,,0,0.0,,3.0,1250.3,Other,416.76666666666665,,156.2875
510198,F,False,False,usa,new york,JFK,34,0.0,0.0,3.0,1.0,1499.1999999999998,430.746,1.0,2.333333333333333,0.5,0,2.0,,3.0,1929.946,Other,643.3153333333333,1929.946,214.17142857142858
510213,F,True,True,canada,toronto,YTZ,42,1.0,1.0,3.0,,1775.0,0.0,1.0,2.25,,0,0.0,,5.0,1775.0,Other,355.0,,157.77777777777777
510243,F,True,False,canada,windsor,YQG,44,1.0,0.0,2.0,,965.0,0.0,1.0,2.5,,0,0.0,,3.0,965.0,Other,321.6666666666667,,128.66666666666669
510379,F,False,False,usa,san francisco,SFO,21,0.0,1.0,0.0,,303.0,0.0,1.0,3.0,,0,0.0,,1.0,303.0,Other,303.0,,101.0
510511,F,True,False,usa,stockton,SCK,50,0.0,1.0,1.0,,1523.0,0.0,1.0,3.5,,0,0.0,,2.0,1523.0,Other,761.5,,217.57142857142858
510533,F,False,False,usa,jacksonville,JAX,38,0.0,0.0,1.0,,672.0,0.0,1.0,4.0,,0,0.0,,1.0,672.0,Other,672.0,,168.0
510570,F,False,False,usa,new york,JFK,46,0.0,2.0,2.0,1.0,4356.0,853.04,1.25,5.5,0.5,0,2.0,,4.0,5209.04,Other,1302.26,5209.04,158.4
510571,F,True,True,usa,new york,LGA,22,0.0,3.0,1.0,,9330.0,0.0,1.5,7.5,,0,0.0,,4.0,9330.0,Other,2332.5,,207.33333333333334
510580,M,False,False,usa,providence,PVD,56,0.0,1.0,2.0,,1401.0,0.0,1.0,3.0,,0,0.0,,3.0,1401.0,Other,467.0,,155.66666666666666
510582,M,False,False,usa,phoenix,PHX,29,0.0,1.0,1.0,,2615.5,0.0,1.0,5.5,,0,0.0,,2.0,2615.5,Other,1307.75,,237.77272727272728
510585,F,False,True,canada,montreal,YUL,19,0.0,0.0,1.0,,3107.0,0.0,1.0,13.0,,0,0.0,,1.0,3107.0,Other,3107.0,,239.0
510586,F,False,False,usa,new york,LGA,34,0.0,0.0,5.0,,1763.0,0.0,1.2,3.8,,0,0.0,,5.0,1763.0,Other,352.6,,77.32456140350878
510618,F,True,True,usa,san diego,SAN,48,0.0,1.0,2.0,,1599.2,0.0,1.0,3.0,,0,0.0,,3.0,1599.2,Other,533.0666666666667,,177.6888888888889
510719,F,True,True,canada,montreal,YMX,38,0.0,1.0,0.0,,1940.0,0.0,1.0,20.0,,0,0.0,,1.0,1940.0,Other,1940.0,,97.0
510733,F,True,True,canada,toronto,YKZ,47,1.0,0.0,1.0,1.0,183.6,746.76,1.0,2.0,1.0,0,2.0,,2.0,930.36,Other,465.18,930.36,45.9
510754,F,False,False,usa,charlotte,CLT,46,0.0,1.0,4.0,1.0,1426.0,1065.45,1.2,2.2,0.25,0,3.0,,5.0,2491.45,Other,498.28999999999996,2491.45,108.03030303030302
510815,F,True,True,usa,san antonio,SKF,58,0.0,0.0,4.0,1.0,4163.0,1399.714,1.0,5.0,0.25,0,4.0,,4.0,5562.714,Other,1390.6785,5562.714,208.15
510822,F,False,False,usa,new york,JFK,47,1.0,1.0,2.0,1.0,4191.05,1397.475,1.3333333333333333,6.0,0.3333333333333333,0,3.0,,4.0,5588.525,Other,1397.13125,5588.525,130.9703125
510944,M,True,True,usa,chicago,UGN,58,3.0,0.0,3.0,1.3333333333333333,712.6,2767.625,1.0,1.0,0.5,0,6.0,,6.0,3480.225,Other,580.0375,2610.1687500000003,118.76666666666667
511066,F,False,False,usa,indianapolis,IND,36,0.0,0.0,3.0,1.3333333333333333,1047.0,1418.854,1.3333333333333333,2.0,0.0,0,3.0,,3.0,2465.8540000000003,Other,821.9513333333334,1849.3905000000002,130.875
511125,F,True,True,canada,quebec,YQB,50,0.0,0.0,3.0,1.0,487.1,1045.1195,1.0,2.333333333333333,1.0,0,3.0,,3.0,1532.2195000000002,Other,510.73983333333337,1532.2195000000002,69.5857142857143
511145,F,False,True,usa,wichita,IAB,33,0.0,2.0,1.0,1.0,4699.700000000001,25.914,2.0,6.333333333333333,1.0,0,1.0,,3.0,4725.6140000000005,Other,1575.2046666666668,4725.6140000000005,123.6763157894737
511148,F,True,True,usa,new york,LGA,47,0.0,1.0,2.0,1.0,1627.0,1300.85,1.0,4.666666666666667,0.0,0,2.0,,3.0,2927.85,Other,975.9499999999999,2927.85,116.21428571428571
511160,M,True,False,usa,austin,AUS,45,1.0,0.0,2.0,1.0,606.0,1187.33,1.0,3.0,0.0,0,3.0,,3.0,1793.33,Other,597.7766666666666,1793.33,67.33333333333333
511178,F,False,False,usa,new york,LGA,40,0.0,1.0,3.0,1.0,922.0,1196.356,1.0,2.25,0.6666666666666666,0,3.0,,4.0,2118.3559999999998,Other,529.5889999999999,2118.3559999999998,102.44444444444444
511314,F,False,False,usa,los angeles,LAX,25,0.0,1.0,2.0,1.5,2868.0,3038.5,1.0,5.333333333333333,0.5,0,2.0,,3.0,5906.5,Other,1968.8333333333333,3937.6666666666665,179.25
511326,F,True,False,usa,seattle,BFI,43,0.0,0.0,3.0,1.0,1101.0,1229.884,1.0,3.0,0.6666666666666666,0,3.0,,3.0,2330.884,Other,776.9613333333333,2330.884,122.33333333333333
511364,F,False,True,usa,new york,JFK,40,0.0,0.0,3.0,1.0,1039.0,1450.89,1.0,1.6666666666666667,0.6666666666666666,0,3.0,,3.0,2489.8900000000003,Other,829.9633333333335,2489.8900000000003,207.79999999999998
511379,F,False,False,canada,montreal,YUL,50,0.0,0.0,3.0,1.0,643.0,680.168,1.0,2.333333333333333,1.0,0,3.0,,3.0,1323.1680000000001,Other,441.05600000000004,1323.1680000000001,91.85714285714288
511424,F,False,False,usa,nashville,BNA,46,0.0,1.0,1.0,1.0,2887.0,375.26,1.0,8.0,0.0,0,1.0,,2.0,3262.26,Other,1631.13,3262.26,180.4375
511440,F,False,False,usa,st. louis,STL,43,0.0,0.0,2.0,1.0,1057.0,620.3299999999999,1.0,3.5,0.5,0,2.0,,2.0,1677.33,Other,838.665,1677.33,151.0
511455,F,False,False,canada,montreal,YMX,39,2.0,0.0,1.0,1.0,322.0,1546.38,1.0,2.0,0.6666666666666666,0,3.0,,3.0,1868.38,Other,622.7933333333334,1868.38,53.666666666666664
511554,F,False,False,usa,corpus christi,CRP,46,0.0,0.0,2.0,1.0,853.0,876.11,1.0,3.5,0.5,0,2.0,,2.0,1729.1100000000001,Other,864.5550000000001,1729.1100000000001,121.85714285714286
511589,F,False,False,canada,calgary,YYC,43,0.0,1.0,0.0,,307.8,0.0,2.0,2.0,,0,0.0,,1.0,307.8,Other,307.8,,76.95
511608,M,False,False,usa,brownsville,BRO,23,0.0,1.0,0.0,,1254.0,0.0,1.0,6.0,,0,0.0,,1.0,1254.0,Other,1254.0,,209.0
511609,M,True,False,usa,honolulu,HNL,41,0.0,1.0,1.0,1.0,2427.5,946.628,1.0,5.0,1.0,0,1.0,,2.0,3374.128,Other,1687.064,3374.128,242.75
511666,F,True,False,usa,milwaukee,MKE,52,0.0,1.0,2.0,1.0,2817.4,399.95,1.0,5.666666666666667,1.0,0,2.0,,3.0,3217.35,Other,1072.45,3217.35,165.72941176470587
511697,F,False,False,usa,detroit,DTW,41,1.0,0.0,3.0,1.0,1775.9,760.5699999999999,1.0,2.333333333333333,0.5,0,4.0,,4.0,2536.4700000000003,Other,634.1175000000001,2536.4700000000003,190.27500000000003
511762,F,True,False,usa,phoenix,LUF,46,0.0,1.0,2.0,1.5,4294.0,2996.74,1.3333333333333333,4.333333333333333,0.5,0,1.0,,3.0,7290.74,Other,2430.2466666666664,4860.493333333333,247.73076923076925
511851,F,False,False,canada,winnipeg,YAV,42,0.0,0.0,2.0,1.0,1391.0,335.39,1.0,3.5,0.0,0,2.0,,2.0,1726.3899999999999,Other,863.1949999999999,1726.3899999999999,198.71428571428572
511859,F,True,False,canada,toronto,YYZ,40,0.0,1.0,2.0,1.0,6829.4,455.95,1.0,10.0,1.0,0,2.0,,3.0,7285.349999999999,Other,2428.45,7285.349999999999,227.64666666666668
511862,F,False,False,canada,montreal,YUL,43,0.0,0.0,4.0,1.25,997.25,2012.41,1.25,2.25,0.75,0,4.0,,4.0,3009.66,Other,752.415,2407.728,88.64444444444445
511916,F,True,True,canada,saskatoon,YXE,44,1.0,0.0,1.0,1.0,212.0,694.196,1.0,1.0,1.0,0,2.0,,2.0,906.196,Other,453.098,906.196,106.0
511996,F,False,True,usa,birmingham,BHM,47,0.0,1.0,2.0,1.0,451.8,440.84,1.0,1.3333333333333333,1.0,0,2.0,,3.0,892.64,Other,297.5466666666667,892.64,112.95
512016,F,False,True,usa,santa ana,SNA,46,1.0,1.0,0.0,1.0,3952.0,322.26,2.0,8.0,0.0,0,1.0,,2.0,4274.26,Other,2137.13,4274.26,123.5
512024,F,True,False,usa,new york,JFK,34,0.0,1.0,1.0,3.0,2421.0,6115.26,2.0,5.5,0.0,0,1.0,,2.0,8536.26,Other,4268.13,2845.42,110.04545454545455
512163,F,True,False,usa,sacramento,SMF,50,0.0,1.0,1.0,1.0,1572.0,457.596,1.0,6.0,1.0,0,1.0,,2.0,2029.596,Other,1014.798,2029.596,131.0
512193,F,False,True,usa,tulsa,TUL,39,0.0,0.0,1.0,1.0,336.0,354.05,1.0,8.0,0.0,0,1.0,,1.0,690.05,Other,690.05,690.05,42.0
512197,F,False,False,usa,new york,JFK,35,0.0,1.0,3.0,1.0,2652.0,1293.25,1.0,6.75,0.3333333333333333,0,3.0,,4.0,3945.25,Other,986.3125,3945.25,98.22222222222223
512266,F,False,False,usa,philadelphia,PNE,50,0.0,0.0,3.0,1.0,1687.0,643.4200000000001,1.0,2.333333333333333,0.6666666666666666,0,3.0,,3.0,2330.42,Other,776.8066666666667,2330.42,241.00000000000006
512271,F,False,False,usa,sacramento,SAC,38,3.0,1.0,2.0,1.6,3004.0,8095.217000000001,2.0,7.333333333333333,0.6,0,5.0,,6.0,11099.217,Other,1849.8695,6937.010625,34.13636363636364
512322,M,False,False,usa,columbus,LCK,46,1.0,1.0,3.0,1.5,1590.0,5653.754500000001,1.5,2.25,0.0,0,3.0,,5.0,7243.754500000001,Other,1448.7509000000002,4829.169666666668,94.22222222222223
512392,F,False,False,usa,lubbock,LBB,44,0.0,0.0,3.0,1.0,1098.0,863.7379999999999,1.0,4.333333333333333,0.6666666666666666,0,3.0,,3.0,1961.7379999999998,Other,653.9126666666666,1961.7379999999998,84.46153846153847
512418,F,False,True,usa,seattle,SEA,52,0.0,0.0,2.0,3.0,5970.0,4898.88,3.0,5.0,0.0,0,2.0,,2.0,10868.880000000001,Other,5434.4400000000005,3622.9600000000005,199.0
512596,F,True,False,usa,laredo,LRD,57,1.0,1.0,3.0,1.0,2399.0,1470.04,1.0,3.0,0.25,0,4.0,,5.0,3869.04,Other,773.808,3869.04,159.93333333333334
512598,M,False,False,usa,chicago,UGN,40,1.0,0.0,4.0,1.2,2066.0,1771.09,1.25,3.0,0.6,0,5.0,,5.0,3837.09,Other,767.418,3197.5750000000003,110.18666666666667
512631,F,False,False,canada,montreal,YUL,57,0.0,0.0,3.0,1.6666666666666667,500.2,2750.47,1.6666666666666667,1.3333333333333333,0.6666666666666666,0,3.0,,3.0,3250.6699999999996,Other,1083.5566666666666,1950.4019999999996,75.03
512671,F,True,False,usa,st. petersburg,PIE,58,0.0,0.0,5.0,1.0,1997.0,1481.51,1.0,2.6,0.2,0,4.0,,5.0,3478.51,Other,695.702,3478.51,153.6153846153846
512677,F,True,False,usa,atlanta,ATL,27,1.0,0.0,0.0,1.0,0.0,209.71,,,0.0,0,1.0,,1.0,209.71,Other,209.71,209.71,
512693,F,False,False,usa,little rock,LIT,39,0.0,0.0,4.0,1.25,1724.0,866.02,1.25,3.5,0.25,0,4.0,,4.0,2590.02,Other,647.505,2072.016,98.51428571428572
512786,M,False,False,usa,new york,LGA,42,0.0,0.0,4.0,1.0,3221.0,1451.7,1.0,6.0,0.5,0,4.0,,4.0,4672.7,Other,1168.175,4672.7,134.20833333333334
512787,F,False,False,usa,new york,LGA,54,0.0,0.0,4.0,1.5,942.0,2260.0125,1.5,2.25,0.25,0,4.0,,4.0,3202.0125,Other,800.503125,2134.6749999999997,69.77777777777777
512801,F,False,False,usa,los angeles,LAX,55,1.0,0.0,6.0,1.0,1659.0,3756.45,1.0,2.6666666666666665,0.4285714285714285,0,6.0,,7.0,5415.45,Other,773.6357142857142,5415.45,88.875
512831,F,False,False,usa,san antonio,SKF,46,2.0,1.0,1.0,2.0,1107.0,7737.860000000001,1.0,2.0,1.0,0,3.0,,4.0,8844.86,Other,2211.215,4422.43,138.375
512880,F,False,False,usa,minneapolis,MSP,49,1.0,0.0,1.0,1.0,405.0,378.41,1.0,3.0,0.5,0,2.0,,2.0,783.4100000000001,Other,391.70500000000004,783.4100000000001,67.5
512900,F,False,False,usa,miami,OPF,34,0.0,3.0,1.0,1.0,4673.1,355.4105,1.25,6.75,0.0,0,1.0,,4.0,5028.5105,Other,1257.127625,5028.5105,138.46222222222224
513004,F,False,False,usa,providence,PVD,43,1.0,0.0,3.0,1.0,2109.0,1573.85,1.0,5.0,0.5,0,4.0,,4.0,3682.85,Other,920.7125,3682.85,105.45
513005,F,False,False,usa,milwaukee,MKE,30,0.0,0.0,1.0,1.0,175.5,15.813,1.0,1.0,1.0,0,1.0,,1.0,191.313,Other,191.313,191.313,175.5
513216,F,True,False,usa,new york,JFK,40,1.0,0.0,3.0,1.0,1567.0,1096.246,1.0,4.333333333333333,0.5,0,3.0,,4.0,2663.246,Other,665.8115,2663.246,90.40384615384616
513233,F,True,True,usa,riverside,RIV,41,0.0,1.0,2.0,1.0,2640.7,734.81,1.6666666666666667,2.333333333333333,1.0,0,2.0,,3.0,3375.5099999999998,Other,1125.1699999999998,3375.5099999999998,226.34571428571425
513242,F,False,False,usa,detroit,DTW,31,0.0,0.0,2.0,1.0,1068.0,874.692,1.0,3.0,0.0,0,2.0,,2.0,1942.692,Other,971.346,1942.692,178.0
513296,F,False,False,usa,columbus,CMH,40,0.0,0.0,3.0,1.3333333333333333,2537.0,1606.79,1.3333333333333333,2.6666666666666665,0.0,0,3.0,,3.0,4143.79,Other,1381.2633333333333,3107.8425,237.84375
513317,F,True,False,usa,dallas,DAL,57,1.0,0.0,0.0,1.0,0.0,70.1765,,,0.0,0,1.0,,1.0,70.1765,Other,70.1765,70.1765,
513339,F,False,False,usa,new york,LGA,31,0.0,0.0,2.0,2.5,1245.0,1722.29,2.5,3.0,0.5,0,2.0,,2.0,2967.29,Other,1483.645,1186.916,83.0
513345,F,True,True,usa,lubbock,LBB,25,0.0,2.0,0.0,,1385.2,0.0,1.0,8.0,,0,0.0,,2.0,1385.2,Other,692.6,,86.575
513366,F,False,False,canada,montreal,YUL,46,0.0,0.0,3.0,1.0,2600.1,808.87,1.0,3.6666666666666665,0.3333333333333333,0,3.0,,3.0,3408.97,Other,1136.3233333333333,3408.97,236.37272727272727
513509,F,False,False,usa,new york,LGA,38,2.0,0.0,0.0,1.0,0.0,598.77,,,0.5,0,2.0,,2.0,598.77,Other,299.385,598.77,
513555,F,False,False,usa,seattle,BFI,47,1.0,1.0,3.0,1.0,2536.0,2282.6800000000003,1.25,2.75,0.5,0,4.0,,5.0,4818.68,Other,963.7360000000001,4818.68,147.5490909090909
513628,F,True,False,usa,fresno,FAT,42,0.0,0.0,3.0,1.0,1376.0,1274.98,1.0,2.0,1.0,0,3.0,,3.0,2650.98,Other,883.66,2650.98,229.33333333333334
513638,F,True,True,canada,toronto,YKZ,58,0.0,0.0,4.0,1.5,4227.0,6549.52,1.5,5.0,0.5,0,4.0,,4.0,10776.52,Other,2694.13,7184.346666666667,140.9
513661,F,False,False,canada,winnipeg,YWG,28,0.0,1.0,0.0,,4720.0,0.0,2.0,10.0,,0,0.0,,1.0,4720.0,Other,4720.0,,236.0
513714,F,False,False,usa,phoenix,LUF,25,1.0,0.0,0.0,1.0,0.0,248.43,,,0.0,0,1.0,,1.0,248.43,Other,248.43,248.43,
513917,F,True,True,usa,philadelphia,PHL,58,0.0,0.0,3.0,1.0,2345.2,1777.12,1.0,4.0,0.6666666666666666,0,3.0,,3.0,4122.32,Other,1374.1066666666666,4122.32,195.4333333333333
513926,M,False,False,usa,new york,JFK,39,1.0,0.0,3.0,1.5,2013.8,2144.813,1.6666666666666667,1.6666666666666667,0.5,0,4.0,,4.0,4158.613,Other,1039.65325,2772.4086666666667,181.242
513933,M,False,False,canada,toronto,YKZ,40,0.0,0.0,3.0,1.0,846.0,868.36,1.0,2.333333333333333,0.6666666666666666,0,3.0,,3.0,1714.3600000000001,Other,571.4533333333334,1714.3600000000001,120.85714285714288
513967,F,False,False,usa,phoenix,PHX,40,0.0,0.0,6.0,1.0,5255.0,3986.093,1.0,4.5,0.6666666666666666,0,6.0,,6.0,9241.093,Other,1540.1821666666667,9241.093,194.62962962962965
514076,F,True,True,usa,new york,JFK,59,0.0,1.0,1.0,1.0,5382.0,98.83,2.0,10.5,1.0,0,1.0,,2.0,5480.83,Other,2740.415,5480.83,128.14285714285714
514208,F,False,True,usa,portland,PWM,40,0.0,0.0,1.0,1.0,303.0,186.61,1.0,3.0,0.0,0,1.0,,1.0,489.61,Other,489.61,489.61,101.0
514215,F,False,False,usa,minneapolis,MSP,56,0.0,0.0,3.0,1.0,1990.5,951.46,1.0,4.333333333333333,0.0,0,3.0,,3.0,2941.96,Other,980.6533333333333,2941.96,153.1153846153846
514275,F,False,False,canada,montreal,YMX,32,0.0,1.0,2.0,1.5,2494.0,2046.13,1.3333333333333333,5.0,0.5,0,2.0,,3.0,4540.13,Other,1513.3766666666668,3026.7533333333336,124.70000000000002
514324,F,True,False,usa,los angeles,LAX,56,0.0,0.0,3.0,1.0,1279.0,618.7065,1.0,2.333333333333333,0.6666666666666666,0,3.0,,3.0,1897.7065,Other,632.5688333333334,1897.7065,182.71428571428572
514395,F,False,False,usa,los angeles,LAX,41,0.0,0.0,3.0,1.0,1767.6,946.27,1.0,8.0,0.3333333333333333,0,3.0,,3.0,2713.87,Other,904.6233333333333,2713.87,73.64999999999999
514501,F,True,True,usa,kansas city,MCI,52,0.0,1.0,0.0,,703.0,0.0,1.0,10.0,,0,0.0,,1.0,703.0,Other,703.0,,70.3
514617,F,False,True,usa,san diego,SAN,41,1.0,1.0,2.0,1.3333333333333333,2904.0,2057.268,1.3333333333333333,3.0,0.3333333333333333,0,3.0,,4.0,4961.268,Other,1240.317,3720.951,181.5
514810,M,False,True,usa,nashville,BNA,34,0.0,2.0,1.0,1.0,4323.0,63.346,1.3333333333333333,7.0,0.0,0,1.0,,3.0,4386.346,Other,1462.1153333333332,4386.346,154.39285714285714
514899,F,False,True,usa,boston,BOS,39,1.0,0.0,5.0,1.5,4223.4,2287.932,1.6,2.2,0.8333333333333334,0,5.0,,6.0,6511.331999999999,Other,1085.222,4340.888,199.97159090909088
514951,F,False,True,usa,austin,AUS,40,1.0,0.0,1.0,1.5,420.0,7829.92,1.0,4.0,1.0,0,2.0,,2.0,8249.92,Other,4124.96,5499.946666666667,52.5
515030,M,False,False,usa,fort worth,FTW,36,0.0,0.0,1.0,1.0,1482.0,8.17,1.0,13.0,0.0,0,1.0,,1.0,1490.17,Other,1490.17,1490.17,114.0
515103,F,True,True,usa,chicago,MDW,53,0.0,0.0,3.0,1.0,1401.9,651.46,1.0,2.333333333333333,1.0,0,3.0,,3.0,2053.36,Other,684.4533333333334,2053.36,200.2714285714286
515198,F,False,False,canada,toronto,YTZ,41,0.0,1.0,0.0,,3096.0,0.0,2.0,20.0,,0,0.0,,1.0,3096.0,Other,3096.0,,77.4
515258,M,False,False,usa,des moines,DSM,29,0.0,0.0,3.0,1.3333333333333333,603.7,1305.424,1.3333333333333333,1.3333333333333333,0.3333333333333333,0,3.0,,3.0,1909.124,Other,636.3746666666667,1431.843,113.19375000000001
515421,F,False,False,canada,toronto,YKZ,50,0.0,0.0,4.0,1.25,1464.0,2890.7000000000003,1.25,2.5,0.5,0,3.0,,4.0,4354.700000000001,Other,1088.6750000000002,3483.7600000000007,117.12
515436,F,False,False,usa,grand rapids,GRR,25,0.0,1.0,0.0,,868.0,0.0,1.0,4.0,,0,0.0,,1.0,868.0,Other,868.0,,217.0
515490,F,True,True,usa,oklahoma city,TIK,58,0.0,0.0,4.0,1.25,2372.0,2307.49,1.25,3.0,0.25,0,4.0,,4.0,4679.49,Other,1169.8725,3743.5919999999996,158.13333333333333
515529,F,True,True,usa,richmond,RIC,46,1.0,0.0,1.0,1.0,119.0,760.12,1.0,1.0,1.0,0,2.0,,2.0,879.12,Other,439.56,879.12,59.5
515565,F,False,True,usa,los angeles,LAX,46,0.0,0.0,4.0,1.25,2675.0,4631.280000000001,1.25,3.5,0.75,0,4.0,,4.0,7306.280000000001,Other,1826.5700000000002,5845.024,152.85714285714286
515713,F,True,False,usa,tucson,DMA,45,0.0,1.0,2.0,1.0,8355.0,1084.438,1.3333333333333333,20.33333333333333,0.0,0,2.0,,3.0,9439.438,Other,3146.479333333333,9439.438,102.7254098360656
515739,F,True,False,usa,new york,LGA,50,1.0,0.0,2.0,1.0,563.0,659.72,1.0,2.5,0.6666666666666666,0,2.0,,3.0,1222.72,Other,407.5733333333333,1222.72,75.06666666666666
515802,F,False,False,usa,las vegas,LAS,43,0.0,1.0,4.0,1.5,3245.2,3645.92,1.4,2.8,0.75,0,4.0,,5.0,6891.12,Other,1378.224,4594.08,165.57142857142858
515941,F,True,True,usa,st. petersburg,PIE,49,0.0,2.0,2.0,1.0,3951.0,1236.24,1.0,5.0,0.5,0,1.0,,4.0,5187.24,Other,1296.81,5187.24,197.55
515953,F,True,False,usa,los angeles,LAX,45,0.0,0.0,3.0,1.6666666666666667,1140.0,2587.838,1.6666666666666667,1.6666666666666667,0.6666666666666666,0,3.0,,3.0,3727.838,Other,1242.6126666666667,2236.7028,136.79999999999998
516061,F,True,False,usa,chicago,UGN,57,1.0,0.0,2.0,1.3333333333333333,2244.0,1138.639,1.5,4.0,0.3333333333333333,0,2.0,,3.0,3382.639,Other,1127.5463333333335,2536.9792500000003,124.66666666666667
516089,F,True,True,usa,baltimore,BWI,59,0.0,0.0,3.0,1.0,598.0,1013.708,1.0,3.0,0.6666666666666666,0,3.0,,3.0,1611.708,Other,537.236,1611.708,66.44444444444444
516092,M,True,False,usa,indianapolis,IND,40,1.0,0.0,3.0,1.25,632.8,1699.29,1.0,1.3333333333333333,1.0,0,4.0,,4.0,2332.09,Other,583.0225,1865.672,118.64999999999999
516118,M,True,False,usa,newark,EWR,40,0.0,1.0,1.0,1.0,6554.0,472.04,1.5,9.5,0.0,0,1.0,,2.0,7026.04,Other,3513.02,7026.04,229.96491228070172
516144,F,True,True,usa,denver,DEN,53,1.0,0.0,3.0,1.0,818.0,1271.74,1.0,1.0,0.75,0,3.0,,4.0,2089.74,Other,522.435,2089.74,204.5
516176,O,False,True,usa,new york,JFK,53,1.0,0.0,3.0,1.0,1325.0,743.41,1.0,5.0,0.25,0,4.0,,4.0,2068.41,Other,517.1025,2068.41,66.25
516177,F,False,False,usa,philadelphia,PNE,52,0.0,0.0,3.0,1.0,620.0,1358.82,1.0,4.0,1.0,0,3.0,,3.0,1978.82,Other,659.6066666666667,1978.82,51.666666666666664
516418,F,True,False,usa,dallas,DAL,29,0.0,1.0,2.0,1.5,2186.5,1884.764,1.3333333333333333,4.333333333333333,0.5,0,2.0,,3.0,4071.264,Other,1357.088,2714.176,126.1442307692308
516420,F,True,False,usa,san francisco,SFO,48,0.0,1.0,1.0,1.0,381.0,616.02,1.0,1.0,1.0,0,1.0,,2.0,997.02,Other,498.51,997.02,190.5
516507,M,True,False,usa,san diego,SAN,44,0.0,0.0,2.0,1.5,1888.0,1531.47,1.5,5.0,0.0,0,2.0,,2.0,3419.4700000000003,Other,1709.7350000000001,2279.646666666667,125.86666666666667
516593,F,False,False,usa,las vegas,LAS,40,0.0,0.0,3.0,1.0,5767.2,1260.49,1.0,10.333333333333334,0.6666666666666666,0,3.0,,3.0,7027.69,Other,2342.563333333333,7027.69,186.03870967741932
516614,M,False,False,usa,new york,LGA,39,1.0,0.0,3.0,1.0,1566.6,1782.6,1.0,4.333333333333333,0.75,0,4.0,,4.0,3349.2,Other,837.3,3349.2,90.38076923076923
516639,F,True,True,usa,phoenix,PHX,55,3.0,0.0,2.0,1.0,772.0,2100.76,1.0,3.5,1.0,0,3.0,,5.0,2872.76,Other,574.552,2872.76,44.114285714285714
516704,F,True,False,usa,long beach,LGB,49,0.0,1.0,3.0,1.0,2687.0,1326.65,1.0,4.5,0.3333333333333333,0,3.0,,4.0,4013.65,Other,1003.4125,4013.65,149.27777777777777
516739,F,False,True,usa,norfolk,ORF,41,0.0,0.0,2.0,1.0,968.0,588.48,1.0,3.5,0.5,0,2.0,,2.0,1556.48,Other,778.24,1556.48,138.28571428571428
516744,F,False,False,usa,kansas city,MCI,24,0.0,1.0,0.0,,648.55,0.0,1.0,7.0,,0,0.0,,1.0,648.55,Other,648.55,,92.64999999999999
516833,F,False,False,canada,toronto,YTZ,21,1.0,0.0,2.0,1.3333333333333333,1866.0,1544.4499999999998,1.5,4.0,0.3333333333333333,0,3.0,,3.0,3410.45,Other,1136.8166666666666,2557.8375,103.66666666666667
517142,M,True,False,usa,philadelphia,PNE,41,2.0,0.0,1.0,1.0,124.0,1216.5,1.0,1.0,0.6666666666666666,0,3.0,,3.0,1340.5,Other,446.8333333333333,1340.5,41.333333333333336
517212,F,True,True,usa,louisville,LOU,56,1.0,0.0,4.0,1.2,2423.0,1129.57,1.25,2.75,0.2,0,5.0,,5.0,3552.5699999999997,Other,710.5139999999999,2960.475,140.97454545454545
517231,F,True,False,canada,edmonton,YXD,49,0.0,1.0,1.0,1.0,3623.0,411.88,1.5,8.5,1.0,0,1.0,,2.0,4034.88,Other,2017.44,4034.88,142.07843137254903
517284,F,True,True,usa,san antonio,SAT,46,2.0,1.0,2.0,1.5,2116.0,13832.56,1.0,3.6666666666666665,0.5,0,4.0,,5.0,15948.56,Other,3189.712,10632.373333333333,115.41818181818182
517393,F,False,False,usa,shreveport,BAD,38,0.0,0.0,1.0,1.0,248.0,333.55,1.0,4.0,0.0,0,1.0,,1.0,581.55,Other,581.55,581.55,62.0
517397,F,False,False,usa,riverside,RAL,38,0.0,0.0,5.0,1.0,1780.8,1644.07,1.0,2.4,0.4,0,5.0,,5.0,3424.87,Other,684.9739999999999,3424.87,148.4
517445,F,True,False,usa,st. petersburg,PIE,43,0.0,2.0,1.0,1.0,6615.0,271.98,1.0,12.333333333333334,1.0,0,1.0,,3.0,6886.98,Other,2295.66,6886.98,178.78378378378378
517548,F,True,False,usa,new york,JFK,54,1.0,0.0,2.0,1.0,445.0,930.71,1.0,1.5,0.6666666666666666,0,3.0,,3.0,1375.71,Other,458.57,1375.71,98.8888888888889
517596,F,True,True,usa,kansas city,MCI,56,0.0,0.0,3.0,1.0,2390.0,719.48,1.0,4.666666666666667,0.3333333333333333,0,2.0,,3.0,3109.48,Other,1036.4933333333333,3109.48,170.7142857142857
517633,F,True,False,usa,houston,IAH,40,0.0,1.0,3.0,1.0,4571.4,911.61,1.0,6.5,0.6666666666666666,0,3.0,,4.0,5483.009999999999,Other,1370.7524999999998,5483.009999999999,175.8230769230769
517653,F,True,True,usa,phoenix,LUF,55,0.0,0.0,2.0,1.0,219.7,559.799,1.0,1.5,1.0,0,2.0,,2.0,779.499,Other,389.7495,779.499,73.23333333333333
517700,F,False,False,usa,dallas,DAL,49,0.0,0.0,4.0,1.25,1220.0,1920.5,1.25,2.5,0.75,0,4.0,,4.0,3140.5,Other,785.125,2512.4,97.6
517735,F,True,True,usa,memphis,MEM,50,1.0,0.0,1.0,1.5,2964.0,872.2650000000001,2.0,6.0,0.5,0,2.0,,2.0,3836.2650000000003,Other,1918.1325000000002,2557.51,123.5
517894,F,True,False,canada,montreal,YUL,49,0.0,1.0,2.0,1.0,2313.0,1269.6,1.0,4.666666666666667,0.0,0,2.0,,3.0,3582.6,Other,1194.2,3582.6,165.2142857142857
517967,F,False,True,usa,phoenix,PHX,48,0.0,1.0,1.0,1.0,1779.0,389.94,1.5,3.0,0.0,0,1.0,,2.0,2168.94,Other,1084.47,2168.94,197.66666666666666
517968,F,True,False,usa,new york,LGA,45,0.0,2.0,2.0,1.0,2633.8500000000004,539.62,1.25,3.5,0.0,0,2.0,,4.0,3173.4700000000003,Other,793.3675000000001,3173.4700000000003,150.5057142857143
518084,F,False,False,usa,san francisco,SFO,26,0.0,0.0,1.0,2.0,2124.0,1958.691,1.0,18.0,1.0,0,1.0,,1.0,4082.691,Other,4082.691,2041.3455,118.0
518127,F,False,False,usa,memphis,MEM,37,0.0,0.0,4.0,1.25,1633.15,1226.0700000000002,1.25,3.75,0.25,0,4.0,,4.0,2859.2200000000003,Other,714.8050000000001,2287.376,87.10133333333333
518211,F,False,True,usa,new york,LGA,41,0.0,0.0,4.0,1.0,609.0,1709.18,1.0,1.5,0.75,0,2.0,,4.0,2318.1800000000003,Other,579.5450000000001,2318.1800000000003,101.5
518516,F,True,True,usa,new york,LGA,58,0.0,0.0,3.0,1.0,2300.0,871.4300000000001,1.0,3.6666666666666665,0.6666666666666666,0,3.0,,3.0,3171.4300000000003,Other,1057.1433333333334,3171.4300000000003,209.0909090909091
518527,F,True,False,canada,edmonton,YED,46,0.0,0.0,5.0,1.6,4866.0,4071.704,1.6,3.2,0.2,0,5.0,,5.0,8937.704,Other,1787.5408,5586.065,190.078125
518533,F,False,True,usa,phoenix,LUF,39,2.0,0.0,1.0,1.0,76.0,1339.822,1.0,1.0,0.6666666666666666,0,3.0,,3.0,1415.822,Other,471.94066666666663,1415.822,25.333333333333332
518541,F,False,False,usa,long beach,LGB,49,2.0,1.0,1.0,1.0,1624.0,1990.813,1.0,5.5,0.6666666666666666,0,2.0,,4.0,3614.813,Other,903.70325,3614.813,73.81818181818181
518612,F,False,False,usa,chicago,UGN,46,0.0,1.0,5.0,1.2,3283.2,1565.01,1.3333333333333333,2.6666666666666665,0.6,0,5.0,,6.0,4848.21,Other,808.035,4040.175,153.9
518639,F,False,False,usa,phoenix,PHX,36,0.0,0.0,1.0,1.0,96.0,233.1,1.0,1.0,1.0,0,1.0,,1.0,329.1,Other,329.1,329.1,96.0
518696,F,False,True,canada,winnipeg,YWG,39,0.0,1.0,0.0,,396.0,0.0,1.0,6.0,,0,0.0,,1.0,396.0,Other,396.0,,66.0
518716,F,True,True,canada,montreal,YUL,42,0.0,1.0,1.0,1.0,4378.5,628.5,1.0,10.0,1.0,0,1.0,,2.0,5007.0,Other,2503.5,5007.0,218.925
518722,F,True,False,usa,tulsa,TUL,55,1.0,0.0,3.0,1.0,378.05,1331.74,1.0,1.6666666666666667,1.0,0,4.0,,4.0,1709.79,Other,427.4475,1709.79,56.707499999999996
518726,F,False,True,usa,oklahoma city,OKC,19,1.0,0.0,0.0,2.0,0.0,1277.82,,,0.0,0,1.0,,1.0,1277.82,Other,1277.82,638.91,
518894,F,False,False,usa,philadelphia,PNE,52,2.0,0.0,1.0,1.0,83.6,1072.82,1.0,2.0,0.6666666666666666,0,3.0,,3.0,1156.4199999999998,Other,385.4733333333333,1156.4199999999998,13.933333333333332
518925,F,False,True,usa,shreveport,BAD,33,0.0,1.0,0.0,,976.0,0.0,1.0,8.0,,0,0.0,,1.0,976.0,Other,976.0,,122.0
518954,F,True,True,usa,new york,LGA,38,0.0,0.0,3.0,1.0,1147.0,811.26,1.0,3.0,0.3333333333333333,0,3.0,,3.0,1958.26,Other,652.7533333333333,1958.26,127.44444444444444
519014,F,False,False,usa,portland,PWM,40,1.0,2.0,1.0,1.0,5241.0,507.69,1.0,10.333333333333334,0.5,0,2.0,,4.0,5748.69,Other,1437.1725,5748.69,126.79838709677419
519089,F,False,True,usa,philadelphia,PHL,36,1.0,0.0,2.0,1.0,728.0,2862.1,1.0,5.0,1.0,0,3.0,,3.0,3590.1,Other,1196.7,3590.1,48.53333333333333
519096,F,False,True,usa,tampa,MCF,35,0.0,0.0,2.0,1.0,840.25,416.363,1.0,3.0,0.0,0,2.0,,2.0,1256.613,Other,628.3065,1256.613,140.04166666666666
519114,F,False,True,usa,san antonio,RND,41,0.0,0.0,3.0,1.0,2083.0,1259.428,1.0,5.0,0.3333333333333333,0,3.0,,3.0,3342.428,Other,1114.1426666666666,3342.428,138.86666666666667
519117,F,True,True,usa,san antonio,SAT,47,0.0,0.0,4.0,1.0,2501.45,1014.615,1.0,3.75,0.5,0,4.0,,4.0,3516.0649999999996,Other,879.0162499999999,3516.0649999999996,166.76333333333332
519137,F,False,False,usa,houston,IAH,52,0.0,0.0,3.0,1.3333333333333333,1684.95,2380.87,1.3333333333333333,2.6666666666666665,0.3333333333333333,0,3.0,,3.0,4065.8199999999997,Other,1355.2733333333333,3049.365,157.9640625
519140,F,True,False,usa,new york,LGA,58,0.0,1.0,4.0,1.25,2191.0,844.45,1.2,2.4,1.0,0,4.0,,5.0,3035.45,Other,607.0899999999999,2428.3599999999997,152.1527777777778
519171,F,False,True,usa,austin,AUS,50,1.0,0.0,1.0,1.5,868.0,1925.8,2.0,7.0,0.5,0,2.0,,2.0,2793.8,Other,1396.9,1862.5333333333335,31.0
519191,M,False,False,usa,tampa,TPA,22,0.0,1.0,0.0,,1808.8,0.0,2.0,14.0,,0,0.0,,1.0,1808.8,Other,1808.8,,64.6
519210,M,True,False,usa,san antonio,RND,46,1.0,2.0,1.0,1.0,1514.0,772.61,1.0,7.666666666666667,0.5,0,2.0,,4.0,2286.61,Other,571.6525,2286.61,49.369565217391305
519267,F,False,False,usa,portland,PWM,49,0.0,0.0,1.0,1.0,65.0,361.38,1.0,1.0,1.0,0,1.0,,1.0,426.38,Other,426.38,426.38,65.0
519392,F,True,False,usa,fort worth,FTW,59,1.0,0.0,1.0,1.0,262.0,787.34,1.0,2.0,1.0,0,2.0,,2.0,1049.3400000000001,Other,524.6700000000001,1049.3400000000001,65.5
519430,F,False,False,usa,new york,JFK,37,0.0,0.0,2.0,1.5,1199.75,1182.76,1.5,3.0,0.5,0,2.0,,2.0,2382.51,Other,1191.255,1588.3400000000001,133.30555555555557
519554,F,False,True,usa,seattle,SEA,35,0.0,0.0,3.0,1.0,2760.0,1530.0100000000002,1.0,5.0,0.6666666666666666,0,3.0,,3.0,4290.01,Other,1430.0033333333333,4290.01,184.0
519664,F,True,True,usa,riverside,RAL,55,0.0,0.0,2.0,1.0,1392.8,415.99,1.0,5.5,1.0,0,2.0,,2.0,1808.79,Other,904.395,1808.79,126.61818181818181
519695,F,False,False,usa,houston,EFD,41,0.0,1.0,2.0,1.0,1838.0,773.0899999999999,1.3333333333333333,2.333333333333333,0.0,0,2.0,,3.0,2611.09,Other,870.3633333333333,2611.09,196.92857142857144
519722,F,True,True,usa,new york,JFK,30,1.0,2.0,0.0,3.0,2520.0,3515.76,1.5,6.0,0.0,0,1.0,,3.0,6035.76,Other,2011.92,2011.92,93.33333333333333
519725,F,True,True,usa,louisville,LOU,43,0.0,1.0,1.0,1.0,567.45,232.88,1.0,2.0,1.0,0,1.0,,2.0,800.33,Other,400.165,800.33,141.8625
519774,F,False,True,usa,las vegas,LAS,56,0.0,1.0,2.0,1.0,1914.6,661.7800000000001,1.0,6.0,1.0,0,2.0,,3.0,2576.38,Other,858.7933333333334,2576.38,106.36666666666666
519859,F,False,False,usa,san diego,NZY,44,1.0,0.0,4.0,1.4,5366.5,5223.378,1.25,6.5,0.0,0,4.0,,5.0,10589.878,Other,2117.9756,7564.198571428572,132.09846153846155
519885,F,False,False,usa,houston,HOU,30,0.0,1.0,2.0,1.5,1927.0,1470.42,1.3333333333333333,6.0,0.5,0,2.0,,3.0,3397.42,Other,1132.4733333333334,2264.9466666666667,80.29166666666667
519893,F,True,False,usa,spokane,GEG,45,0.0,1.0,3.0,1.6666666666666667,2188.0,6454.74,1.5,2.75,0.6666666666666666,0,2.0,,4.0,8642.74,Other,2160.685,5185.643999999999,132.60606060606062
519912,M,False,False,usa,houston,EFD,47,0.0,0.0,4.0,1.0,2043.0,855.4145,1.0,2.5,0.5,0,4.0,,4.0,2898.4145,Other,724.603625,2898.4145,204.3
519955,F,False,False,usa,orlando,MCO,40,0.0,0.0,2.0,1.0,1101.0,879.63,1.0,2.5,0.5,0,2.0,,2.0,1980.63,Other,990.315,1980.63,220.2
519957,F,True,False,usa,new york,LGA,56,0.0,0.0,2.0,1.0,502.0,1063.394,1.0,2.0,1.0,0,2.0,,2.0,1565.394,Other,782.697,1565.394,125.5
520170,F,False,True,usa,omaha,OMA,26,0.0,1.0,1.0,2.0,1670.0,1402.26,2.0,3.0,0.0,0,1.0,,2.0,3072.26,Other,1536.13,1536.13,139.16666666666666
520175,F,False,False,usa,atlanta,ATL,54,0.0,0.0,3.0,1.0,842.5,890.547,1.0,2.333333333333333,0.6666666666666666,0,3.0,,3.0,1733.047,Other,577.6823333333333,1733.047,120.35714285714286
520177,F,True,False,usa,nashville,BNA,56,2.0,1.0,3.0,1.0,2666.8,1150.25,1.0,6.0,0.4,0,5.0,,6.0,3817.05,Other,636.1750000000001,3817.05,74.07777777777778
520182,F,True,True,usa,new york,LGA,46,2.0,0.0,1.0,1.3333333333333333,2130.0,1540.59,1.0,6.0,0.6666666666666666,0,3.0,,3.0,3670.59,Other,1223.53,2752.9425,118.33333333333333
520188,F,False,False,canada,victoria,YYJ,38,0.0,1.0,1.0,1.0,531.6,488.46,1.0,4.5,1.0,0,1.0,,2.0,1020.06,Other,510.03,1020.06,59.06666666666667
520244,F,True,False,usa,new york,JFK,44,0.0,0.0,2.0,1.0,792.0,754.0799999999999,1.0,4.0,0.5,0,2.0,,2.0,1546.08,Other,773.04,1546.08,99.0
520256,F,True,False,usa,dallas,DAL,45,0.0,1.0,3.0,1.3333333333333333,1919.0,702.01,1.25,5.0,0.0,0,3.0,,4.0,2621.01,Other,655.2525,1965.7575000000002,76.76
520307,F,False,False,usa,buffalo,BUF,53,0.0,0.0,3.0,1.0,1314.0,781.12,1.0,2.333333333333333,0.3333333333333333,0,3.0,,3.0,2095.12,Other,698.3733333333333,2095.12,187.71428571428575
520314,F,False,True,usa,new york,JFK,19,0.0,2.0,0.0,,2620.0,0.0,2.0,5.0,,0,0.0,,2.0,2620.0,Other,1310.0,,131.0
520358,F,True,False,usa,montgomery,MXF,52,0.0,1.0,3.0,1.0,2078.0,796.8000000000001,1.0,3.5,1.0,0,3.0,,4.0,2874.8,Other,718.7,2874.8,148.42857142857142
520373,F,False,True,usa,buffalo,BUF,50,0.0,0.0,3.0,1.3333333333333333,1967.0,521.8299999999999,1.3333333333333333,3.0,0.0,0,3.0,,3.0,2488.83,Other,829.61,1866.6225,163.91666666666666
520405,F,False,False,usa,cleveland,CLE,32,0.0,0.0,1.0,1.0,164.0,142.46,1.0,1.0,1.0,0,1.0,,1.0,306.46000000000004,Other,306.46000000000004,306.46000000000004,164.0
520422,F,False,False,usa,mobile,MOB,40,1.0,0.0,1.0,1.0,645.0,561.124,1.0,3.0,0.0,0,2.0,,2.0,1206.124,Other,603.062,1206.124,107.5
520497,F,False,False,usa,long beach,LGB,50,1.0,0.0,2.0,1.0,457.0,1610.245,1.0,2.5,1.0,0,3.0,,3.0,2067.245,Other,689.0816666666666,2067.245,60.93333333333334
520527,F,False,False,usa,denver,DEN,35,0.0,0.0,2.0,1.0,1468.0,640.56,1.0,3.0,1.0,0,2.0,,2.0,2108.56,Other,1054.28,2108.56,244.66666666666666
520530,F,True,False,usa,los angeles,LAX,43,0.0,0.0,4.0,1.0,1421.0,2141.482,1.0,2.75,0.75,0,4.0,,4.0,3562.482,Other,890.6205,3562.482,129.1818181818182
520708,F,False,False,usa,tampa,MCF,44,1.0,0.0,2.0,1.3333333333333333,1194.0,1274.3,1.0,2.5,0.6666666666666666,0,2.0,,3.0,2468.3,Other,822.7666666666668,1851.2250000000001,159.2
520745,F,False,False,usa,new york,JFK,42,0.0,0.0,2.0,1.0,883.0,152.51,1.0,4.5,0.5,0,2.0,,2.0,1035.51,Other,517.755,1035.51,98.11111111111111
520783,F,True,False,canada,calgary,YYC,42,0.0,1.0,2.0,1.0,1978.0,806.02,1.3333333333333333,2.333333333333333,0.5,0,2.0,,3.0,2784.02,Other,928.0066666666667,2784.02,211.92857142857147
520877,F,True,False,usa,grand rapids,GRR,52,0.0,0.0,3.0,1.0,1400.0,1213.15,1.0,4.333333333333333,0.0,0,3.0,,3.0,2613.15,Other,871.0500000000001,2613.15,107.69230769230771
520882,F,False,False,usa,louisville,LOU,20,0.0,1.0,0.0,,780.0,0.0,1.0,6.0,,0,0.0,,1.0,780.0,Other,780.0,,130.0
520920,F,False,False,usa,memphis,MEM,42,0.0,1.0,0.0,,440.3,0.0,1.0,7.0,,0,0.0,,1.0,440.3,Other,440.3,,62.9
521044,F,False,False,usa,houston,EFD,43,0.0,1.0,3.0,1.0,2707.0,1044.81,1.0,3.75,0.3333333333333333,0,3.0,,4.0,3751.81,Other,937.9525,3751.81,180.46666666666667
521109,F,False,True,usa,dallas,DAL,32,1.0,0.0,2.0,1.0,1435.0,727.72,1.0,6.0,0.3333333333333333,0,3.0,,3.0,2162.7200000000003,Other,720.9066666666668,2162.7200000000003,79.72222222222221
521192,F,False,False,usa,wichita,ICT,29,0.0,1.0,2.0,1.0,2299.0,394.1775,1.3333333333333333,4.0,1.0,0,2.0,,3.0,2693.1775,Other,897.7258333333333,2693.1775,143.68750000000003
521211,M,False,False,usa,bakersfield,BFL,28,0.0,1.0,0.0,,582.0,0.0,1.0,6.0,,0,0.0,,1.0,582.0,Other,582.0,,97.0
521286,F,False,False,canada,hamilton,YHM,36,0.0,0.0,1.0,1.0,112.0,627.07,1.0,1.0,1.0,0,1.0,,1.0,739.07,Other,739.07,739.07,112.0
521392,F,True,False,usa,chicago,MDW,42,0.0,1.0,1.0,1.0,1468.0,321.28,1.0,6.0,0.0,0,1.0,,2.0,1789.28,Other,894.64,1789.28,122.33333333333333
521408,F,True,False,usa,san diego,NZY,58,0.0,0.0,2.0,1.0,2829.0,1160.0265,1.0,6.5,1.0,0,2.0,,2.0,3989.0265,Other,1994.51325,3989.0265,217.6153846153846
521657,F,False,False,canada,montreal,YUL,29,0.0,1.0,2.0,1.0,1548.0,1233.74,1.3333333333333333,3.0,1.0,0,2.0,,3.0,2781.74,Other,927.2466666666666,2781.74,129.0
521658,F,True,False,usa,new york,LGA,52,0.0,1.0,4.0,1.0,1437.0,1603.74,1.0,2.4,0.0,0,4.0,,5.0,3040.74,Other,608.1479999999999,3040.74,119.75
521814,F,True,True,canada,toronto,YKZ,44,1.0,0.0,5.0,1.1666666666666667,2153.85,3730.06,1.2,2.4,0.1666666666666666,0,6.0,,6.0,5883.91,Other,980.6516666666666,5043.351428571428,124.64409722222221
521859,M,False,False,usa,new york,LGA,43,0.0,0.0,5.0,1.0,1370.0,1563.26,1.0,2.6,0.4,0,5.0,,5.0,2933.26,Other,586.652,2933.26,105.38461538461539
521883,F,False,False,usa,tulsa,TUL,34,2.0,0.0,1.0,1.3333333333333333,208.0,2043.214,1.0,2.0,1.0,0,2.0,,3.0,2251.214,Other,750.4046666666667,1688.4105,34.666666666666664
521885,M,True,True,usa,houston,HOU,47,0.0,0.0,2.0,1.0,960.0,727.25,1.0,2.0,1.0,0,2.0,,2.0,1687.25,Other,843.625,1687.25,240.0
521941,F,True,True,usa,new orleans,MSY,30,0.0,1.0,2.0,1.0,4346.0,819.91,1.3333333333333333,6.333333333333333,0.5,0,2.0,,3.0,5165.91,Other,1721.97,5165.91,171.5526315789474
521943,F,True,False,usa,philadelphia,PNE,55,0.0,0.0,3.0,1.0,1275.0,1544.98,1.0,2.6666666666666665,0.6666666666666666,0,3.0,,3.0,2819.98,Other,939.9933333333333,2819.98,159.375
521992,F,True,True,usa,los angeles,LAX,35,0.0,0.0,4.0,1.25,2716.8,3689.158,1.25,3.0,0.75,0,4.0,,4.0,6405.9580000000005,Other,1601.4895000000001,5124.7664,181.12
521997,F,True,False,usa,new york,JFK,34,0.0,2.0,2.0,1.0,2314.0,934.7,1.0,5.0,0.0,0,2.0,,4.0,3248.7,Other,812.175,3248.7,115.7
522171,F,False,False,usa,louisville,LOU,39,1.0,1.0,2.0,1.6666666666666667,4758.0,838.0,1.6666666666666667,7.333333333333333,0.6666666666666666,0,3.0,,4.0,5596.0,Other,1399.0,3357.6,97.32272727272726
522223,F,True,True,usa,nashville,BNA,52,0.0,0.0,4.0,1.25,3911.0,3067.12,1.25,4.0,0.75,0,4.0,,4.0,6978.12,Other,1744.53,5582.496,195.55
522263,F,False,False,usa,oklahoma city,TIK,33,0.0,0.0,2.0,1.0,1125.3,698.246,1.0,3.0,0.0,0,2.0,,2.0,1823.5459999999998,Other,911.7729999999999,1823.5459999999998,187.54999999999998
522265,F,False,True,usa,bakersfield,BFL,44,0.0,1.0,3.0,1.0,1368.3,1345.57,1.0,3.5,0.3333333333333333,0,3.0,,4.0,2713.87,Other,678.4675,2713.87,97.73571428571428
522286,F,False,False,canada,edmonton,YXD,47,1.0,0.0,2.0,1.0,606.0,1395.03,1.0,2.0,1.0,0,3.0,,3.0,2001.03,Other,667.01,2001.03,101.0
522387,F,False,False,usa,louisville,LOU,25,0.0,1.0,0.0,,4800.0,0.0,2.0,10.0,,0,0.0,,1.0,4800.0,Other,4800.0,,240.0
522457,F,False,True,usa,san diego,NZY,38,1.0,0.0,5.0,1.1666666666666667,3424.0,4832.336,1.2,2.2,0.5,0,6.0,,6.0,8256.336,Other,1376.0559999999998,7076.859428571428,216.16161616161614
522484,F,True,False,usa,washington,DCA,53,2.0,0.0,4.0,1.5,5073.0,4801.92,1.0,4.75,0.0,0,6.0,,6.0,9874.92,Other,1645.82,6583.28,178.0
522585,M,True,True,canada,edmonton,YED,43,0.0,0.0,2.0,1.0,920.6,992.652,1.0,2.0,1.0,0,1.0,,2.0,1913.252,Other,956.626,1913.252,230.15
522607,F,True,False,usa,miami,MIA,46,0.0,1.0,2.0,1.0,2679.8,611.678,1.0,5.666666666666667,1.0,0,2.0,,3.0,3291.478,Other,1097.1593333333333,3291.478,157.63529411764708
522738,F,False,False,usa,chicago,UGN,42,0.0,0.0,2.0,1.0,2472.6,1781.361,1.0,9.0,0.0,0,2.0,,2.0,4253.961,Other,2126.9805,4253.961,137.36666666666667
522800,F,False,False,usa,new york,LGA,30,1.0,1.0,3.0,1.0,2643.0,1762.29,1.0,4.0,0.75,0,3.0,,5.0,4405.29,Other,881.058,4405.29,132.15
522873,F,False,True,canada,victoria,YYJ,35,1.0,0.0,0.0,1.0,0.0,807.06,,,1.0,0,1.0,,1.0,807.06,Other,807.06,807.06,
522898,F,False,True,usa,honolulu,HNL,44,0.0,0.0,2.0,1.0,4058.0,2966.61,1.0,9.0,1.0,0,1.0,,2.0,7024.610000000001,Other,3512.3050000000003,7024.610000000001,225.44444444444446
522970,F,False,False,usa,atlanta,ATL,46,1.0,0.0,5.0,1.0,2958.0,2270.594,1.0,3.8,0.3333333333333333,0,5.0,,6.0,5228.594,Other,871.4323333333333,5228.594,129.73684210526315
522981,F,False,False,usa,atlanta,ATL,40,1.0,0.0,4.0,1.0,2905.2,1157.71,1.0,3.0,0.6,0,4.0,,5.0,4062.91,Other,812.582,4062.91,193.67999999999998
523098,M,False,False,usa,miami,MIA,43,1.0,0.0,2.0,1.0,1473.0,772.07,1.0,4.0,0.3333333333333333,0,3.0,,3.0,2245.07,Other,748.3566666666667,2245.07,122.75
523146,F,False,True,usa,new york,LGA,50,0.0,0.0,4.0,1.25,5316.2,1283.925,1.25,6.75,0.25,0,4.0,,4.0,6600.125,Other,1650.03125,5280.1,157.51703703703703
523158,F,True,True,usa,san francisco,SFO,44,1.0,0.0,2.0,1.0,1846.0,1002.57,1.0,5.0,0.6666666666666666,0,3.0,,3.0,2848.57,Other,949.5233333333334,2848.57,123.06666666666668
523273,F,True,False,canada,ottawa,YOW,53,0.0,1.0,1.0,1.0,2109.0,462.18,1.0,6.5,0.0,0,1.0,,2.0,2571.18,Other,1285.59,2571.18,162.23076923076923
523335,F,False,False,usa,houston,IAH,31,1.0,0.0,2.0,1.0,1821.8,557.03,1.0,5.0,0.6666666666666666,0,3.0,,3.0,2378.83,Other,792.9433333333333,2378.83,121.45333333333333
523392,F,False,False,usa,houston,IAH,42,1.0,0.0,2.0,1.3333333333333333,1150.0,1958.695,1.5,2.0,0.3333333333333333,0,3.0,,3.0,3108.6949999999997,Other,1036.2316666666666,2331.52125,127.77777777777777
523474,F,False,False,usa,houston,IAH,42,0.0,0.0,4.0,1.0,1566.0,1088.92,1.0,2.5,0.5,0,4.0,,4.0,2654.92,Other,663.73,2654.92,156.6
523513,F,True,True,usa,new york,JFK,56,0.0,0.0,3.0,1.0,4019.0,626.868,1.0,6.333333333333333,0.6666666666666666,0,3.0,,3.0,4645.868,Other,1548.6226666666669,4645.868,211.5263157894737
523526,F,False,False,usa,denver,DEN,30,0.0,0.0,1.0,4.0,364.0,7160.24,4.0,1.0,1.0,0,1.0,,1.0,7524.24,Other,7524.24,1881.06,91.0
523657,F,True,False,usa,winston-salem,INT,38,0.0,0.0,2.0,1.5,470.0,3007.5,1.5,1.5,1.0,0,2.0,,2.0,3477.5,Other,1738.75,2318.3333333333335,104.44444444444444
523845,F,False,True,usa,sacramento,MHR,45,2.0,1.0,2.0,1.25,1922.7,2815.733,1.3333333333333333,7.0,0.25,0,4.0,,5.0,4738.433,Other,947.6866,3790.7464,41.20071428571429
524031,F,True,False,usa,denver,DEN,39,1.0,0.0,3.0,1.25,1559.0,2357.896,1.0,3.333333333333333,0.75,0,4.0,,4.0,3916.896,Other,979.224,3133.5168000000003,116.92500000000001
524036,F,False,False,usa,new york,LGA,33,1.0,1.0,1.0,1.0,1331.2,853.52,1.0,5.5,1.0,0,2.0,,3.0,2184.7200000000003,Other,728.2400000000001,2184.7200000000003,80.67878787878789
524052,F,False,False,usa,santa ana,SNA,44,0.0,0.0,3.0,1.0,818.0999999999999,1446.77,1.0,3.0,0.6666666666666666,0,3.0,,3.0,2264.87,Other,754.9566666666666,2264.87,90.89999999999999
524080,F,False,False,usa,los angeles,LAX,37,1.0,0.0,3.0,1.25,1606.0,2654.058,1.3333333333333333,3.6666666666666665,0.0,0,4.0,,4.0,4260.058,Other,1065.0145,3408.0464,82.125
524120,F,False,False,usa,honolulu,HNL,42,0.0,0.0,4.0,1.0,2857.0,4252.071,1.0,6.0,0.75,0,4.0,,4.0,7109.071,Other,1777.26775,7109.071,119.04166666666667
524214,F,False,False,usa,st. louis,STL,34,1.0,1.0,0.0,1.0,1184.0,188.57,1.0,4.0,0.0,0,1.0,,2.0,1372.57,Other,686.285,1372.57,148.0
524278,M,False,True,usa,portland,PWM,35,0.0,1.0,1.0,1.0,1725.0,67.26,1.0,4.5,1.0,0,1.0,,2.0,1792.26,Other,896.13,1792.26,191.66666666666666
524328,F,False,True,usa,new york,LGA,36,0.0,0.0,2.0,1.0,1469.75,1350.9499999999998,1.0,3.5,0.5,0,2.0,,2.0,2820.7,Other,1410.35,2820.7,209.96428571428572
524407,F,False,False,canada,montreal,YMX,51,0.0,0.0,3.0,1.0,2310.0,1455.7,1.0,6.333333333333333,0.6666666666666666,0,3.0,,3.0,3765.7,Other,1255.2333333333333,3765.7,121.57894736842105
524607,F,True,False,usa,los angeles,LAX,38,2.0,0.0,3.0,1.0,2022.0,3272.17,1.0,2.6666666666666665,0.6,0,4.0,,5.0,5294.17,Other,1058.834,5294.17,151.65
524615,F,True,False,usa,chicago,UGN,54,0.0,0.0,3.0,1.0,969.0,431.13,1.0,2.333333333333333,0.3333333333333333,0,3.0,,3.0,1400.13,Other,466.71000000000004,1400.13,138.42857142857144
524628,M,True,False,usa,los angeles,LAX,51,0.0,0.0,3.0,1.0,860.0,1112.56,1.0,2.333333333333333,0.0,0,2.0,,3.0,1972.56,Other,657.52,1972.56,122.85714285714288
524637,F,False,False,usa,new york,JFK,40,0.0,0.0,3.0,1.0,839.0,1072.13,1.0,2.6666666666666665,1.0,0,3.0,,3.0,1911.13,Other,637.0433333333334,1911.13,104.87500000000001
524663,F,True,True,usa,new york,JFK,40,0.0,0.0,1.0,1.0,128.0,775.34,1.0,4.0,0.0,0,1.0,,1.0,903.34,Other,903.34,903.34,32.0
524682,F,True,False,usa,birmingham,BHM,50,0.0,0.0,2.0,1.5,1224.0,1302.41,1.5,2.0,1.0,0,2.0,,2.0,2526.41,Other,1263.205,1684.2733333333333,204.0
524923,F,False,False,usa,winston-salem,INT,32,2.0,0.0,1.0,1.3333333333333333,138.0,3404.23,2.0,1.0,0.3333333333333333,0,3.0,,3.0,3542.23,Other,1180.7433333333333,2656.6725,23.0
524929,F,False,False,usa,st. petersburg,SPG,46,0.0,0.0,4.0,1.5,3009.0,3419.5815,1.5,2.5,0.75,0,4.0,,4.0,6428.5815,Other,1607.145375,4285.7210000000005,200.6
525056,F,False,False,usa,new york,LGA,39,0.0,0.0,4.0,1.5,3587.1,6800.859999999999,1.5,3.5,0.5,0,4.0,,4.0,10387.96,Other,2596.99,6925.306666666666,170.81428571428572
525281,F,False,False,usa,chicago,MDW,40,0.0,0.0,5.0,1.4,2967.0,2210.976,1.4,3.8,0.4,0,5.0,,5.0,5177.976000000001,Other,1035.5952000000002,3698.5542857142864,111.54135338345866
525611,F,False,False,usa,miami,TNT,42,0.0,1.0,4.0,1.0,2859.0,1593.69,1.0,5.4,1.0,0,2.0,,5.0,4452.6900000000005,Other,890.5380000000001,4452.6900000000005,105.88888888888887
525615,F,False,False,usa,denver,DEN,37,1.0,1.0,4.0,1.0,1922.5,1554.75,1.2,2.4,0.8,0,5.0,,6.0,3477.25,Other,579.5416666666666,3477.25,111.25578703703705
525716,F,True,False,usa,oklahoma city,TIK,57,0.0,1.0,3.0,1.0,3577.8,994.908,1.0,6.0,1.0,0,3.0,,4.0,4572.7080000000005,Other,1143.1770000000001,4572.7080000000005,149.07500000000002
525734,F,False,True,usa,houston,HOU,37,0.0,1.0,1.0,1.0,1600.0,231.85,1.0,4.5,1.0,0,1.0,,2.0,1831.85,Other,915.925,1831.85,177.77777777777777
525824,F,True,False,usa,detroit,YIP,41,1.0,0.0,1.0,1.5,4304.0,2368.176,2.0,8.0,1.0,0,2.0,,2.0,6672.1759999999995,Other,3336.0879999999997,4448.117333333333,134.5
525879,F,False,True,usa,new york,LGA,41,0.0,0.0,4.0,1.0,2956.0,652.21,1.0,3.5,1.0,0,3.0,,4.0,3608.21,Other,902.0525,3608.21,211.14285714285714
526079,F,True,False,usa,salt lake city,SLC,52,2.0,0.0,1.0,1.0,680.0,914.977,1.0,4.0,1.0,0,3.0,,3.0,1594.9769999999999,Other,531.659,1594.9769999999999,56.666666666666664
526179,M,False,False,usa,colorado springs,COS,43,1.0,0.0,4.0,1.0,2271.0,1626.08,1.0,3.75,0.8,0,5.0,,5.0,3897.08,Other,779.4159999999999,3897.08,121.11999999999999
526303,F,True,True,usa,mobile,MOB,24,0.0,2.0,0.0,,2788.0,0.0,1.0,7.0,,0,0.0,,2.0,2788.0,Other,1394.0,,199.14285714285714
526354,F,True,False,usa,boston,BOS,50,0.0,0.0,4.0,1.25,5617.0,2141.344,1.25,5.0,0.25,0,4.0,,4.0,7758.344,Other,1939.586,6206.6752,224.68
526431,F,False,False,usa,charlotte,CLT,44,0.0,2.0,3.0,1.3333333333333333,3235.0,3166.71,1.2,6.0,0.3333333333333333,0,3.0,,5.0,6401.71,Other,1280.342,4801.2825,89.86111111111113
526492,F,True,False,usa,dallas,DAL,46,1.0,2.0,2.0,1.0,5845.799999999999,1076.967,1.25,8.25,0.3333333333333333,0,3.0,,5.0,6922.767,Other,1384.5534,6922.767,113.37309090909089
526683,F,True,False,usa,kansas city,MCI,43,1.0,0.0,2.0,1.0,3374.0,854.9,1.0,7.0,0.6666666666666666,0,3.0,,3.0,4228.9,Other,1409.6333333333332,4228.9,160.66666666666669
526759,F,True,False,usa,washington,IAD,46,0.0,0.0,1.0,2.0,1146.0,398.069,2.0,3.0,1.0,0,1.0,,1.0,1544.069,Other,1544.069,772.0345,191.0
526782,F,False,False,canada,montreal,YHU,31,0.0,0.0,2.0,1.5,1078.0,943.83,1.5,2.5,0.5,0,2.0,,2.0,2021.83,Other,1010.915,1347.8866666666665,143.73333333333332
526873,F,False,False,canada,london,YXU,44,0.0,1.0,2.0,1.0,2941.1,891.83,1.3333333333333333,4.333333333333333,1.0,0,2.0,,3.0,3832.93,Other,1277.6433333333332,3832.93,169.6788461538462
526900,F,True,False,usa,new orleans,NBG,55,1.0,0.0,2.0,1.0,253.6,878.14,1.0,1.5,0.6666666666666666,0,3.0,,3.0,1131.74,Other,377.24666666666667,1131.74,56.355555555555554
526970,F,False,False,canada,ottawa,YOW,41,0.0,2.0,2.0,1.5,1855.0,1597.74,1.25,3.0,0.5,0,2.0,,4.0,3452.74,Other,863.185,2301.8266666666664,123.66666666666667
527004,F,True,False,usa,new york,LGA,48,0.0,0.0,2.0,1.5,1111.8,3404.77,1.5,2.5,0.0,0,2.0,,2.0,4516.57,Other,2258.285,3011.0466666666666,148.23999999999998
527038,F,True,False,canada,calgary,YYC,42,2.0,0.0,2.0,1.25,2611.6,2307.3450000000003,1.5,5.0,0.75,0,4.0,,4.0,4918.945,Other,1229.73625,3935.156,87.05333333333333
527075,M,True,True,canada,edmonton,YXD,56,0.0,0.0,3.0,1.3333333333333333,2362.0,2641.4,1.3333333333333333,4.0,1.0,0,3.0,,3.0,5003.4,Other,1667.8,3752.5499999999997,147.62500000000003
527132,M,False,False,usa,chicago,UGN,54,0.0,0.0,2.0,1.0,927.0,160.386,1.0,3.0,0.0,0,2.0,,2.0,1087.386,Other,543.693,1087.386,154.5
527232,F,True,False,usa,houston,EFD,56,0.0,0.0,2.0,1.0,478.0,338.92999999999995,1.0,2.5,0.0,0,2.0,,2.0,816.93,Other,408.465,816.93,95.6
527326,F,True,False,usa,tacoma,TCM,59,1.0,1.0,1.0,3.0,820.0,3867.072,2.5,1.0,1.0,0,2.0,,3.0,4687.072,Other,1562.3573333333334,1562.3573333333334,109.33333333333333
527346,F,True,False,canada,toronto,YKZ,48,1.0,0.0,2.0,2.0,1159.0,7119.679999999999,2.5,2.0,0.3333333333333333,0,3.0,,3.0,8278.68,Other,2759.56,4139.34,77.26666666666667
527389,F,False,True,usa,boston,BOS,36,0.0,2.0,0.0,,696.0,0.0,1.5,3.0,,0,0.0,,2.0,696.0,Other,348.0,,77.33333333333333
527396,M,False,False,usa,austin,AUS,43,0.0,1.0,2.0,1.0,3842.0,675.513,1.0,12.666666666666666,1.0,0,2.0,,3.0,4517.513,Other,1505.8376666666666,4517.513,101.10526315789475
527406,F,False,False,usa,austin,AUS,41,1.0,0.0,2.0,1.0,2429.2,1382.93,1.0,9.5,0.3333333333333333,0,3.0,,3.0,3812.13,Other,1270.71,3812.13,85.23508771929824
527451,F,False,False,canada,toronto,YKZ,33,0.0,0.0,3.0,1.0,930.45,328.59000000000003,1.0,1.6666666666666667,0.6666666666666666,0,2.0,,3.0,1259.04,Other,419.68,1259.04,186.09
527507,M,True,True,usa,san francisco,SFO,45,1.0,1.0,2.0,1.0,2883.7,2364.51,1.0,7.666666666666667,0.6666666666666666,0,3.0,,4.0,5248.21,Other,1312.0525,5248.21,94.0336956521739
527524,F,False,False,canada,halifax,YHZ,27,0.0,1.0,0.0,,3792.0,0.0,2.0,8.0,,0,0.0,,1.0,3792.0,Other,3792.0,,237.0
527541,F,True,False,canada,london,YXU,43,0.0,1.0,0.0,,550.0,0.0,1.0,11.0,,0,0.0,,1.0,550.0,Other,550.0,,50.0
527552,F,True,True,usa,portland,PDX,59,0.0,1.0,0.0,,700.0,0.0,1.0,7.0,,0,0.0,,1.0,700.0,Other,700.0,,100.0
527564,F,True,False,canada,gatineau,YND,39,1.0,1.0,2.0,1.0,4204.0,1087.98,1.0,6.666666666666667,0.6666666666666666,0,3.0,,4.0,5291.98,Other,1322.995,5291.98,157.65
527585,F,False,False,usa,minneapolis,MSP,42,0.0,0.0,4.0,1.5,3215.0,2848.6895,1.5,2.5,0.25,0,4.0,,4.0,6063.6895,Other,1515.922375,4042.459666666667,214.33333333333334
527605,F,False,False,canada,toronto,YKZ,35,1.0,0.0,2.0,1.0,855.0,1322.932,1.0,3.5,0.3333333333333333,0,3.0,,3.0,2177.932,Other,725.9773333333333,2177.932,81.42857142857143
527689,M,False,False,usa,new orleans,NBG,22,0.0,1.0,0.0,,2000.7,0.0,1.0,13.0,,0,0.0,,1.0,2000.7,Other,2000.7,,153.9
527783,F,False,False,usa,indianapolis,IND,48,0.0,0.0,2.0,1.0,1763.0,545.37,1.0,7.0,0.5,0,2.0,,2.0,2308.37,Other,1154.185,2308.37,125.92857142857143
527824,F,True,False,usa,new york,JFK,48,0.0,0.0,5.0,1.0,498.0,1845.71,1.0,1.4,0.8,0,5.0,,5.0,2343.71,Other,468.742,2343.71,71.14285714285714
527886,F,True,False,usa,wichita,IAB,48,0.0,2.0,1.0,1.0,4204.65,374.71,1.0,11.666666666666666,1.0,0,1.0,,3.0,4579.36,Other,1526.4533333333331,4579.36,120.13285714285715
527944,M,False,False,usa,san diego,NZY,39,0.0,0.0,4.0,1.0,2238.0,2111.874,1.0,3.25,0.75,0,4.0,,4.0,4349.874,Other,1087.4685,4349.874,172.15384615384616
527987,F,False,True,canada,hamilton,YHM,54,1.0,0.0,3.0,1.0,994.0,711.77,1.0,2.333333333333333,0.75,0,4.0,,4.0,1705.77,Other,426.4425,1705.77,106.50000000000001
528158,F,True,False,usa,columbus,CMH,52,2.0,0.0,1.0,1.0,373.35,956.75,1.0,3.0,0.3333333333333333,0,3.0,,3.0,1330.1,Other,443.3666666666666,1330.1,41.483333333333334
528164,M,True,False,usa,san francisco,SFO,49,3.0,1.0,2.0,1.2,1501.0,2757.32,1.0,4.0,0.8,0,5.0,,6.0,4258.32,Other,709.7199999999999,3548.6,62.541666666666664
528216,F,True,True,usa,houston,EFD,52,0.0,0.0,3.0,1.0,630.85,998.72,1.0,2.0,0.6666666666666666,0,3.0,,3.0,1629.5700000000002,Other,543.19,1629.5700000000002,105.14166666666667
528242,M,True,True,usa,indianapolis,IND,30,1.0,0.0,2.0,1.0,458.0,529.05,1.0,1.5,0.6666666666666666,0,3.0,,3.0,987.05,Other,329.01666666666665,987.05,101.77777777777777
528372,F,False,True,usa,san antonio,SAT,27,0.0,1.0,0.0,,1881.0,0.0,1.0,11.0,,0,0.0,,1.0,1881.0,Other,1881.0,,171.0
528379,F,True,True,usa,new york,LGA,52,0.0,0.0,2.0,1.0,355.0,1019.2365,1.0,1.0,1.0,0,2.0,,2.0,1374.2365,Other,687.11825,1374.2365,177.5
528411,F,True,False,usa,milwaukee,MKE,46,1.0,0.0,3.0,1.0,1208.0,635.054,1.0,1.3333333333333333,1.0,0,4.0,,4.0,1843.054,Other,460.7635,1843.054,226.5
528683,F,True,False,usa,houston,HOU,52,0.0,1.0,1.0,1.0,3792.0,274.63,1.5,8.0,0.0,0,1.0,,2.0,4066.63,Other,2033.315,4066.63,158.0
528744,M,False,False,usa,san francisco,SFO,50,0.0,1.0,3.0,1.0,2109.05,1428.35,1.0,2.75,0.6666666666666666,0,3.0,,4.0,3537.4,Other,884.35,3537.4,191.7318181818182
528827,F,True,True,usa,st. petersburg,SPG,53,0.0,1.0,3.0,1.0,2027.4,745.7165,1.0,3.5,0.3333333333333333,0,3.0,,4.0,2773.1165,Other,693.279125,2773.1165,144.81428571428572
528844,F,False,False,usa,houston,IAH,38,0.0,0.0,2.0,1.5,669.75,2435.3,1.5,2.0,1.0,0,2.0,,2.0,3105.05,Other,1552.525,2070.0333333333333,111.625
528906,F,False,False,usa,portland,PWM,36,0.0,0.0,1.0,1.0,368.0,77.86,1.0,4.0,0.0,0,1.0,,1.0,445.86,Other,445.86,445.86,92.0
528965,F,False,False,usa,miami,MIA,33,0.0,1.0,1.0,1.0,2753.0,721.67,1.5,13.5,0.0,0,1.0,,2.0,3474.67,Other,1737.335,3474.67,67.9753086419753
529050,F,False,False,usa,new york,JFK,43,0.0,0.0,2.0,1.0,1178.0,1185.19,1.0,4.0,1.0,0,2.0,,2.0,2363.19,Other,1181.595,2363.19,147.25
529216,F,False,False,usa,new orleans,NBG,27,0.0,1.0,0.0,,1572.0,0.0,1.0,12.0,,0,0.0,,1.0,1572.0,Other,1572.0,,131.0
529229,F,False,False,usa,tucson,DMA,30,0.0,0.0,2.0,1.5,2964.0,2409.09,1.5,5.0,0.0,0,2.0,,2.0,5373.09,Other,2686.545,3582.06,197.6
529249,F,True,False,usa,dallas,DAL,53,1.0,0.0,2.0,1.3333333333333333,428.0,2220.522,1.5,2.0,0.3333333333333333,0,3.0,,3.0,2648.522,Other,882.8406666666666,1986.3915,47.55555555555555
529421,F,False,False,usa,sacramento,MCC,41,0.0,1.0,4.0,1.0,3258.0,1926.5,1.0,3.0,0.0,0,4.0,,5.0,5184.5,Other,1036.9,5184.5,217.20000000000002
529502,F,True,False,usa,new york,JFK,41,0.0,0.0,3.0,1.3333333333333333,1274.8,2762.469,1.3333333333333333,2.0,0.3333333333333333,0,3.0,,3.0,4037.2690000000002,Other,1345.7563333333335,3027.95175,159.35000000000002
529513,F,False,False,usa,louisville,LOU,43,1.0,2.0,2.0,1.0,3930.0,1129.7334999999998,1.25,5.0,0.3333333333333333,0,3.0,,5.0,5059.7335,Other,1011.9467000000001,5059.7335,125.75999999999999
529677,F,False,True,canada,montreal,YMX,24,0.0,1.0,0.0,,1730.0,0.0,1.0,10.0,,0,0.0,,1.0,1730.0,Other,1730.0,,173.0
529678,F,False,False,usa,houston,IAH,43,0.0,0.0,3.0,1.6666666666666667,1729.25,4320.049,1.6666666666666667,2.0,0.6666666666666666,0,3.0,,3.0,6049.299,Other,2016.433,3629.5793999999996,172.92499999999998
529689,F,True,True,usa,san jose,SJC,48,1.0,1.0,2.0,1.0,5005.0,2000.7785,1.0,12.333333333333334,0.3333333333333333,0,1.0,,4.0,7005.7785,Other,1751.444625,7005.7785,101.4527027027027
529695,F,False,False,usa,new york,LGA,39,1.0,0.0,4.0,1.4,1157.0,5321.6,1.5,2.75,0.4,0,5.0,,5.0,6478.6,Other,1295.72,4627.571428571429,56.0969696969697
529781,F,True,True,usa,lubbock,LBB,45,0.0,2.0,1.0,1.0,1514.0,86.24,1.3333333333333333,3.6666666666666665,1.0,0,1.0,,3.0,1600.24,Other,533.4133333333333,1600.24,103.22727272727275
529801,F,False,True,usa,chicago,MDW,45,1.0,1.0,3.0,1.0,3872.0,921.03,1.0,5.5,0.75,0,4.0,,5.0,4793.03,Other,958.606,4793.03,140.79999999999998
529840,M,False,False,usa,new york,LGA,49,1.0,0.0,0.0,1.0,0.0,109.03,,,1.0,0,1.0,,1.0,109.03,Other,109.03,109.03,
529845,F,True,False,usa,cleveland,CLE,39,0.0,0.0,2.0,1.0,900.0,198.32,1.0,4.0,0.0,0,2.0,,2.0,1098.32,Other,549.16,1098.32,112.5
530004,M,False,False,usa,cincinnati,CVG,45,1.0,0.0,1.0,1.0,1572.0,515.564,1.0,6.0,0.5,0,2.0,,2.0,2087.564,Other,1043.782,2087.564,131.0
530213,F,True,False,usa,houston,HOU,51,0.0,0.0,3.0,1.0,719.0,795.6600000000001,1.0,2.333333333333333,0.6666666666666666,0,3.0,,3.0,1514.66,Other,504.8866666666667,1514.66,102.71428571428572
530383,F,False,False,usa,oakland,OAK,33,1.0,0.0,2.0,1.0,529.0,1185.62,1.0,2.5,0.6666666666666666,0,3.0,,3.0,1714.62,Other,571.54,1714.62,70.53333333333333
530421,M,True,False,usa,detroit,DET,48,0.0,0.0,4.0,1.25,2485.0,1508.098,1.25,3.5,0.25,0,4.0,,4.0,3993.098,Other,998.2745,3194.4784,142.0
530468,F,True,True,usa,tampa,MCF,40,0.0,0.0,4.0,1.5,2354.0,2901.5,1.5,1.75,0.25,0,4.0,,4.0,5255.5,Other,1313.875,3503.6666666666665,224.19047619047618
530579,F,True,False,usa,bakersfield,BFL,53,0.0,0.0,4.0,2.0,1407.8,8024.369999999999,2.0,1.75,0.25,0,4.0,,4.0,9432.169999999998,Other,2358.0424999999996,4716.084999999999,100.55714285714285
530581,M,True,True,usa,san diego,NZY,20,0.0,1.0,0.0,,1760.0,0.0,1.0,10.0,,0,0.0,,1.0,1760.0,Other,1760.0,,176.0
530599,F,False,False,usa,dallas,DAL,27,0.0,1.0,0.0,,1640.0,0.0,1.0,8.0,,0,0.0,,1.0,1640.0,Other,1640.0,,205.0
530625,F,False,True,usa,reno,RNO,45,0.0,0.0,2.0,1.0,1363.0,525.78,1.0,4.5,0.5,0,2.0,,2.0,1888.78,Other,944.39,1888.78,151.44444444444446
530649,F,True,False,canada,halifax,YAW,52,0.0,1.0,3.0,1.6666666666666667,1799.4,3386.31,1.75,4.0,1.0,0,3.0,,4.0,5185.71,Other,1296.4275,3111.426,64.26428571428572
530665,F,False,False,usa,jacksonville,LRF,40,0.0,0.0,3.0,1.0,1192.0,834.0999999999999,1.0,4.0,0.6666666666666666,0,3.0,,3.0,2026.1,Other,675.3666666666667,2026.1,99.33333333333333
530743,F,False,False,usa,birmingham,BHM,58,1.0,0.0,2.0,1.3333333333333333,936.0,1048.044,1.5,1.5,1.0,0,3.0,,3.0,1984.044,Other,661.3480000000001,1488.0330000000001,138.66666666666666
530754,F,False,True,usa,seattle,BFI,39,1.0,1.0,3.0,1.0,2937.0,2298.785,1.0,4.5,0.75,0,4.0,,5.0,5235.785,Other,1047.157,5235.785,130.53333333333333
530950,F,False,False,canada,victoria,YYJ,41,1.0,1.0,2.0,1.0,3835.0,1555.43,1.0,5.666666666666667,0.6666666666666666,0,3.0,,4.0,5390.43,Other,1347.6075,5390.43,169.19117647058823
531006,M,False,True,usa,new york,JFK,42,0.0,0.0,2.0,1.0,1450.0,812.744,1.0,5.5,0.0,0,2.0,,2.0,2262.744,Other,1131.372,2262.744,131.8181818181818
531009,M,True,False,usa,san jose,SJC,53,0.0,1.0,4.0,1.25,3582.0,4255.23,1.2,5.6,0.5,0,4.0,,5.0,7837.23,Other,1567.446,6269.784,106.60714285714286
531016,M,False,False,usa,new york,JFK,42,0.0,2.0,4.0,1.0,5378.0,1116.274,1.1666666666666667,4.5,0.5,0,4.0,,6.0,6494.273999999999,Other,1082.379,6494.273999999999,170.7301587301587
531094,F,False,False,usa,columbus,LCK,31,0.0,0.0,3.0,2.0,2445.6,1539.8375,2.0,2.6666666666666665,1.0,0,3.0,,3.0,3985.4375,Other,1328.4791666666667,1992.71875,152.85
531109,F,True,True,usa,san francisco,SFO,51,0.0,0.0,4.0,1.0,511.6,961.4565,1.0,1.25,1.0,0,4.0,,4.0,1473.0565000000001,Other,368.26412500000004,1473.0565000000001,102.32000000000001
531198,F,False,False,usa,dallas,DAL,26,0.0,1.0,1.0,1.0,2084.0,322.45,1.5,6.0,0.0,0,1.0,,2.0,2406.45,Other,1203.225,2406.45,115.77777777777777
531204,M,True,False,canada,calgary,YYC,44,0.0,1.0,2.0,1.0,3032.0,577.174,1.0,5.0,0.5,0,2.0,,3.0,3609.174,Other,1203.058,3609.174,202.13333333333333
531344,F,False,False,usa,anchorage,MRI,50,0.0,0.0,2.0,1.0,1284.0,1750.51,1.0,6.0,0.5,0,2.0,,2.0,3034.51,Other,1517.255,3034.51,107.0
531361,F,False,True,usa,montgomery,MXF,34,1.0,0.0,1.0,1.5,696.0,7032.79,1.0,4.0,0.5,0,2.0,,2.0,7728.79,Other,3864.395,5152.526666666667,87.0
531373,F,False,True,usa,riverside,RIV,52,0.0,1.0,2.0,1.0,1683.0,947.17,1.0,5.0,0.5,0,2.0,,3.0,2630.17,Other,876.7233333333334,2630.17,112.2
531499,F,True,False,usa,new york,LGA,40,0.0,0.0,3.0,1.3333333333333333,3772.0,1545.82,1.3333333333333333,4.0,0.6666666666666666,0,3.0,,3.0,5317.82,Other,1772.6066666666666,3988.365,235.75
531562,F,False,True,usa,baton rouge,BTR,25,0.0,2.0,0.0,,1292.0,0.0,1.5,2.5,,0,0.0,,2.0,1292.0,Other,646.0,,172.26666666666668
531625,F,True,False,canada,ottawa,YOW,36,0.0,1.0,1.0,1.0,1034.1999999999998,294.9,1.0,4.0,0.0,0,1.0,,2.0,1329.1,Other,664.55,1329.1,129.27499999999998
531789,F,True,False,usa,san francisco,SFO,43,1.0,0.0,2.0,1.0,1646.0,1678.15,1.0,4.0,0.6666666666666666,0,3.0,,3.0,3324.15,Other,1108.05,3324.15,137.16666666666666
531824,F,False,False,usa,denver,DEN,34,0.0,0.0,4.0,1.25,1048.0,2632.75,1.25,1.25,0.75,0,4.0,,4.0,3680.75,Other,920.1875,2944.6,167.68
531884,F,True,True,usa,chicago,UGN,53,0.0,1.0,3.0,1.0,7061.0,980.524,1.0,8.5,0.3333333333333333,0,3.0,,4.0,8041.524,Other,2010.381,8041.524,207.6764705882353
531987,F,False,False,usa,san antonio,SKF,37,1.0,0.0,1.0,1.0,636.0,700.21,1.0,3.0,0.5,0,1.0,,2.0,1336.21,Other,668.105,1336.21,106.0
532073,F,False,False,usa,atlanta,ATL,42,2.0,0.0,3.0,1.0,1889.0,993.152,1.0,3.0,0.6,0,4.0,,5.0,2882.152,Other,576.4304,2882.152,125.93333333333334
532106,F,True,True,usa,new york,LGA,46,0.0,1.0,3.0,1.0,1952.0,1959.63,1.0,2.5,0.6666666666666666,0,3.0,,4.0,3911.63,Other,977.9075,3911.63,195.2
532159,F,False,False,usa,san antonio,RND,23,0.0,1.0,1.0,1.0,1477.0,509.22,1.5,3.0,0.0,0,1.0,,2.0,1986.22,Other,993.11,1986.22,164.11111111111111
532233,M,True,False,usa,washington,DCA,45,2.0,1.0,1.0,2.6666666666666665,1911.0,12241.45,2.5,3.0,0.6666666666666666,0,3.0,,4.0,14152.45,Other,3538.1125,5307.168750000001,63.699999999999996
532347,F,False,False,usa,philadelphia,PNE,33,0.0,0.0,3.0,1.0,485.0,1212.71,1.0,1.3333333333333333,1.0,0,3.0,,3.0,1697.71,Other,565.9033333333333,1697.71,121.25
532365,M,True,False,usa,omaha,OFF,52,0.0,0.0,1.0,3.0,1950.0,1387.02,3.0,5.0,1.0,0,1.0,,1.0,3337.02,Other,3337.02,1112.34,130.0
532388,F,True,False,usa,wichita,IAB,58,0.0,1.0,1.0,1.0,2149.6,171.01,1.0,4.5,0.0,0,1.0,,2.0,2320.6099999999997,Other,1160.3049999999998,2320.6099999999997,238.84444444444443
532535,F,False,False,usa,los angeles,LAX,43,0.0,1.0,2.0,1.0,4527.5,376.42,1.3333333333333333,5.666666666666667,0.5,0,2.0,,3.0,4903.92,Other,1634.64,4903.92,199.74264705882356
532607,F,False,False,usa,providence,PVD,33,1.0,0.0,3.0,1.25,729.0,1220.018,1.0,2.0,1.0,0,4.0,,4.0,1949.018,Other,487.2545,1559.2144,91.125
532637,M,False,False,usa,madison,MSN,25,0.0,2.0,0.0,,2946.0,0.0,1.0,7.0,,0,0.0,,2.0,2946.0,Other,1473.0,,210.42857142857142
532650,F,False,False,usa,portland,PWM,41,1.0,1.0,3.0,1.0,3480.0,1018.41,1.0,4.25,0.5,0,3.0,,5.0,4498.41,Other,899.682,4498.41,163.76470588235293
532742,F,False,False,usa,new york,JFK,44,0.0,0.0,3.0,1.0,836.0,1259.566,1.0,2.333333333333333,0.3333333333333333,0,3.0,,3.0,2095.566,Other,698.5219999999999,2095.566,119.42857142857144
532823,F,False,False,usa,tulsa,TUL,37,1.0,1.0,2.0,1.0,1234.0,1032.263,1.0,3.0,0.6666666666666666,0,3.0,,4.0,2266.263,Other,566.56575,2266.263,102.83333333333333
532863,M,False,False,usa,phoenix,LUF,57,0.0,1.0,3.0,1.0,3621.95,898.5995,1.25,5.5,0.0,0,3.0,,4.0,4520.5495,Other,1130.137375,4520.5495,131.70727272727274
532912,F,True,False,usa,new york,JFK,46,1.0,0.0,3.0,1.5,2344.0,5565.595499999999,1.6666666666666667,5.0,1.0,0,4.0,,4.0,7909.595499999999,Other,1977.3988749999999,5273.063666666666,70.32
532989,F,True,True,usa,seattle,BFI,53,0.0,1.0,4.0,1.0,2716.0,2274.8,1.0,2.8,0.5,0,4.0,,5.0,4990.8,Other,998.1600000000001,4990.8,194.00000000000003
533248,F,True,True,usa,los angeles,LAX,46,0.0,0.0,3.0,1.3333333333333333,1284.0,4148.476,1.3333333333333333,2.333333333333333,1.0,0,3.0,,3.0,5432.476,Other,1810.8253333333332,4074.357,137.57142857142858
533537,F,False,False,canada,montreal,YMX,35,1.0,1.0,1.0,1.0,4369.200000000001,669.6185,1.0,9.5,0.0,0,2.0,,3.0,5038.818500000001,Other,1679.6061666666671,5038.818500000001,153.30526315789476
533573,F,False,False,canada,windsor,YQG,47,1.0,0.0,1.0,1.0,93.0,302.009,1.0,1.0,1.0,0,2.0,,2.0,395.009,Other,197.5045,395.009,46.5
533598,F,False,False,usa,milwaukee,MKE,45,0.0,0.0,3.0,1.0,2827.2,432.8885,1.0,6.333333333333333,0.0,0,3.0,,3.0,3260.0885,Other,1086.6961666666666,3260.0885,148.8
533613,F,True,True,usa,oklahoma city,TIK,49,0.0,0.0,3.0,1.0,1633.2,896.73,1.0,2.6666666666666665,0.3333333333333333,0,3.0,,3.0,2529.9300000000003,Other,843.3100000000001,2529.9300000000003,204.15
533656,M,False,False,usa,boston,BOS,40,1.0,0.0,1.0,2.0,1219.8,2104.125,2.0,6.0,1.0,0,2.0,,2.0,3323.925,Other,1661.9625,1661.9625,50.824999999999996
533716,F,False,False,usa,tampa,TPA,51,2.0,0.0,1.0,1.0,463.6,1134.18,1.0,4.0,0.6666666666666666,0,3.0,,3.0,1597.7800000000002,Other,532.5933333333334,1597.7800000000002,38.63333333333333
533742,M,True,True,usa,el paso,BIF,35,1.0,0.0,2.0,1.0,170.0,1000.29,1.0,1.0,0.6666666666666666,0,3.0,,3.0,1170.29,Other,390.09666666666664,1170.29,56.666666666666664
533773,F,False,False,canada,calgary,YYC,32,1.0,1.0,2.0,1.3333333333333333,4340.0,1594.54,1.3333333333333333,6.0,0.6666666666666666,0,2.0,,4.0,5934.54,Other,1483.635,4450.905000000001,135.625
533782,F,True,False,usa,honolulu,HNL,55,0.0,1.0,2.0,1.0,2024.0,1848.24,1.0,4.333333333333333,1.0,0,2.0,,3.0,3872.24,Other,1290.7466666666667,3872.24,155.6923076923077
533990,F,False,True,canada,windsor,YQG,52,1.0,1.0,3.0,1.25,4048.0,2310.295,1.25,4.75,0.25,0,4.0,,5.0,6358.295,Other,1271.659,5086.636,136.35368421052632
534040,F,True,True,usa,chicago,ORD,57,0.0,1.0,1.0,1.0,4864.0,249.08,2.0,11.0,0.0,0,1.0,,2.0,5113.08,Other,2556.54,5113.08,110.54545454545455
534246,F,True,False,usa,houston,HOU,40,0.0,1.0,1.0,1.0,1489.0,49.97,1.0,6.0,0.0,0,1.0,,2.0,1538.97,Other,769.485,1538.97,124.08333333333333
534333,F,False,True,usa,houston,IAH,52,0.0,0.0,2.0,1.5,1400.0,1637.22,1.5,2.5,0.0,0,2.0,,2.0,3037.2200000000003,Other,1518.6100000000001,2024.8133333333335,186.66666666666669
534380,M,False,True,canada,saskatoon,YXE,39,0.0,0.0,3.0,1.3333333333333333,1733.0,5617.263000000001,1.0,6.0,0.3333333333333333,0,3.0,,3.0,7350.263000000001,Other,2450.087666666667,5512.697250000001,96.27777777777777
534391,F,True,False,canada,victoria,YYJ,51,0.0,0.0,3.0,1.0,2179.0,964.1055,1.0,3.6666666666666665,0.6666666666666666,0,3.0,,3.0,3143.1055,Other,1047.7018333333333,3143.1055,198.09090909090912
534499,F,True,True,usa,madison,MSN,34,0.0,1.0,0.0,,136.0,0.0,1.0,2.0,,0,0.0,,1.0,136.0,Other,136.0,,68.0
534697,F,True,False,usa,omaha,OMA,51,0.0,1.0,1.0,1.0,1147.0,284.12,1.5,4.5,0.0,0,1.0,,2.0,1431.12,Other,715.56,1431.12,84.96296296296296
534895,M,False,True,canada,winnipeg,YWG,35,0.0,0.0,2.0,1.0,906.0,708.1085,1.0,3.0,0.5,0,2.0,,2.0,1614.1085,Other,807.05425,1614.1085,151.0
534948,F,True,False,usa,colorado springs,COS,42,0.0,3.0,1.0,2.0,2658.6,1823.72,1.5,5.75,1.0,0,1.0,,4.0,4482.32,Other,1120.58,2241.16,77.06086956521739
535047,F,False,True,usa,rochester,ROC,48,0.0,0.0,4.0,1.25,2625.6000000000004,2361.16,1.25,3.5,0.5,0,3.0,,4.0,4986.76,Other,1246.69,3989.4080000000004,150.03428571428574
535081,F,True,False,usa,knoxville,TYS,41,0.0,2.0,2.0,1.0,4516.8,408.26,1.5,4.5,1.0,0,2.0,,4.0,4925.06,Other,1231.265,4925.06,167.2888888888889
535155,F,True,False,usa,nashville,BNA,55,0.0,0.0,1.0,1.0,144.0,595.66,1.0,1.0,1.0,0,1.0,,1.0,739.66,Other,739.66,739.66,144.0
535365,F,False,True,usa,los angeles,LAX,32,0.0,0.0,2.0,1.0,594.0,247.96,1.0,3.0,0.5,0,2.0,,2.0,841.96,Other,420.98,841.96,99.0
535600,F,False,False,usa,los angeles,LAX,39,1.0,1.0,1.0,1.0,3236.0,379.79,2.0,6.0,0.0,0,2.0,,3.0,3615.79,Other,1205.2633333333333,3615.79,89.8888888888889
535637,F,False,False,canada,calgary,YYC,34,0.0,2.0,1.0,1.0,939.0,539.85,1.0,3.6666666666666665,0.0,0,1.0,,3.0,1478.85,Other,492.95,1478.85,85.36363636363637
535644,F,True,False,usa,nashville,BNA,50,0.0,0.0,4.0,1.0,1735.2,1083.65,1.0,2.5,0.25,0,3.0,,4.0,2818.8500000000004,Other,704.7125000000001,2818.8500000000004,173.52
535747,F,False,False,usa,new york,JFK,28,0.0,1.0,1.0,1.0,3310.1,98.16,1.5,8.5,0.0,0,1.0,,2.0,3408.2599999999998,Other,1704.1299999999999,3408.2599999999998,129.80784313725488
535906,F,False,False,usa,new york,JFK,37,0.0,2.0,3.0,1.0,4873.0,866.807,1.0,5.0,0.3333333333333333,0,3.0,,5.0,5739.807,Other,1147.9614,5739.807,194.92000000000002
535994,F,False,True,usa,chicago,MDW,28,0.0,1.0,0.0,,1619.75,0.0,1.0,11.0,,0,0.0,,1.0,1619.75,Other,1619.75,,147.25
536099,F,False,True,usa,columbus,CMH,36,0.0,2.0,2.0,1.5,3264.0,644.1800000000001,1.25,5.25,0.0,0,2.0,,4.0,3908.1800000000003,Other,977.0450000000001,2605.4533333333334,124.34285714285713
536278,F,True,False,usa,tucson,DMA,41,0.0,1.0,2.0,2.5,3960.0,6171.02,2.0,8.0,0.5,0,2.0,,3.0,10131.02,Other,3377.0066666666667,4052.4080000000004,82.5
536343,M,False,False,usa,lubbock,LBB,41,1.0,0.0,1.0,2.5,1644.0,5541.88,4.0,3.0,0.5,0,2.0,,2.0,7185.88,Other,3592.94,2874.352,68.5
536532,F,True,True,usa,kansas city,MCI,50,0.0,1.0,2.0,1.0,1749.0,683.74,1.0,6.0,1.0,0,2.0,,3.0,2432.74,Other,810.9133333333333,2432.74,97.16666666666667
536566,F,False,False,usa,phoenix,PHX,54,0.0,0.0,2.0,1.0,451.0,863.4000000000001,1.0,2.5,0.5,0,2.0,,2.0,1314.4,Other,657.2,1314.4,90.2
536675,F,False,False,usa,minneapolis,MSP,30,1.0,0.0,2.0,1.0,555.0,791.2225000000001,1.0,1.5,0.6666666666666666,0,3.0,,3.0,1346.2225,Other,448.74083333333334,1346.2225,123.33333333333333
536691,M,False,False,usa,new york,LGA,42,3.0,0.0,2.0,1.4,2040.0,6539.7575,1.0,5.0,0.6,0,4.0,,5.0,8579.7575,Other,1715.9515,6128.398214285715,81.6
536810,F,False,False,usa,jacksonville,NCA,43,0.0,0.0,4.0,1.25,2954.0,1572.76,1.25,4.0,0.75,0,4.0,,4.0,4526.76,Other,1131.69,3621.4080000000004,147.7
536876,F,False,False,usa,minneapolis,MSP,32,0.0,0.0,1.0,1.0,224.0,190.69,1.0,1.0,1.0,0,1.0,,1.0,414.69,Other,414.69,414.69,224.0
537066,F,False,False,usa,chicago,UGN,40,2.0,1.0,3.0,1.0,1467.6,1665.2,1.0,3.25,0.2,0,5.0,,6.0,3132.8,Other,522.1333333333333,3132.8,75.26153846153846
537098,M,True,False,usa,denver,DEN,47,0.0,0.0,1.0,2.0,254.0,1542.928,2.0,1.0,1.0,0,1.0,,1.0,1796.928,Other,1796.928,898.464,127.0
537181,F,False,True,usa,los angeles,LAX,46,0.0,1.0,4.0,1.25,3704.95,4180.85,1.2,3.4,0.75,0,4.0,,5.0,7885.8,Other,1577.16,6308.64,181.61519607843138
537373,F,False,True,usa,new york,LGA,39,0.0,0.0,5.0,1.0,2665.1,2168.75,1.0,2.8,0.4,0,5.0,,5.0,4833.85,Other,966.7700000000001,4833.85,190.36428571428573
537393,F,False,False,usa,kansas city,MCI,47,1.0,0.0,3.0,1.5,1564.5,3318.4800000000005,1.6666666666666667,2.6666666666666665,0.5,0,4.0,,4.0,4882.9800000000005,Other,1220.7450000000001,3255.32,88.003125
537400,M,False,True,usa,san antonio,SAT,23,0.0,2.0,0.0,,5120.0,0.0,1.5,8.0,,0,0.0,,2.0,5120.0,Other,2560.0,,213.33333333333334
537470,F,True,True,usa,omaha,OFF,26,0.0,2.0,0.0,,599.9,0.0,1.0,4.0,,0,0.0,,2.0,599.9,Other,299.95,,74.9875
537507,F,False,False,usa,riverside,RIV,42,0.0,2.0,1.0,1.0,4992.0,952.48,1.3333333333333333,11.333333333333334,0.0,0,1.0,,3.0,5944.48,Other,1981.493333333333,5944.48,110.11764705882352
537560,F,True,False,usa,nashville,BNA,47,1.0,1.0,4.0,1.0,1463.6,913.8275,1.0,2.2,0.8,0,4.0,,6.0,2377.4275,Other,396.23791666666665,2377.4275,110.87878787878786
537748,F,False,False,usa,oakland,OAK,38,1.0,1.0,4.0,1.2,5663.0,4765.62,1.0,6.0,0.6,0,5.0,,6.0,10428.619999999999,Other,1738.1033333333332,8690.516666666666,157.30555555555557
537795,M,False,False,canada,montreal,YUL,25,0.0,0.0,1.0,2.0,190.0,837.8,2.0,1.0,1.0,0,1.0,,1.0,1027.8,Other,1027.8,513.9,95.0
537819,F,False,False,usa,chicago,ORD,40,0.0,1.0,3.0,1.0,3174.6,1032.17,1.25,2.75,1.0,0,3.0,,4.0,4206.77,Other,1051.6925,4206.77,230.88
537861,F,False,True,usa,spokane,SKA,42,0.0,1.0,2.0,1.0,1490.0,1091.49,1.0,5.666666666666667,0.0,0,1.0,,3.0,2581.49,Other,860.4966666666666,2581.49,87.6470588235294
537975,M,False,False,usa,santa ana,SNA,28,0.0,1.0,0.0,,360.0,0.0,1.0,6.0,,0,0.0,,1.0,360.0,Other,360.0,,60.0
538108,F,False,True,canada,toronto,YTZ,32,2.0,0.0,0.0,1.5,0.0,382.853,,,1.0,0,2.0,,2.0,382.853,Other,191.4265,255.23533333333333,
538134,M,True,False,usa,san antonio,SAT,56,1.0,0.0,2.0,1.6666666666666667,3172.0,3295.98,2.0,4.5,1.0,0,3.0,,3.0,6467.98,Other,2155.9933333333333,3880.7879999999996,117.48148148148147
538167,F,False,True,canada,toronto,YKZ,54,0.0,0.0,3.0,1.3333333333333333,1354.0,2007.37,1.3333333333333333,2.6666666666666665,0.6666666666666666,0,3.0,,3.0,3361.37,Other,1120.4566666666667,2521.0275,126.9375
538188,F,True,True,canada,hamilton,YHM,47,0.0,1.0,3.0,1.3333333333333333,3397.0,1551.0905,1.25,3.0,0.0,0,3.0,,4.0,4948.0905,Other,1237.022625,3711.067875,226.46666666666667
538197,F,False,False,canada,calgary,YYC,47,0.0,0.0,4.0,1.0,888.8,1889.261,1.0,2.25,0.25,0,4.0,,4.0,2778.0609999999997,Other,694.5152499999999,2778.0609999999997,98.75555555555555
538321,F,False,True,usa,san antonio,SKF,30,1.0,1.0,0.0,1.0,2835.0,368.594,1.0,9.0,0.0,0,1.0,,2.0,3203.594,Other,1601.797,3203.594,157.5
538331,F,False,True,usa,portland,PDX,42,1.0,1.0,3.0,1.25,6509.0,1981.14,1.25,5.5,0.75,0,4.0,,5.0,8490.14,Other,1698.0279999999998,6792.111999999999,189.3527272727273
538457,F,False,False,usa,philadelphia,PHL,31,0.0,0.0,3.0,1.0,1196.1,864.99,1.0,3.333333333333333,1.0,0,3.0,,3.0,2061.09,Other,687.0300000000001,2061.09,119.61000000000001
538522,F,False,False,canada,montreal,YMX,35,0.0,0.0,4.0,1.25,2633.0,995.944,1.25,3.25,0.5,0,4.0,,4.0,3628.944,Other,907.236,2903.1552,162.03076923076924
538691,F,True,False,canada,montreal,YMX,53,0.0,1.0,3.0,1.0,2540.0,684.1800000000001,1.25,4.0,0.6666666666666666,0,3.0,,4.0,3224.1800000000003,Other,806.0450000000001,3224.1800000000003,127.0
538696,F,False,True,usa,shreveport,BAD,27,0.0,2.0,0.0,,282.0,0.0,1.0,2.0,,0,0.0,,2.0,282.0,Other,141.0,,70.5
538714,F,True,False,usa,norfolk,ORF,41,0.0,0.0,3.0,2.0,1700.0,6544.234,2.0,2.6666666666666665,0.3333333333333333,0,3.0,,3.0,8244.234,Other,2748.078,4122.117,106.25
538780,F,True,True,usa,los angeles,LAX,49,0.0,0.0,3.0,1.0,2236.0,1608.62,1.0,5.0,0.3333333333333333,0,3.0,,3.0,3844.62,Other,1281.54,3844.62,149.06666666666666
538883,F,True,False,usa,new york,JFK,40,0.0,0.0,2.0,1.0,816.0,533.9399999999999,1.0,4.0,0.5,0,2.0,,2.0,1349.94,Other,674.97,1349.94,102.0
539093,F,True,False,usa,miami,TNT,55,0.0,0.0,3.0,1.0,1319.65,1301.93,1.0,3.6666666666666665,0.3333333333333333,0,3.0,,3.0,2621.58,Other,873.86,2621.58,119.96818181818183
539105,M,True,True,usa,los angeles,LAX,47,0.0,0.0,1.0,1.0,64.0,293.1055,1.0,1.0,1.0,0,1.0,,1.0,357.1055,Other,357.1055,357.1055,64.0
539300,F,False,False,usa,new york,JFK,42,2.0,0.0,1.0,1.0,161.0,1231.05,1.0,1.0,1.0,0,3.0,,3.0,1392.05,Other,464.01666666666665,1392.05,53.666666666666664
539315,F,True,True,canada,vancouver,YVR,56,0.0,0.0,3.0,1.3333333333333333,1530.0,2179.2200000000003,1.3333333333333333,2.333333333333333,0.6666666666666666,0,3.0,,3.0,3709.2200000000003,Other,1236.4066666666668,2781.9150000000004,163.92857142857144
539317,F,False,True,usa,wichita,ICT,41,0.0,1.0,4.0,1.25,3707.7,1625.78,1.2,3.4,0.25,0,4.0,,5.0,5333.48,Other,1066.696,4266.784,181.75000000000003
539414,F,True,True,usa,fort worth,FTW,38,0.0,1.0,2.0,1.0,3428.5,450.8225,1.0,4.666666666666667,0.0,0,2.0,,3.0,3879.3225,Other,1293.1075,3879.3225,244.8928571428571
539510,F,False,True,usa,tulsa,TUL,46,0.0,1.0,3.0,1.0,2473.4,905.1,1.0,5.5,0.6666666666666666,0,3.0,,4.0,3378.5,Other,844.625,3378.5,112.42727272727274
539519,F,True,False,usa,corpus christi,CRP,43,0.0,1.0,2.0,1.0,1389.0,916.32,1.0,3.333333333333333,0.5,0,2.0,,3.0,2305.32,Other,768.44,2305.32,138.9
539558,M,False,True,usa,new york,LGA,41,0.0,0.0,4.0,1.5,2361.0,1564.66,1.5,3.5,0.25,0,4.0,,4.0,3925.66,Other,981.415,2617.1066666666666,112.42857142857143
539611,F,True,False,usa,new york,JFK,40,0.0,0.0,3.0,1.0,835.0,990.33,1.0,3.0,0.6666666666666666,0,3.0,,3.0,1825.33,Other,608.4433333333333,1825.33,92.77777777777777
539671,F,True,False,canada,calgary,YYC,47,0.0,0.0,1.0,1.0,312.0,549.43,1.0,3.0,1.0,0,1.0,,1.0,861.43,Other,861.43,861.43,104.0
539899,M,False,False,usa,new york,LGA,23,1.0,0.0,0.0,2.0,0.0,206.86,,,1.0,0,1.0,,1.0,206.86,Other,206.86,103.43,
539936,F,False,False,usa,seattle,BFI,55,0.0,0.0,2.0,1.5,901.0,3392.77,1.5,2.5,0.5,0,2.0,,2.0,4293.77,Other,2146.885,2862.513333333334,120.13333333333333
540094,F,True,True,usa,chicago,MDW,47,1.0,0.0,2.0,1.0,274.0,1032.78,1.0,1.0,1.0,0,3.0,,3.0,1306.78,Other,435.5933333333333,1306.78,91.33333333333333
540150,F,False,True,usa,phoenix,PHX,37,0.0,0.0,2.0,1.0,924.0,688.31,1.0,3.0,0.5,0,1.0,,2.0,1612.31,Other,806.155,1612.31,154.0
540252,F,False,False,usa,baltimore,BWI,40,0.0,1.0,1.0,1.0,2400.0,221.33,1.5,6.0,1.0,0,1.0,,2.0,2621.33,Other,1310.665,2621.33,133.33333333333334
540253,F,True,False,usa,san francisco,SFO,50,0.0,0.0,1.0,1.0,568.0,412.3,1.0,4.0,1.0,0,1.0,,1.0,980.3,Other,980.3,980.3,142.0
540260,F,True,False,usa,milwaukee,MKE,45,0.0,0.0,3.0,1.6666666666666667,1576.0,2150.34,1.6666666666666667,1.3333333333333333,1.0,0,3.0,,3.0,3726.34,Other,1242.1133333333335,2235.804,236.4
540308,M,False,False,usa,nashville,BNA,57,0.0,0.0,1.0,1.0,89.0,130.38,1.0,1.0,1.0,0,1.0,,1.0,219.38,Other,219.38,219.38,89.0
540415,F,False,False,usa,new york,LGA,55,0.0,0.0,2.0,1.0,785.0,1096.29,1.0,3.0,0.5,0,2.0,,2.0,1881.29,Other,940.645,1881.29,130.83333333333334
540444,F,True,False,usa,burlington,BTV,50,1.0,1.0,2.0,1.6666666666666667,2727.8,1862.94,1.3333333333333333,2.6666666666666665,0.6666666666666666,0,3.0,,4.0,4590.74,Other,1147.685,2754.444,191.79843750000003
540475,F,False,False,usa,new york,LGA,38,0.0,1.0,1.0,1.0,3880.4,27.99,1.5,7.5,1.0,0,1.0,,2.0,3908.39,Other,1954.195,3908.39,172.46222222222224
540698,F,True,False,usa,los angeles,LAX,53,0.0,0.0,3.0,1.0,947.05,1092.85,1.0,2.333333333333333,0.0,0,3.0,,3.0,2039.8999999999999,Other,679.9666666666666,2039.8999999999999,135.29285714285717
540733,F,False,False,canada,montreal,YMX,37,1.0,1.0,2.0,1.3333333333333333,2489.5,1234.13,1.3333333333333333,3.0,0.3333333333333333,0,2.0,,4.0,3723.63,Other,930.9075,2792.7225000000003,155.59375
540973,F,False,False,usa,portland,PDX,34,0.0,0.0,3.0,1.0,699.0,1534.52,1.0,1.0,1.0,0,3.0,,3.0,2233.52,Other,744.5066666666667,2233.52,233.0
540974,M,False,False,usa,baton rouge,BTR,35,0.0,1.0,1.0,1.0,609.0,227.72,1.0,3.0,1.0,0,1.0,,2.0,836.72,Other,418.36,836.72,101.5
541357,F,False,False,usa,buffalo,BUF,44,1.0,0.0,3.0,1.0,1054.4,1709.227,1.0,2.0,0.75,0,4.0,,4.0,2763.6270000000004,Other,690.9067500000001,2763.6270000000004,131.8
541700,M,True,False,usa,san diego,SAN,47,1.0,0.0,1.0,1.0,1416.0,696.0125,1.0,6.0,1.0,0,2.0,,2.0,2112.0125,Other,1056.00625,2112.0125,118.0
541812,F,True,True,canada,toronto,YZD,49,1.0,1.0,4.0,1.2,4444.0,1580.33,1.6,3.0,0.2,0,5.0,,6.0,6024.33,Other,1004.055,5020.275000000001,154.30555555555554
541967,F,True,False,usa,new york,JFK,44,1.0,0.0,3.0,1.75,1959.0,4439.79,2.0,2.0,1.0,0,4.0,,4.0,6398.79,Other,1599.6975,3656.4514285714286,122.4375
542015,F,True,False,usa,new york,LGA,44,0.0,2.0,4.0,1.0,5097.6,1890.4,1.1666666666666667,5.166666666666667,1.0,0,3.0,,6.0,6988.0,Other,1164.6666666666667,6988.0,140.947465437788
542027,F,False,True,usa,lubbock,LBB,40,0.0,1.0,3.0,1.0,2528.0,648.366,1.25,3.0,0.3333333333333333,0,3.0,,4.0,3176.366,Other,794.0915,3176.366,168.53333333333333
542153,F,False,False,usa,san jose,SJC,50,0.0,0.0,2.0,1.0,1123.0,1034.89,1.0,2.5,0.5,0,2.0,,2.0,2157.8900000000003,Other,1078.9450000000002,2157.8900000000003,224.6
542230,F,True,False,usa,philadelphia,PNE,50,0.0,0.0,1.0,3.0,3000.0,3935.94,3.0,4.0,0.0,0,1.0,,1.0,6935.9400000000005,Other,6935.9400000000005,2311.98,250.0
542277,F,False,False,canada,london,YXU,37,0.0,0.0,2.0,1.0,1478.0,982.94,1.0,3.0,1.0,0,2.0,,2.0,2460.94,Other,1230.47,2460.94,246.33333333333334
542303,F,True,True,usa,cleveland,CLE,44,0.0,0.0,1.0,2.0,828.0,828.62,2.0,3.0,0.0,0,1.0,,1.0,1656.62,Other,1656.62,828.31,138.0
542366,F,True,False,usa,atlanta,ATL,50,0.0,0.0,3.0,1.0,699.4,453.13,1.0,1.6666666666666667,0.6666666666666666,0,3.0,,3.0,1152.53,Other,384.1766666666667,1152.53,139.88
542383,M,False,False,usa,dallas,DAL,45,0.0,0.0,3.0,1.0,658.0,1033.67,1.0,1.6666666666666667,0.6666666666666666,0,3.0,,3.0,1691.67,Other,563.89,1691.67,131.6
542570,F,True,False,usa,austin,AUS,59,0.0,0.0,1.0,1.0,252.0,327.66,1.0,2.0,1.0,0,1.0,,1.0,579.6600000000001,Other,579.6600000000001,579.6600000000001,126.0
542585,F,True,True,usa,cleveland,CLE,53,1.0,1.0,1.0,1.5,1674.4,805.1300000000001,1.0,5.0,0.5,0,2.0,,3.0,2479.53,Other,826.5100000000001,1653.0200000000002,111.62666666666667
542658,F,False,False,usa,phoenix,PHX,28,2.0,0.0,1.0,1.3333333333333333,274.0,3199.0285,2.0,1.0,0.6666666666666666,0,3.0,,3.0,3473.0285,Other,1157.6761666666666,2604.7713750000003,45.666666666666664
542706,F,False,False,canada,calgary,YYC,20,0.0,1.0,0.0,,930.0,0.0,1.0,10.0,,0,0.0,,1.0,930.0,Other,930.0,,93.0
542767,F,False,False,usa,phoenix,LUF,43,0.0,0.0,2.0,1.0,1587.9,2340.87,1.0,8.5,0.5,0,2.0,,2.0,3928.77,Other,1964.385,3928.77,93.40588235294118
542796,M,False,False,usa,long beach,LGB,50,2.0,0.0,2.0,1.75,308.0,11493.675,1.0,1.0,0.75,0,3.0,,4.0,11801.675,Other,2950.41875,6743.814285714286,77.0
543052,F,True,False,usa,seattle,SEA,42,2.0,0.0,3.0,1.4,738.0,6833.47,1.0,2.333333333333333,0.4,0,4.0,,5.0,7571.47,Other,1514.294,5408.192857142858,63.25714285714286
543114,F,True,False,usa,new york,JFK,55,0.0,1.0,4.0,1.0,4240.9,1954.47,1.0,3.6,0.5,0,3.0,,5.0,6195.37,Other,1239.074,6195.37,235.60555555555553
543126,F,False,False,canada,toronto,YKZ,19,0.0,1.0,2.0,2.0,1369.5,1168.19,1.6666666666666667,4.0,1.0,0,2.0,,3.0,2537.69,Other,845.8966666666666,1268.845,68.475
543271,F,False,False,usa,honolulu,HNL,42,0.0,0.0,2.0,1.5,941.0,6972.1900000000005,1.5,2.0,1.0,0,2.0,,2.0,7913.1900000000005,Other,3956.5950000000003,5275.46,156.83333333333334
543339,F,False,False,canada,montreal,YMX,30,0.0,0.0,3.0,1.0,2774.0,2073.06,1.0,6.333333333333333,0.3333333333333333,0,2.0,,3.0,4847.0599999999995,Other,1615.6866666666665,4847.0599999999995,146.0
543385,F,False,False,usa,new york,JFK,42,0.0,1.0,5.0,1.6,3895.0,3398.232,1.5,2.833333333333333,0.4,0,4.0,,6.0,7293.232,Other,1215.5386666666666,4558.2699999999995,152.7450980392157
543428,F,False,True,usa,portland,PWM,36,0.0,2.0,0.0,,1839.0,0.0,1.0,7.0,,0,0.0,,2.0,1839.0,Other,919.5,,131.35714285714286
543476,F,True,True,usa,oklahoma city,TIK,37,0.0,1.0,0.0,,462.4,0.0,1.0,8.0,,0,0.0,,1.0,462.4,Other,462.4,,57.8
543671,F,True,True,usa,phoenix,LUF,54,0.0,1.0,1.0,1.0,1348.1999999999998,288.21,1.5,2.5,0.0,0,1.0,,2.0,1636.4099999999999,Other,818.2049999999999,1636.4099999999999,179.75999999999996
543716,F,True,True,usa,philadelphia,PNE,42,0.0,0.0,4.0,1.25,2525.0,2285.64,1.25,2.5,1.0,0,4.0,,4.0,4810.639999999999,Other,1202.6599999999999,3848.5119999999997,202.0
543778,F,True,True,usa,new york,JFK,58,0.0,1.0,3.0,1.0,1234.8000000000002,1133.5984999999998,1.0,3.25,0.3333333333333333,0,3.0,,4.0,2368.3985000000002,Other,592.0996250000001,2368.3985000000002,94.9846153846154
543885,F,True,False,usa,baton rouge,BTR,42,0.0,1.0,0.0,,936.0,0.0,2.0,6.0,,0,0.0,,1.0,936.0,Other,936.0,,78.0
543968,F,False,False,usa,modesto,MOD,38,0.0,0.0,6.0,1.0,3565.1,3536.079,1.0,2.6666666666666665,0.5,0,6.0,,6.0,7101.179,Other,1183.5298333333333,7101.179,222.81875
544012,F,False,True,usa,tulsa,TUL,50,0.0,1.0,3.0,1.3333333333333333,3015.0,340.956,1.5,3.0,0.3333333333333333,0,3.0,,4.0,3355.956,Other,838.989,2516.967,167.5
544043,F,False,True,usa,santa ana,SNA,43,0.0,1.0,3.0,1.0,1245.55,592.83,1.0,2.75,0.6666666666666666,0,3.0,,4.0,1838.38,Other,459.595,1838.38,113.23181818181818
544256,F,True,False,usa,birmingham,BHM,46,0.0,0.0,1.0,2.0,288.0,1150.06,2.0,3.0,1.0,0,1.0,,1.0,1438.06,Other,1438.06,719.03,48.0
544391,M,True,True,usa,phoenix,LUF,46,0.0,1.0,2.0,1.0,3177.8,533.2885,1.3333333333333333,4.0,0.5,0,2.0,,3.0,3711.0885000000003,Other,1237.0295,3711.0885000000003,198.6125
544444,F,False,False,usa,dallas,DAL,56,0.0,0.0,2.0,1.5,1182.0,426.796,1.5,3.0,0.5,0,2.0,,2.0,1608.796,Other,804.398,1072.5306666666668,131.33333333333334
544447,M,True,False,canada,edmonton,YEG,44,1.0,1.0,0.0,1.0,134.9,316.94,1.0,1.0,1.0,0,1.0,,2.0,451.84000000000003,Other,225.92000000000002,451.84000000000003,67.45
544627,F,False,True,usa,chicago,MDW,46,1.0,0.0,3.0,1.0,1039.0,1008.76,1.0,3.6666666666666665,0.75,0,4.0,,4.0,2047.76,Other,511.94,2047.76,70.8409090909091
544647,F,False,False,canada,edmonton,YEG,28,0.0,1.0,0.0,,602.0,0.0,1.0,7.0,,0,0.0,,1.0,602.0,Other,602.0,,86.0
544698,F,True,True,usa,new york,LGA,38,0.0,1.0,0.0,,635.0,0.0,1.0,5.0,,0,0.0,,1.0,635.0,Other,635.0,,127.0
544747,M,False,False,usa,phoenix,PHX,35,0.0,1.0,3.0,1.0,2270.5,1058.111,1.0,4.75,1.0,0,3.0,,4.0,3328.611,Other,832.15275,3328.611,119.5
545011,F,True,True,usa,memphis,MEM,56,1.0,0.0,3.0,1.25,3400.7000000000003,2042.09,1.3333333333333333,3.0,1.0,0,4.0,,4.0,5442.79,Other,1360.6975,4354.232,212.54375000000005
545317,F,False,True,usa,austin,AUS,42,1.0,0.0,5.0,1.1666666666666667,2644.6,2461.597,1.2,2.8,0.5,0,6.0,,6.0,5106.197,Other,851.0328333333333,4376.740285714285,131.18055555555557
545327,F,True,True,usa,milwaukee,MKE,30,0.0,1.0,3.0,1.3333333333333333,903.0,708.54,1.25,1.75,0.3333333333333333,0,3.0,,4.0,1611.54,Other,402.885,1208.655,103.2
545345,F,False,False,usa,reno,RNO,35,0.0,0.0,1.0,1.0,430.0,291.71,1.0,2.0,1.0,0,1.0,,1.0,721.71,Other,721.71,721.71,215.0
545360,M,False,False,usa,oklahoma city,OKC,40,1.0,1.0,0.0,1.0,672.0,423.1,1.0,4.0,0.0,0,1.0,,2.0,1095.1,Other,547.55,1095.1,84.0
545652,F,False,False,usa,fayetteville,FYV,45,0.0,0.0,3.0,1.0,829.0,936.78,1.0,2.333333333333333,0.0,0,3.0,,3.0,1765.78,Other,588.5933333333334,1765.78,118.42857142857143
545771,F,False,False,usa,fayetteville,FYV,56,0.0,0.0,2.0,1.0,450.0,499.8,1.0,2.5,0.0,0,2.0,,2.0,949.8,Other,474.9,949.8,90.0
545803,F,False,True,usa,des moines,DSM,55,0.0,0.0,3.0,1.0,1246.0,971.43,1.0,4.0,0.6666666666666666,0,3.0,,3.0,2217.43,Other,739.1433333333333,2217.43,103.83333333333333
545810,F,False,True,usa,phoenix,LUF,24,0.0,1.0,0.0,,1236.9,0.0,1.0,7.0,,0,0.0,,1.0,1236.9,Other,1236.9,,176.70000000000002
545848,F,True,True,usa,los angeles,LAX,51,0.0,1.0,0.0,,738.0,0.0,3.0,6.0,,0,0.0,,1.0,738.0,Other,738.0,,41.0
545865,F,True,False,usa,newark,EWR,43,1.0,0.0,3.0,1.0,1753.6,1482.59,1.0,3.0,0.75,0,4.0,,4.0,3236.1899999999996,Other,809.0474999999999,3236.1899999999996,146.13333333333333
545958,F,False,False,usa,houston,IAH,59,1.0,0.0,0.0,1.0,0.0,230.74,,,0.0,0,1.0,,1.0,230.74,Other,230.74,230.74,
546065,M,True,True,usa,omaha,OMA,49,0.0,0.0,3.0,1.0,1044.0,884.27,1.0,5.333333333333333,0.3333333333333333,0,3.0,,3.0,1928.27,Other,642.7566666666667,1928.27,65.25
546399,F,False,False,usa,el paso,BIF,38,1.0,0.0,0.0,1.0,0.0,256.53,,,0.0,0,1.0,,1.0,256.53,Other,256.53,256.53,
546470,F,True,False,usa,new york,LGA,44,1.0,0.0,0.0,1.0,0.0,592.55,,,0.0,0,1.0,,1.0,592.55,Other,592.55,592.55,
546648,F,True,True,usa,san jose,SJC,41,1.0,1.0,2.0,1.0,3982.0,1433.164,1.3333333333333333,4.333333333333333,0.6666666666666666,0,3.0,,4.0,5415.164,Other,1353.791,5415.164,172.29807692307693
546664,F,True,False,usa,shreveport,BAD,35,0.0,0.0,1.0,1.0,803.6999999999999,40.69,1.0,6.0,1.0,0,1.0,,1.0,844.3899999999999,Other,844.3899999999999,844.3899999999999,133.95
546740,F,False,False,usa,new york,JFK,43,0.0,0.0,2.0,1.0,408.0,1147.9,1.0,2.0,1.0,0,2.0,,2.0,1555.9,Other,777.95,1555.9,102.0
546756,F,False,False,usa,fayetteville,FYV,47,1.0,0.0,1.0,1.5,1912.0,1574.78,2.0,4.0,0.0,0,2.0,,2.0,3486.7799999999997,Other,1743.3899999999999,2324.52,119.5
546844,F,True,True,canada,edmonton,YED,47,0.0,0.0,5.0,1.0,1303.0,2046.544,1.0,1.6,0.6,0,5.0,,5.0,3349.544,Other,669.9087999999999,3349.544,162.875
546900,F,False,False,usa,san antonio,SAT,40,0.0,0.0,3.0,1.0,2392.0,1068.689,1.0,4.666666666666667,0.6666666666666666,0,3.0,,3.0,3460.6890000000003,Other,1153.563,3460.6890000000003,170.85714285714286
547320,F,False,False,usa,knoxville,TYS,31,0.0,1.0,0.0,,1273.95,0.0,1.0,9.0,,0,0.0,,1.0,1273.95,Other,1273.95,,141.55
547453,F,False,True,usa,st. louis,STL,31,0.0,1.0,2.0,1.0,1200.5,846.16,1.0,2.333333333333333,0.5,0,2.0,,3.0,2046.6599999999999,Other,682.2199999999999,2046.6599999999999,171.50000000000003
547606,F,True,True,usa,little rock,LIT,58,0.0,0.0,3.0,1.3333333333333333,906.0,2194.73,1.3333333333333333,2.0,0.3333333333333333,0,3.0,,3.0,3100.73,Other,1033.5766666666666,2325.5475,113.25
547617,F,True,False,usa,charlotte,CLT,55,2.0,1.0,0.0,1.0,1000.0,677.13,1.0,8.0,0.0,0,2.0,,3.0,1677.13,Other,559.0433333333334,1677.13,41.666666666666664
547663,F,False,False,canada,london,YXU,46,0.0,0.0,2.0,1.0,1044.3,1318.64,1.0,3.5,0.0,0,2.0,,2.0,2362.94,Other,1181.47,2362.94,149.18571428571428
547761,F,False,False,usa,las vegas,LAS,51,0.0,0.0,2.0,1.0,783.0,885.8785,1.0,5.0,0.5,0,2.0,,2.0,1668.8785,Other,834.43925,1668.8785,78.3
547779,F,True,True,usa,los angeles,LAX,44,0.0,0.0,3.0,1.3333333333333333,2866.0,1894.125,1.3333333333333333,4.333333333333333,1.0,0,3.0,,3.0,4760.125,Other,1586.7083333333333,3570.09375,165.3461538461539
547792,F,False,True,usa,seattle,BFI,40,2.0,1.0,2.0,1.5,2350.0,3975.528,1.3333333333333333,4.666666666666667,0.5,0,4.0,,5.0,6325.528,Other,1265.1056,4217.018666666667,75.53571428571428
548032,F,False,False,usa,chicago,ORD,44,1.0,0.0,2.0,1.6666666666666667,1322.0,1847.83,2.0,1.5,0.6666666666666666,0,3.0,,3.0,3169.83,Other,1056.61,1901.898,146.88888888888889
548037,F,True,False,usa,new york,JFK,50,0.0,0.0,2.0,1.0,662.0,1153.94,1.0,2.0,1.0,0,2.0,,2.0,1815.94,Other,907.97,1815.94,165.5
548120,F,False,False,usa,tampa,MCF,49,1.0,0.0,2.0,1.0,317.1,939.494,1.0,1.0,1.0,0,3.0,,3.0,1256.594,Other,418.86466666666666,1256.594,105.7
548185,F,False,False,usa,long beach,LGB,29,0.0,2.0,0.0,,2916.0,0.0,1.5,8.0,,0,0.0,,2.0,2916.0,Other,1458.0,,121.5
548256,F,True,True,usa,cleveland,CLE,44,1.0,1.0,2.0,1.0,1570.0,844.44,1.0,3.0,0.3333333333333333,0,3.0,,4.0,2414.44,Other,603.61,2414.44,130.83333333333334
548258,M,False,False,usa,louisville,LOU,46,0.0,0.0,6.0,1.0,2452.4,1747.08,1.0,2.1666666666666665,0.3333333333333333,0,5.0,,6.0,4199.48,Other,699.9133333333333,4199.48,188.64615384615388
548474,F,True,True,usa,anchorage,ANC,35,1.0,2.0,0.0,1.0,3529.0,689.31,1.0,7.0,0.0,0,1.0,,3.0,4218.3099999999995,Other,1406.1033333333332,4218.3099999999995,168.04761904761904
548488,F,False,False,usa,new york,JFK,38,0.0,0.0,3.0,1.3333333333333333,1042.0,1080.4299999999998,1.3333333333333333,1.6666666666666667,0.6666666666666666,0,3.0,,3.0,2122.43,Other,707.4766666666666,1591.8225,156.29999999999998
548651,F,True,True,usa,milwaukee,MKE,46,1.0,0.0,4.0,1.4,1536.6,2795.1695,1.5,2.0,0.4,0,5.0,,5.0,4331.7695,Other,866.3539000000001,3094.1210714285717,102.44
548853,F,True,False,canada,quebec,YQB,55,1.0,1.0,1.0,2.0,1554.0,3142.4595,1.0,3.0,1.0,0,2.0,,3.0,4696.4595,Other,1565.4865,2348.22975,172.66666666666666
548872,F,False,True,usa,chicago,MDW,22,0.0,1.0,0.0,,664.0,0.0,1.0,4.0,,0,0.0,,1.0,664.0,Other,664.0,,166.0
548990,F,False,False,usa,los angeles,LAX,34,0.0,1.0,1.0,1.0,434.4,687.54,1.0,4.0,1.0,0,1.0,,2.0,1121.94,Other,560.97,1121.94,54.3
549154,M,True,True,canada,toronto,YKZ,51,0.0,2.0,3.0,1.0,4261.6,1066.262,1.2,5.2,0.3333333333333333,0,3.0,,5.0,5327.862,Other,1065.5724,5327.862,136.5897435897436
549235,F,True,True,usa,los angeles,LAX,43,0.0,2.0,0.0,,4042.0,0.0,1.5,7.5,,0,0.0,,2.0,4042.0,Other,2021.0,,179.64444444444445
549251,F,False,True,usa,los angeles,LAX,32,1.0,0.0,1.0,1.0,492.0,1377.56,1.0,3.0,0.0,0,2.0,,2.0,1869.56,Other,934.78,1869.56,82.0
549290,M,False,False,usa,norfolk,ORF,20,0.0,1.0,0.0,,1782.0,0.0,1.0,11.0,,0,0.0,,1.0,1782.0,Other,1782.0,,162.0
549320,F,False,True,usa,long beach,LGB,19,0.0,2.0,0.0,,1704.0,0.0,1.0,4.5,,0,0.0,,2.0,1704.0,Other,852.0,,189.33333333333334
549357,F,False,False,usa,new orleans,MSY,48,1.0,0.0,1.0,1.0,655.5,583.501,1.0,5.0,1.0,0,2.0,,2.0,1239.001,Other,619.5005,1239.001,65.55
549515,F,False,True,canada,ottawa,YOW,45,1.0,1.0,3.0,1.25,2517.4,3337.5819999999994,1.25,2.5,0.5,0,4.0,,5.0,5854.982,Other,1170.9964,4683.9856,161.1136
549569,F,True,False,usa,minneapolis,MSP,50,1.0,0.0,2.0,1.3333333333333333,970.8,1967.416,1.0,2.5,0.6666666666666666,0,3.0,,3.0,2938.216,Other,979.4053333333333,2203.6620000000003,129.44
549572,F,False,True,usa,new york,LGA,56,0.0,0.0,4.0,1.5,1938.6,2299.67,1.5,2.75,0.5,0,4.0,,4.0,4238.27,Other,1059.5675,2825.513333333334,117.49090909090908
549733,M,False,False,usa,chicago,ORD,37,1.0,0.0,1.0,1.0,1775.0,2217.45,1.0,5.0,0.5,0,2.0,,2.0,3992.45,Other,1996.225,3992.45,177.5
549850,F,False,False,canada,winnipeg,YAV,52,0.0,0.0,4.0,1.0,1181.0,1251.7225,1.0,5.5,0.25,0,4.0,,4.0,2432.7225,Other,608.180625,2432.7225,53.68181818181818
549894,F,True,True,usa,denver,DEN,51,1.0,0.0,0.0,1.0,0.0,232.92,,,0.0,0,1.0,,1.0,232.92,Other,232.92,232.92,
549988,F,True,False,usa,los angeles,LAX,52,1.0,0.0,0.0,1.0,0.0,658.47,,,1.0,0,1.0,,1.0,658.47,Other,658.47,658.47,
550229,F,False,False,canada,edmonton,YEG,40,0.0,0.0,3.0,1.3333333333333333,899.0,2636.33,1.3333333333333333,2.333333333333333,0.3333333333333333,0,3.0,,3.0,3535.33,Other,1178.4433333333334,2651.4975,96.3214285714286
550298,F,False,False,usa,las vegas,LSV,26,0.0,1.0,0.0,,528.0,0.0,1.0,8.0,,0,0.0,,1.0,528.0,Other,528.0,,66.0
550426,F,True,True,canada,windsor,YQG,51,0.0,1.0,3.0,1.0,6433.9,265.353,1.0,7.25,0.0,0,3.0,,4.0,6699.253,Other,1674.81325,6699.253,221.85862068965517
550455,F,True,True,usa,jacksonville,NZC,53,0.0,1.0,1.0,1.0,1660.0,715.94,1.5,5.0,0.0,0,1.0,,2.0,2375.94,Other,1187.97,2375.94,110.66666666666667
550754,F,True,True,usa,tulsa,TUL,54,0.0,0.0,3.0,1.0,3476.0,551.704,1.0,4.666666666666667,0.3333333333333333,0,3.0,,3.0,4027.7039999999997,Other,1342.568,4027.7039999999997,248.28571428571428
550973,F,False,False,usa,detroit,YIP,45,0.0,0.0,4.0,1.0,609.0,630.606,1.0,1.5,0.75,0,4.0,,4.0,1239.606,Other,309.9015,1239.606,101.5
550985,F,False,False,usa,laredo,LRD,49,0.0,0.0,2.0,2.0,511.65,4733.25,2.0,3.0,0.0,0,1.0,,2.0,5244.9,Other,2622.45,2622.45,42.637499999999996
551051,F,False,True,canada,london,YXU,50,0.0,1.0,0.0,,567.0,0.0,1.0,9.0,,0,0.0,,1.0,567.0,Other,567.0,,63.0
551116,F,False,False,canada,ottawa,YOW,41,0.0,0.0,2.0,1.0,2544.0,1106.4499999999998,1.0,5.5,1.0,0,2.0,,2.0,3650.45,Other,1825.225,3650.45,231.27272727272728
551241,M,False,False,usa,los angeles,LAX,31,1.0,1.0,1.0,1.0,1269.0,1015.15,1.0,4.0,0.5,0,2.0,,3.0,2284.15,Other,761.3833333333333,2284.15,105.75
551282,F,True,False,usa,oakland,OAK,56,0.0,0.0,4.0,1.0,1047.1,757.4014999999999,1.0,2.0,0.75,0,3.0,,4.0,1804.5014999999999,Other,451.12537499999996,1804.5014999999999,130.8875
551331,F,True,True,canada,winnipeg,YWG,51,0.0,0.0,3.0,1.3333333333333333,2070.2,1606.2565,1.3333333333333333,3.0,1.0,0,3.0,,3.0,3676.4565,Other,1225.4855,2757.342375,172.51666666666665
551359,F,False,False,usa,denver,DEN,47,0.0,2.0,3.0,1.0,5963.0,1026.53,1.2,4.8,1.0,0,2.0,,5.0,6989.53,Other,1397.906,6989.53,207.04861111111111
551430,F,False,True,canada,vancouver,YVR,45,0.0,0.0,2.0,1.5,1021.0,3318.2,1.5,2.0,1.0,0,2.0,,2.0,4339.2,Other,2169.6,2892.7999999999997,170.16666666666666
551448,F,True,False,usa,grand rapids,GRR,49,1.0,0.0,2.0,1.3333333333333333,222.1,2248.556,1.0,1.0,0.3333333333333333,0,3.0,,3.0,2470.656,Other,823.552,1852.992,74.03333333333333
551567,F,True,False,usa,los angeles,LAX,52,0.0,0.0,6.0,1.1666666666666667,4110.0,5769.382500000001,1.1666666666666667,3.333333333333333,0.8333333333333334,0,5.0,,6.0,9879.3825,Other,1646.56375,8468.042142857143,176.14285714285714
551615,F,True,False,usa,omaha,OFF,31,1.0,1.0,0.0,1.0,464.0,235.86,1.0,4.0,0.0,0,1.0,,2.0,699.86,Other,349.93,699.86,58.0
551620,F,False,False,usa,chicago,UGN,31,1.0,1.0,1.0,1.0,662.25,654.655,1.5,3.0,0.0,0,2.0,,3.0,1316.905,Other,438.9683333333333,1316.905,49.05555555555555
551662,F,False,False,usa,san diego,SAN,47,0.0,0.0,1.0,1.0,297.0,519.88,1.0,3.0,0.0,0,1.0,,1.0,816.88,Other,816.88,816.88,99.0
551847,F,True,False,usa,washington,DCA,38,0.0,0.0,2.0,1.0,2422.0,524.66,1.0,6.5,0.5,0,2.0,,2.0,2946.66,Other,1473.33,2946.66,186.30769230769232
551914,F,False,False,canada,calgary,YYC,53,0.0,0.0,2.0,1.0,355.0,1172.72,1.0,1.0,1.0,0,2.0,,2.0,1527.72,Other,763.86,1527.72,177.5
551990,F,False,False,usa,washington,IAD,20,0.0,1.0,2.0,1.5,3645.0,1962.88,1.3333333333333333,6.666666666666667,0.0,0,2.0,,3.0,5607.88,Other,1869.2933333333333,3738.5866666666666,136.6875
552088,F,False,False,usa,kansas city,MCI,31,0.0,1.0,2.0,1.0,479.0,405.0355,1.0,3.333333333333333,0.0,0,2.0,,3.0,884.0355,Other,294.6785,884.0355,47.9
552209,F,False,False,usa,indianapolis,IND,53,1.0,0.0,0.0,3.0,0.0,1070.1074999999998,,,1.0,0,1.0,,1.0,1070.1074999999998,Other,1070.1074999999998,356.70249999999993,
552303,F,True,False,usa,oklahoma city,OKC,58,0.0,1.0,3.0,1.0,3881.0,600.1,1.0,6.0,0.6666666666666666,0,3.0,,4.0,4481.1,Other,1120.275,4481.1,161.70833333333334
552314,F,True,True,usa,san diego,SAN,54,2.0,1.0,1.0,1.0,738.0,1814.9965,1.0,3.0,0.3333333333333333,0,3.0,,4.0,2552.9965,Other,638.249125,2552.9965,61.5
552345,M,True,True,usa,san jose,SJC,43,0.0,0.0,3.0,1.3333333333333333,844.0,4651.38,1.3333333333333333,1.0,0.3333333333333333,0,3.0,,3.0,5495.38,Other,1831.7933333333333,4121.535000000001,211.0
552363,F,True,False,canada,saskatoon,YXE,34,0.0,0.0,3.0,1.0,1408.3000000000002,962.67,1.0,2.6666666666666665,1.0,0,3.0,,3.0,2370.9700000000003,Other,790.3233333333334,2370.9700000000003,176.03750000000002
552414,F,False,False,usa,las vegas,LSV,34,0.0,0.0,4.0,1.0,2291.9,1409.45,1.0,3.25,0.25,0,4.0,,4.0,3701.3500000000004,Other,925.3375000000001,3701.3500000000004,176.3
552558,F,True,True,canada,vancouver,YVR,54,0.0,2.0,2.0,1.0,2132.2,888.28,1.0,4.25,1.0,0,2.0,,4.0,3020.4799999999996,Other,755.1199999999999,3020.4799999999996,125.42352941176469
552613,F,False,True,usa,philadelphia,PNE,45,0.0,0.0,4.0,1.0,2247.0,1051.999,1.0,2.75,0.0,0,3.0,,4.0,3298.999,Other,824.74975,3298.999,204.27272727272728
552661,F,False,False,usa,dallas,DAL,32,0.0,0.0,3.0,1.0,1136.5,515.447,1.0,3.333333333333333,0.6666666666666666,0,3.0,,3.0,1651.9470000000001,Other,550.649,1651.9470000000001,113.65
552734,F,False,True,usa,nashville,BNA,54,1.0,0.0,3.0,1.0,978.0,1294.15,1.0,2.6666666666666665,1.0,0,4.0,,4.0,2272.15,Other,568.0375,2272.15,91.6875
552763,M,True,False,usa,omaha,OMA,45,1.0,0.0,2.0,1.0,183.0,901.58,1.0,1.0,1.0,0,3.0,,3.0,1084.58,Other,361.52666666666664,1084.58,61.0
552809,F,False,False,usa,nashville,BNA,35,1.0,1.0,2.0,1.0,1883.2,1088.31,1.0,4.0,0.6666666666666666,0,2.0,,4.0,2971.51,Other,742.8775,2971.51,117.7
552904,F,False,True,usa,new york,JFK,50,0.0,0.0,4.0,1.25,2012.9,1088.504,1.25,3.25,0.5,0,3.0,,4.0,3101.404,Other,775.351,2481.1232,123.87076923076924
553151,F,True,True,usa,omaha,OFF,49,2.0,1.0,1.0,1.0,795.0,1081.92,1.0,6.5,1.0,0,3.0,,4.0,1876.92,Other,469.23,1876.92,30.576923076923077
553208,F,False,False,usa,richmond,RIC,27,0.0,1.0,0.0,,531.0,0.0,1.0,9.0,,0,0.0,,1.0,531.0,Other,531.0,,59.0
553456,M,False,False,usa,nashville,BNA,45,1.0,0.0,2.0,1.6666666666666667,1494.0,3138.36,2.0,1.5,0.6666666666666666,0,3.0,,3.0,4632.360000000001,Other,1544.1200000000001,2779.416,166.0
553533,F,False,True,usa,rochester,ROC,43,0.0,0.0,1.0,1.0,87.0,158.96,1.0,1.0,1.0,0,1.0,,1.0,245.96,Other,245.96,245.96,87.0
553607,F,True,True,usa,omaha,OFF,54,0.0,0.0,3.0,1.3333333333333333,3296.55,1443.972,1.3333333333333333,4.666666666666667,0.6666666666666666,0,3.0,,3.0,4740.522,Other,1580.174,3555.3915,176.60089285714287
553664,F,False,False,canada,ottawa,YOW,54,0.0,0.0,2.0,1.0,1091.7,632.7905,1.0,2.5,0.5,0,2.0,,2.0,1724.4904999999999,Other,862.2452499999999,1724.4904999999999,218.34
553704,F,False,False,usa,los angeles,LAX,26,0.0,1.0,1.0,2.0,1362.0,1853.982,1.5,4.5,1.0,0,1.0,,2.0,3215.982,Other,1607.991,1607.991,100.88888888888889
553754,F,True,True,usa,shreveport,SHV,50,0.0,0.0,3.0,1.3333333333333333,1142.0,1457.84,1.3333333333333333,3.0,0.3333333333333333,0,2.0,,3.0,2599.84,Other,866.6133333333333,1949.88,95.16666666666669
553943,F,False,False,usa,tucson,DMA,49,1.0,0.0,3.0,1.5,1317.0,6807.43,1.0,2.0,0.5,0,4.0,,4.0,8124.43,Other,2031.1075,5416.286666666667,164.625
554175,F,True,False,usa,tallahassee,TLH,48,0.0,0.0,3.0,1.3333333333333333,1543.0,3469.34,1.3333333333333333,3.0,0.6666666666666666,0,3.0,,3.0,5012.34,Other,1670.78,3759.255,128.58333333333334
554217,F,False,False,usa,boston,BOS,26,1.0,0.0,1.0,1.5,870.0,3301.46,2.0,3.0,0.5,0,1.0,,2.0,4171.46,Other,2085.73,2780.9733333333334,72.5
554284,F,True,True,usa,san antonio,SAT,37,0.0,0.0,2.0,1.0,445.0,365.37,1.0,1.0,1.0,0,2.0,,2.0,810.37,Other,405.185,810.37,222.5
554289,F,False,False,usa,newark,EWR,23,0.0,1.0,0.0,,1296.0,0.0,1.0,9.0,,0,0.0,,1.0,1296.0,Other,1296.0,,144.0
554413,F,False,True,usa,santa ana,SNA,44,1.0,0.0,3.0,1.0,2776.0,2218.9125,1.0,5.333333333333333,0.75,0,4.0,,4.0,4994.9125,Other,1248.728125,4994.9125,130.125
554532,F,False,False,canada,vancouver,YVR,41,0.0,0.0,3.0,1.0,1754.0,1517.63,1.0,3.333333333333333,0.3333333333333333,0,3.0,,3.0,3271.63,Other,1090.5433333333333,3271.63,175.4
554681,F,True,True,usa,columbus,CMH,26,0.0,1.0,0.0,,3500.0,0.0,2.0,7.0,,0,0.0,,1.0,3500.0,Other,3500.0,,250.0
554922,F,True,False,usa,winston-salem,INT,42,0.0,0.0,1.0,1.0,272.0,327.51,1.0,4.0,0.0,0,1.0,,1.0,599.51,Other,599.51,599.51,68.0
555108,F,False,False,usa,fort worth,FTW,41,1.0,0.0,2.0,1.0,1112.0,830.79,1.0,4.0,0.6666666666666666,0,3.0,,3.0,1942.79,Other,647.5966666666667,1942.79,92.66666666666667
555135,F,False,False,usa,houston,EFD,52,0.0,3.0,3.0,1.0,4388.1,851.24,1.0,4.5,0.3333333333333333,0,3.0,,6.0,5239.34,Other,873.2233333333334,5239.34,162.52222222222224
555180,F,True,True,usa,houston,IAH,46,0.0,1.0,1.0,1.0,3042.0,386.41,1.5,5.5,0.0,0,1.0,,2.0,3428.41,Other,1714.205,3428.41,184.36363636363637
555191,F,True,False,usa,new orleans,NBG,56,0.0,0.0,2.0,1.5,1557.0,1946.88,1.5,4.0,0.5,0,2.0,,2.0,3503.88,Other,1751.94,2335.92,129.75
555301,F,True,True,usa,des moines,DSM,47,0.0,1.0,3.0,1.0,2409.0,741.77,1.25,2.75,0.6666666666666666,0,3.0,,4.0,3150.77,Other,787.6925,3150.77,175.20000000000002
555492,F,False,False,usa,atlanta,ATL,52,1.0,0.0,1.0,1.0,178.0,460.1,1.0,1.0,1.0,0,1.0,,2.0,638.1,Other,319.05,638.1,89.0
555587,F,True,False,usa,miami,OPF,38,1.0,1.0,2.0,1.0,2522.4,1801.95,1.3333333333333333,3.333333333333333,0.3333333333333333,0,3.0,,4.0,4324.35,Other,1081.0875,4324.35,141.88500000000002
555648,M,False,False,usa,austin,AUS,43,0.0,0.0,5.0,1.2,2475.6,2618.964,1.2,3.0,0.4,0,5.0,,5.0,5094.564,Other,1018.9128000000001,4245.47,137.53333333333333
555710,F,True,False,canada,toronto,YZD,49,0.0,1.0,2.0,2.0,4348.0,1151.14,2.0,5.333333333333333,1.0,0,2.0,,3.0,5499.14,Other,1833.0466666666669,2749.57,135.875
555784,M,True,True,usa,oklahoma city,TIK,37,0.0,1.0,2.0,1.5,4738.0,1380.34,1.3333333333333333,6.0,0.0,0,2.0,,3.0,6118.34,Other,2039.4466666666667,4078.8933333333334,197.41666666666666
555850,F,True,True,usa,memphis,MEM,52,0.0,0.0,2.0,1.0,942.0,338.83,1.0,4.5,1.0,0,2.0,,2.0,1280.83,Other,640.415,1280.83,104.66666666666667
555894,F,True,False,usa,birmingham,BHM,48,1.0,0.0,3.0,1.25,817.1,1475.16,1.3333333333333333,1.6666666666666667,0.75,0,3.0,,4.0,2292.26,Other,573.065,1833.8080000000002,91.92375
555934,M,False,False,canada,quebec,YQB,37,0.0,0.0,3.0,1.0,1205.0,933.92,1.0,2.0,0.6666666666666666,0,2.0,,3.0,2138.92,Other,712.9733333333334,2138.92,200.83333333333334
555997,F,False,False,canada,montreal,YUL,44,1.0,0.0,6.0,1.0,3852.1,2233.69,1.0,2.333333333333333,0.2857142857142857,0,7.0,,7.0,6085.79,Other,869.3985714285715,6085.79,235.84285714285716
556138,F,False,False,usa,tulsa,TUL,39,0.0,1.0,3.0,1.0,1565.0,781.38,1.0,3.75,0.6666666666666666,0,3.0,,4.0,2346.38,Other,586.595,2346.38,104.33333333333333
556214,F,False,False,usa,houston,HOU,49,0.0,0.0,2.0,2.0,580.5,4644.150000000001,2.0,2.5,0.5,0,2.0,,2.0,5224.650000000001,Other,2612.3250000000003,2612.3250000000003,58.05
556215,F,False,False,usa,houston,IAH,59,0.0,0.0,2.0,1.0,480.0,837.4200000000001,1.0,5.0,1.0,0,1.0,,2.0,1317.42,Other,658.71,1317.42,48.0
556621,F,False,False,canada,toronto,YKZ,59,0.0,1.0,0.0,,2736.0,0.0,3.0,4.0,,0,0.0,,1.0,2736.0,Other,2736.0,,228.0
556622,F,True,False,usa,los angeles,LAX,55,2.0,0.0,2.0,1.5,2172.0,5471.65,2.0,3.0,0.5,0,4.0,,4.0,7643.65,Other,1910.9125,5095.766666666666,90.5
556830,F,True,False,usa,new york,JFK,53,1.0,2.0,0.0,1.0,3568.9,168.18,1.5,6.5,0.0,0,1.0,,3.0,3737.08,Other,1245.6933333333334,3737.08,122.01367521367523
556841,F,False,True,canada,toronto,YKZ,36,1.0,1.0,1.0,1.0,396.0,698.02,1.0,2.5,0.0,0,2.0,,3.0,1094.02,Other,364.67333333333335,1094.02,52.8
556900,F,False,False,usa,new york,JFK,20,0.0,1.0,0.0,,153.60000000000002,0.0,1.0,2.0,,0,0.0,,1.0,153.60000000000002,Other,153.60000000000002,,76.80000000000001
557005,M,False,True,canada,hamilton,YHM,52,0.0,1.0,3.0,1.3333333333333333,5569.0,9616.9,1.0,6.5,1.0,0,3.0,,4.0,15185.9,Other,3796.475,11389.425000000001,214.19230769230768
557033,F,True,False,usa,milwaukee,MKE,58,0.0,0.0,3.0,1.0,2016.0,634.36,1.0,3.0,0.6666666666666666,0,3.0,,3.0,2650.36,Other,883.4533333333334,2650.36,224.0
557118,F,False,False,usa,dallas,DAL,42,0.0,0.0,5.0,1.0,1436.2,1493.734,1.0,2.2,0.6,0,5.0,,5.0,2929.934,Other,585.9868,2929.934,130.56363636363636
557298,F,False,False,canada,calgary,YYC,48,0.0,0.0,2.0,1.5,1056.0,796.55,1.5,3.0,0.0,0,2.0,,2.0,1852.55,Other,926.275,1235.0333333333333,117.33333333333333
557449,F,False,False,usa,san antonio,SAT,40,0.0,0.0,1.0,1.0,126.0,509.96,1.0,1.0,1.0,0,1.0,,1.0,635.96,Other,635.96,635.96,126.0
557476,M,False,False,usa,seattle,SEA,49,0.0,0.0,3.0,1.0,2834.0,1578.52,1.0,5.0,0.3333333333333333,0,3.0,,3.0,4412.52,Other,1470.8400000000001,4412.52,188.93333333333334
557508,F,False,False,usa,san jose,SJC,36,0.0,0.0,4.0,1.25,1278.4,5122.352,1.25,2.0,0.75,0,4.0,,4.0,6400.752,Other,1600.188,5120.6016,127.84
557643,F,False,False,canada,vancouver,YVR,48,1.0,0.0,2.0,1.0,1882.0,1385.19,1.0,6.0,0.0,0,2.0,,3.0,3267.19,Other,1089.0633333333333,3267.19,104.55555555555556
557876,F,False,False,usa,grand rapids,GRR,41,1.0,0.0,2.0,1.3333333333333333,681.5,1740.54,1.5,1.0,0.0,0,2.0,,3.0,2422.04,Other,807.3466666666667,1816.53,151.44444444444443
558081,M,True,False,usa,austin,AUS,52,0.0,0.0,3.0,1.0,1530.0,911.16,1.0,5.333333333333333,0.0,0,3.0,,3.0,2441.16,Other,813.7199999999999,2441.16,95.625
558300,F,False,True,usa,san diego,SAN,41,0.0,0.0,3.0,1.3333333333333333,669.0,3811.44,1.3333333333333333,1.6666666666666667,0.6666666666666666,0,3.0,,3.0,4480.4400000000005,Other,1493.4800000000002,3360.3300000000004,100.35
558394,F,True,False,usa,memphis,MEM,58,0.0,0.0,2.0,1.0,2178.0,627.1700000000001,1.0,6.0,1.0,0,2.0,,2.0,2805.17,Other,1402.585,2805.17,181.5
558651,F,True,True,usa,philadelphia,PNE,46,1.0,0.0,1.0,1.0,159.0,114.206,1.0,1.0,1.0,0,2.0,,2.0,273.206,Other,136.603,273.206,79.5
558682,F,True,True,usa,laredo,LRD,45,0.0,1.0,2.0,1.0,947.6,930.32,1.0,3.0,0.5,0,2.0,,3.0,1877.92,Other,625.9733333333334,1877.92,105.28888888888889
558786,F,True,True,usa,houston,EFD,41,1.0,0.0,2.0,1.0,762.0,994.35,1.0,3.5,0.0,0,3.0,,3.0,1756.35,Other,585.4499999999999,1756.35,72.57142857142857
558966,F,True,True,usa,austin,AUS,46,0.0,0.0,3.0,1.3333333333333333,641.0,898.5905,1.3333333333333333,1.6666666666666667,0.3333333333333333,0,3.0,,3.0,1539.5905,Other,513.1968333333333,1154.6928750000002,96.14999999999999
559146,F,True,True,canada,montreal,YHU,36,1.0,2.0,1.0,1.0,2957.0,566.78,1.0,5.666666666666667,0.5,0,2.0,,4.0,3523.7799999999997,Other,880.9449999999999,3523.7799999999997,130.45588235294116
559345,F,False,False,canada,toronto,YKZ,40,1.0,1.0,0.0,1.0,5792.0,102.16,2.0,8.0,0.0,0,1.0,,2.0,5894.16,Other,2947.08,5894.16,181.0
559407,F,True,False,usa,chicago,UGN,55,0.0,0.0,4.0,1.25,2640.4,1265.552,1.25,4.5,0.75,0,4.0,,4.0,3905.952,Other,976.488,3124.7616000000003,117.35111111111112
559468,F,False,False,usa,des moines,DSM,32,0.0,1.0,1.0,1.0,2446.0,314.62,1.0,7.0,1.0,0,1.0,,2.0,2760.62,Other,1380.31,2760.62,174.71428571428572
559473,F,False,False,usa,new york,LGA,44,0.0,0.0,3.0,1.0,728.0,958.458,1.0,2.333333333333333,0.3333333333333333,0,3.0,,3.0,1686.458,Other,562.1526666666667,1686.458,104.00000000000001
559712,F,False,False,canada,toronto,YZD,42,0.0,0.0,3.0,1.0,1767.85,936.25,1.0,3.333333333333333,1.0,0,3.0,,3.0,2704.1,Other,901.3666666666667,2704.1,176.785
559775,F,True,False,usa,san antonio,RND,49,0.0,0.0,3.0,1.0,2302.3,583.6700000000001,1.0,3.6666666666666665,1.0,0,3.0,,3.0,2885.9700000000003,Other,961.9900000000001,2885.9700000000003,209.3
559787,F,True,False,usa,los angeles,LAX,54,2.0,0.0,2.0,1.25,1344.0,7772.33,1.0,5.0,0.75,0,3.0,,4.0,9116.33,Other,2279.0825,7293.064,67.2
560035,F,False,False,usa,san diego,NZY,53,0.0,0.0,2.0,1.0,1987.0,645.99,1.0,6.0,1.0,0,2.0,,2.0,2632.99,Other,1316.495,2632.99,165.58333333333334
560065,F,True,False,usa,san jose,SJC,52,0.0,2.0,2.0,1.0,3355.0,1110.314,1.25,5.5,0.5,0,2.0,,4.0,4465.314,Other,1116.3285,4465.314,122.0
560078,F,True,False,usa,nashville,BNA,58,1.0,0.0,2.0,1.0,302.4,1029.87,1.0,1.5,1.0,0,3.0,,3.0,1332.27,Other,444.09,1332.27,67.2
560090,F,False,False,usa,new york,LGA,32,0.0,1.0,2.0,1.0,1091.0,298.81,1.0,3.0,0.5,0,2.0,,3.0,1389.81,Other,463.27,1389.81,121.22222222222223
560374,F,True,False,usa,new york,LGA,47,0.0,1.0,4.0,2.25,3142.0,12247.8905,2.0,4.0,0.5,0,4.0,,5.0,15389.8905,Other,3077.9781,6839.951333333333,78.55
560519,F,False,False,usa,riverside,RAL,53,1.0,0.0,1.0,1.0,847.0,697.72,1.0,7.0,0.0,0,2.0,,2.0,1544.72,Other,772.36,1544.72,60.5
560529,F,False,False,usa,san diego,NZY,19,0.0,1.0,0.0,,1568.0,0.0,2.0,8.0,,0,0.0,,1.0,1568.0,Other,1568.0,,98.0
560672,F,False,False,usa,los angeles,LAX,34,0.0,0.0,3.0,1.0,2437.3,899.0799999999999,1.0,3.333333333333333,0.3333333333333333,0,3.0,,3.0,3336.38,Other,1112.1266666666668,3336.38,243.73000000000005
560733,F,True,False,usa,indianapolis,IND,54,0.0,1.0,3.0,1.6666666666666667,2313.0,4031.13,1.5,2.75,1.0,0,3.0,,4.0,6344.13,Other,1586.0325,3806.478,140.1818181818182
560796,F,True,False,canada,calgary,YYC,40,1.0,0.0,1.0,1.0,1208.7,917.933,1.0,9.0,1.0,0,2.0,,2.0,2126.633,Other,1063.3165,2126.633,67.15
560870,M,True,False,usa,spokane,SFF,56,1.0,0.0,1.0,1.0,532.0,1083.52,1.0,4.0,0.5,0,2.0,,2.0,1615.52,Other,807.76,1615.52,66.5
560897,F,False,False,usa,los angeles,LAX,55,0.0,0.0,3.0,1.0,433.0,1276.61,1.0,1.3333333333333333,1.0,0,3.0,,3.0,1709.61,Other,569.87,1709.61,108.25000000000001
560929,F,True,True,usa,seattle,SEA,30,0.0,1.0,1.0,1.0,369.0,495.75,1.0,2.0,1.0,0,1.0,,2.0,864.75,Other,432.375,864.75,92.25
561013,F,True,False,usa,washington,DCA,45,1.0,1.0,1.0,1.0,7264.0,557.64,1.0,16.0,0.5,0,2.0,,3.0,7821.64,Other,2607.2133333333336,7821.64,151.33333333333334
561326,F,False,False,usa,new orleans,MSY,39,0.0,1.0,1.0,1.0,1537.1999999999998,137.14,1.0,6.0,1.0,0,1.0,,2.0,1674.3399999999997,Other,837.1699999999998,1674.3399999999997,128.1
561367,F,True,False,usa,san diego,NZY,44,1.0,0.0,1.0,1.0,165.0,785.79,1.0,3.0,0.5,0,2.0,,2.0,950.79,Other,475.395,950.79,27.5
561386,F,False,True,usa,chicago,MDW,50,1.0,0.0,3.0,1.0,2085.35,1034.77,1.0,4.0,0.75,0,4.0,,4.0,3120.12,Other,780.03,3120.12,130.334375
561837,F,True,False,usa,philadelphia,PNE,46,0.0,1.0,1.0,1.0,852.0,722.26,1.0,4.0,0.0,0,1.0,,2.0,1574.26,Other,787.13,1574.26,106.5
562032,F,False,False,usa,minneapolis,MSP,24,0.0,2.0,0.0,,3924.0,0.0,1.5,7.5,,0,0.0,,2.0,3924.0,Other,1962.0,,174.4
562108,F,False,False,usa,chicago,MDW,47,0.0,0.0,5.0,1.2,3417.0,1843.1,1.2,4.0,0.2,0,5.0,,5.0,5260.1,Other,1052.02,4383.416666666667,142.375
562283,F,False,True,usa,anchorage,ANC,28,0.0,1.0,0.0,,367.2,0.0,1.0,4.0,,0,0.0,,1.0,367.2,Other,367.2,,91.8
562416,F,True,False,usa,dallas,DAL,37,0.0,1.0,2.0,1.0,2243.0,722.444,1.3333333333333333,3.6666666666666665,0.5,0,2.0,,3.0,2965.444,Other,988.4813333333333,2965.444,152.9318181818182
562490,F,True,False,usa,new york,JFK,54,2.0,0.0,1.0,1.3333333333333333,73.1,6972.94,1.0,1.0,1.0,0,3.0,,3.0,7046.04,Other,2348.68,5284.530000000001,24.366666666666664
562648,F,False,True,usa,oklahoma city,OKC,45,0.0,0.0,3.0,1.3333333333333333,1593.0,1382.727,1.3333333333333333,4.0,0.6666666666666666,0,3.0,,3.0,2975.727,Other,991.909,2231.79525,99.5625
562832,F,True,True,usa,bakersfield,BFL,36,2.0,1.0,2.0,1.5,7346.0,4017.5025,1.6666666666666667,3.6666666666666665,0.25,0,4.0,,5.0,11363.5025,Other,2272.7005,7575.668333333334,240.41454545454545
562869,F,True,False,usa,new york,JFK,51,0.0,0.0,4.0,1.5,1578.0,3364.631,1.5,2.25,0.75,0,4.0,,4.0,4942.630999999999,Other,1235.6577499999999,3295.087333333333,116.88888888888889
563012,F,False,False,usa,chicago,ORD,26,0.0,1.0,0.0,,2300.4,0.0,2.0,9.0,,0,0.0,,1.0,2300.4,Other,2300.4,,127.80000000000001
563165,M,False,False,usa,colorado springs,COS,56,0.0,0.0,2.0,1.0,1773.0,405.3705,1.0,4.5,0.5,0,2.0,,2.0,2178.3705,Other,1089.18525,2178.3705,197.0
563253,F,False,False,usa,new york,JFK,34,0.0,1.0,2.0,1.0,2062.5,503.88700000000006,1.3333333333333333,2.6666666666666665,1.0,0,2.0,,3.0,2566.387,Other,855.4623333333334,2566.387,193.359375
563482,F,False,False,usa,new york,JFK,56,0.0,0.0,2.0,1.0,1231.6,1245.7,1.0,2.5,0.0,0,2.0,,2.0,2477.3,Other,1238.65,2477.3,246.32
563507,F,True,False,usa,san francisco,SFO,40,1.0,0.0,3.0,1.25,1186.0,2768.8235,1.0,2.0,1.0,0,3.0,,4.0,3954.8235,Other,988.705875,3163.8588,148.25
563588,F,True,True,usa,houston,EFD,44,1.0,0.0,1.0,1.0,1263.5,819.535,1.0,14.0,0.5,0,2.0,,2.0,2083.035,Other,1041.5175,2083.035,45.125
563592,M,False,False,usa,newark,EWR,39,0.0,1.0,2.0,2.0,2749.0,6428.677000000001,2.0,4.333333333333333,0.0,0,2.0,,3.0,9177.677,Other,3059.2256666666667,4588.8385,105.73076923076924
563740,F,False,False,canada,winnipeg,YAV,31,0.0,1.0,2.0,1.0,1494.0,787.546,1.0,2.6666666666666665,0.5,0,2.0,,3.0,2281.5460000000003,Other,760.5153333333334,2281.5460000000003,186.75
564052,F,False,True,usa,wichita,ICT,52,0.0,0.0,3.0,1.3333333333333333,1658.0,1352.02,1.3333333333333333,2.0,0.6666666666666666,0,3.0,,3.0,3010.02,Other,1003.34,2257.5150000000003,207.25
564112,F,False,False,usa,san diego,NZY,38,0.0,0.0,3.0,1.0,1424.0,1475.2235,1.0,2.333333333333333,0.3333333333333333,0,3.0,,3.0,2899.2235,Other,966.4078333333333,2899.2235,203.42857142857147
564234,F,False,False,usa,grand rapids,GRR,47,1.0,0.0,1.0,1.0,312.0,447.505,1.0,3.0,0.0,0,2.0,,2.0,759.505,Other,379.7525,759.505,52.0
564258,F,False,False,usa,rochester,ROC,19,0.0,2.0,1.0,2.0,8342.0,1634.64,1.6666666666666667,7.666666666666667,0.0,0,1.0,,3.0,9976.64,Other,3325.5466666666666,4988.32,217.6173913043478
564306,F,False,False,usa,shreveport,SHV,44,1.0,1.0,2.0,1.0,2221.25,750.19,1.0,5.0,0.6666666666666666,0,3.0,,4.0,2971.44,Other,742.86,2971.44,111.0625
564312,F,True,False,usa,new york,LGA,46,0.0,1.0,3.0,1.0,2641.0,857.3149999999999,1.0,4.25,0.3333333333333333,0,3.0,,4.0,3498.315,Other,874.57875,3498.315,155.35294117647058
564616,F,True,False,usa,houston,IAH,57,1.0,0.0,1.0,1.0,1050.0,632.64,1.0,3.0,0.5,0,2.0,,2.0,1682.6399999999999,Other,841.3199999999999,1682.6399999999999,175.0
564792,F,True,True,usa,new york,LGA,47,0.0,1.0,1.0,1.0,1383.6,433.82,1.0,5.5,1.0,0,1.0,,2.0,1817.4199999999998,Other,908.7099999999999,1817.4199999999998,125.78181818181817
564854,F,False,False,usa,new york,LGA,42,0.0,1.0,1.0,1.0,988.0,72.53,1.0,2.5,1.0,0,1.0,,2.0,1060.53,Other,530.265,1060.53,197.6
565131,F,True,False,canada,winnipeg,YAV,40,0.0,0.0,3.0,1.0,1619.0,692.8720000000001,1.0,2.333333333333333,0.6666666666666666,0,3.0,,3.0,2311.8720000000003,Other,770.6240000000001,2311.8720000000003,231.2857142857143
565212,F,False,False,usa,nashville,BNA,52,0.0,0.0,4.0,1.25,2233.0,1507.346,1.25,3.5,1.0,0,4.0,,4.0,3740.346,Other,935.0865,2992.2768,127.60000000000001
565275,F,True,True,usa,philadelphia,PNE,59,1.0,1.0,0.0,1.0,218.0,600.0300000000001,1.0,2.0,1.0,0,1.0,,2.0,818.0300000000001,Other,409.01500000000004,818.0300000000001,54.5
565348,F,True,False,usa,colorado springs,COS,58,0.0,1.0,0.0,,2670.0,0.0,1.0,15.0,,0,0.0,,1.0,2670.0,Other,2670.0,,178.0
565365,M,False,True,usa,memphis,MEM,53,0.0,0.0,1.0,1.0,1928.0,234.44,1.0,8.0,1.0,0,1.0,,1.0,2162.44,Other,2162.44,2162.44,241.0
565514,F,False,False,canada,hamilton,YHM,50,1.0,0.0,3.0,1.75,559.0,2255.1,1.3333333333333333,1.6666666666666667,0.75,0,4.0,,4.0,2814.1,Other,703.525,1608.0571428571427,62.887499999999996
565718,F,False,False,usa,san antonio,RND,53,0.0,1.0,3.0,1.0,1646.0,786.64,1.25,2.75,1.0,0,3.0,,4.0,2432.64,Other,608.16,2432.64,119.7090909090909
565841,F,True,True,canada,toronto,YYZ,45,0.0,1.0,2.0,1.0,1010.0,896.44,1.0,4.0,0.0,0,2.0,,3.0,1906.44,Other,635.48,1906.44,84.16666666666667
565912,F,False,False,usa,philadelphia,PNE,56,1.0,1.0,0.0,1.0,1008.0,623.205,2.0,4.0,0.0,0,1.0,,2.0,1631.205,Other,815.6025,1631.205,63.0
566152,F,False,False,usa,phoenix,LUF,42,2.0,0.0,2.0,1.5,1200.0,5032.5165,1.0,4.5,0.25,0,4.0,,4.0,6232.5165,Other,1558.129125,4155.0109999999995,66.66666666666667
566173,F,False,True,usa,san francisco,SFO,47,0.0,1.0,1.0,1.0,2260.0,727.25,1.0,8.0,0.0,0,1.0,,2.0,2987.25,Other,1493.625,2987.25,141.25
566196,M,True,False,usa,shreveport,SHV,52,0.0,1.0,2.0,1.0,6189.0,334.256,1.6666666666666667,5.0,0.5,0,2.0,,3.0,6523.256,Other,2174.418666666667,6523.256,247.56
566312,F,False,False,canada,vancouver,YVR,20,0.0,1.0,1.0,1.0,2142.0,292.185,1.5,4.0,1.0,0,1.0,,2.0,2434.185,Other,1217.0925,2434.185,178.5
566424,F,True,False,usa,los angeles,LAX,40,0.0,1.0,1.0,1.0,1636.0,551.9,1.0,4.0,0.0,0,1.0,,2.0,2187.9,Other,1093.95,2187.9,204.5
566614,F,False,False,usa,new york,JFK,31,0.0,1.0,1.0,1.0,1414.0,477.61,1.0,6.0,1.0,0,1.0,,2.0,1891.6100000000001,Other,945.8050000000001,1891.6100000000001,117.83333333333333
566650,F,False,False,usa,new york,LGA,52,0.0,0.0,2.0,1.0,297.0,414.88,1.0,2.0,1.0,0,2.0,,2.0,711.88,Other,355.94,711.88,74.25
566726,F,True,True,usa,portland,PDX,57,0.0,0.0,2.0,1.0,615.0,949.83,1.0,3.0,1.0,0,2.0,,2.0,1564.83,Other,782.415,1564.83,102.5
566762,F,True,True,usa,mobile,MOB,42,0.0,1.0,4.0,1.0,4466.9,881.579,1.0,5.0,0.25,0,4.0,,5.0,5348.478999999999,Other,1069.6958,5348.478999999999,178.676
566964,M,False,False,usa,new york,JFK,40,0.0,1.0,2.0,1.0,1058.7,742.31,1.0,8.0,0.5,0,2.0,,3.0,1801.01,Other,600.3366666666667,1801.01,44.112500000000004
566992,F,False,False,canada,ottawa,YOW,39,0.0,0.0,5.0,1.2,3393.3,1538.27,1.2,3.0,1.0,0,5.0,,5.0,4931.57,Other,986.314,4109.641666666666,188.51666666666668
566996,F,True,True,usa,dallas,DAL,32,1.0,0.0,0.0,1.0,0.0,384.92,,,1.0,0,1.0,,1.0,384.92,Other,384.92,384.92,
567061,F,True,True,usa,chicago,UGN,35,0.0,0.0,1.0,1.0,700.0,258.47,1.0,4.0,1.0,0,1.0,,1.0,958.47,Other,958.47,958.47,175.0
567172,F,True,False,canada,hamilton,YHM,57,0.0,0.0,2.0,1.0,615.0,368.37,1.0,4.0,1.0,0,2.0,,2.0,983.37,Other,491.685,983.37,76.875
567195,F,True,False,usa,corpus christi,CRP,45,0.0,1.0,1.0,1.0,714.0,356.35,1.0,3.5,0.0,0,1.0,,2.0,1070.35,Other,535.175,1070.35,102.0
567256,F,True,False,canada,montreal,YMX,47,1.0,0.0,4.0,2.2,4172.0,6753.87,1.75,2.25,0.6,0,5.0,,5.0,10925.869999999999,Other,2185.174,4966.3045454545445,211.91111111111113
567342,F,False,True,usa,chicago,MDW,31,0.0,1.0,0.0,,369.0,0.0,1.0,3.0,,0,0.0,,1.0,369.0,Other,369.0,,123.0
567431,F,False,False,usa,new york,JFK,42,0.0,0.0,1.0,1.0,204.0,62.47,1.0,3.0,0.0,0,1.0,,1.0,266.47,Other,266.47,266.47,68.0
567518,F,False,False,usa,new york,JFK,58,0.0,1.0,2.0,1.0,4145.0,322.67,1.3333333333333333,4.666666666666667,0.5,0,2.0,,3.0,4467.67,Other,1489.2233333333334,4467.67,222.05357142857147
567548,F,True,False,usa,tucson,TUS,48,0.0,0.0,1.0,1.0,279.0,404.93,1.0,3.0,1.0,0,1.0,,1.0,683.9300000000001,Other,683.9300000000001,683.9300000000001,93.0
567558,F,False,True,usa,honolulu,HNL,38,0.0,1.0,1.0,1.0,815.1,786.74,1.0,3.5,0.0,0,1.0,,2.0,1601.8400000000001,Other,800.9200000000001,1601.8400000000001,116.44285714285715
567563,F,True,False,usa,new york,LGA,47,2.0,0.0,1.0,1.0,176.0,895.23,1.0,1.0,1.0,0,3.0,,3.0,1071.23,Other,357.07666666666665,1071.23,58.666666666666664
567589,F,False,False,usa,chicago,ORD,29,0.0,1.0,0.0,,404.0,0.0,1.0,4.0,,0,0.0,,1.0,404.0,Other,404.0,,101.0
567849,F,True,False,usa,washington,IAD,43,0.0,0.0,4.0,1.0,1857.0,2034.34,1.0,2.25,0.5,0,4.0,,4.0,3891.34,Other,972.835,3891.34,206.33333333333334
567906,F,False,False,usa,new york,JFK,42,1.0,0.0,2.0,1.0,1317.0,826.1690000000001,1.0,3.0,0.3333333333333333,0,3.0,,3.0,2143.169,Other,714.3896666666666,2143.169,146.33333333333334
567961,F,False,False,usa,philadelphia,PHL,29,1.0,0.0,2.0,1.3333333333333333,1151.0,3808.08,1.5,2.5,0.6666666666666666,0,3.0,,3.0,4959.08,Other,1653.0266666666666,3719.31,102.31111111111112
568013,F,True,False,usa,nashville,BNA,43,0.0,0.0,3.0,1.3333333333333333,684.0,1499.8605,1.3333333333333333,1.6666666666666667,0.3333333333333333,0,2.0,,3.0,2183.8605,Other,727.9535,1637.8953749999998,102.6
568060,F,False,True,usa,laredo,LRD,43,0.0,2.0,2.0,1.0,2434.5,763.965,1.25,5.25,0.0,0,2.0,,4.0,3198.465,Other,799.61625,3198.465,92.74285714285713
568093,F,False,False,canada,toronto,YYZ,41,0.0,0.0,3.0,1.0,1319.0,827.3,1.0,2.6666666666666665,0.3333333333333333,0,3.0,,3.0,2146.3,Other,715.4333333333334,2146.3,164.87500000000003
568182,F,False,True,usa,jacksonville,JAX,40,0.0,1.0,1.0,1.0,1738.0,252.9,1.0,4.0,1.0,0,1.0,,2.0,1990.9,Other,995.45,1990.9,217.25
568258,F,False,False,usa,houston,IAH,26,0.0,2.0,0.0,,13438.0,0.0,2.0,13.5,,0,0.0,,2.0,13438.0,Other,6719.0,,248.85185185185185
568371,F,False,False,usa,akron,AKR,35,0.0,0.0,1.0,1.0,189.0,71.26,1.0,3.0,0.0,0,1.0,,1.0,260.26,Other,260.26,260.26,63.0
568641,F,True,False,usa,sacramento,SAC,47,0.0,0.0,1.0,1.0,440.0,21.78,1.0,4.0,1.0,0,1.0,,1.0,461.78,Other,461.78,461.78,110.0
568696,F,True,True,usa,tulsa,TUL,51,1.0,0.0,2.0,1.0,1704.0,711.28,1.0,5.5,0.6666666666666666,0,3.0,,3.0,2415.2799999999997,Other,805.0933333333332,2415.2799999999997,103.27272727272727
568716,F,False,False,usa,kansas city,MCI,44,1.0,0.0,4.0,1.4,2272.35,2132.551,1.5,4.5,1.0,0,5.0,,5.0,4404.901,Other,880.9802,3146.357857142857,67.32888888888888
568970,F,False,True,usa,las vegas,LAS,47,2.0,0.0,0.0,1.0,0.0,400.74,,,0.5,0,2.0,,2.0,400.74,Other,200.37,400.74,
569082,F,True,False,canada,montreal,YUL,50,1.0,0.0,2.0,1.3333333333333333,1990.0,2814.03,1.5,7.0,0.6666666666666666,0,3.0,,3.0,4804.030000000001,Other,1601.3433333333335,3603.0225000000005,63.17460317460318
569236,F,True,False,usa,philadelphia,PNE,58,0.0,1.0,3.0,1.3333333333333333,3360.0,1772.8300000000002,1.25,7.5,1.0,0,3.0,,4.0,5132.83,Other,1283.2075,3849.6225,89.6
569243,F,False,True,usa,louisville,LOU,40,0.0,0.0,2.0,1.0,1374.0,999.689,1.0,7.0,0.5,0,2.0,,2.0,2373.689,Other,1186.8445,2373.689,98.14285714285714
569335,F,True,True,usa,chicago,UGN,38,0.0,1.0,0.0,,1380.0,0.0,2.0,3.0,,0,0.0,,1.0,1380.0,Other,1380.0,,230.0
569364,F,True,True,usa,fort worth,FTW,42,0.0,1.0,2.0,1.5,1412.8,920.85,1.6666666666666667,2.333333333333333,0.5,0,2.0,,3.0,2333.65,Other,777.8833333333333,1555.7666666666667,121.09714285714287
569754,F,True,False,usa,akron,AKR,40,2.0,0.0,3.0,1.0,1337.0,536.4259999999999,1.0,2.333333333333333,0.6,0,3.0,,5.0,1873.426,Other,374.6852,1873.426,114.60000000000001
569788,M,False,False,usa,atlanta,ATL,40,0.0,1.0,1.0,1.0,1764.0,283.82,1.5,3.5,0.0,0,1.0,,2.0,2047.82,Other,1023.91,2047.82,168.0
569792,F,False,False,usa,tulsa,TUL,38,0.0,0.0,4.0,1.75,3476.0,1604.14,1.75,3.25,0.5,0,4.0,,4.0,5080.14,Other,1270.035,2902.937142857143,152.7912087912088
569832,F,True,False,usa,tacoma,TCM,35,0.0,0.0,1.0,1.0,749.0,595.15,1.0,7.0,1.0,0,1.0,,1.0,1344.15,Other,1344.15,1344.15,107.0
569920,F,True,False,usa,new york,LGA,36,0.0,1.0,1.0,1.0,2445.0,391.78,1.5,4.5,0.0,0,1.0,,2.0,2836.7799999999997,Other,1418.3899999999999,2836.7799999999997,181.11111111111111
570330,F,True,False,usa,new york,LGA,57,2.0,1.0,0.0,1.0,2384.0,663.95,1.0,16.0,0.5,0,2.0,,3.0,3047.95,Other,1015.9833333333332,3047.95,49.666666666666664
570439,F,False,False,usa,san antonio,RND,40,0.0,0.0,3.0,1.0,1332.2,870.98,1.0,2.6666666666666665,0.3333333333333333,0,3.0,,3.0,2203.1800000000003,Other,734.3933333333334,2203.1800000000003,166.525
570639,F,False,False,usa,new york,JFK,34,1.0,0.0,2.0,1.0,1335.1,1857.5,1.0,2.5,0.0,0,3.0,,3.0,3192.6,Other,1064.2,3192.6,178.01333333333332
570683,F,False,False,usa,new york,LGA,50,0.0,0.0,4.0,1.25,2892.4,4314.87,1.25,2.75,1.0,0,3.0,,4.0,7207.27,Other,1801.8175,5765.816000000001,210.35636363636365
570692,F,False,False,usa,washington,IAD,37,0.0,0.0,2.0,1.0,366.0,691.71,1.0,2.5,0.0,0,2.0,,2.0,1057.71,Other,528.855,1057.71,73.2
570693,F,False,False,canada,toronto,YTZ,59,1.0,1.0,1.0,1.0,1735.0,700.46,1.0,7.5,0.5,0,2.0,,3.0,2435.46,Other,811.82,2435.46,77.11111111111111
570746,F,False,False,usa,new york,JFK,44,1.0,1.0,1.0,1.0,8364.4,816.7199999999999,1.5,8.0,1.0,0,2.0,,3.0,9181.119999999999,Other,3060.373333333333,9181.119999999999,232.34444444444443
570821,F,True,True,usa,miami,TNT,43,0.0,0.0,3.0,1.0,884.0,1417.189,1.0,2.6666666666666665,0.6666666666666666,0,3.0,,3.0,2301.1890000000003,Other,767.0630000000001,2301.1890000000003,110.50000000000001
570837,F,False,False,canada,gatineau,YND,40,1.0,0.0,4.0,1.2,2790.0,2185.87,1.25,2.75,0.4,0,5.0,,5.0,4975.87,Other,995.174,4146.558333333333,162.3272727272727
570928,F,False,False,usa,fresno,FAT,50,0.0,0.0,2.0,1.5,1360.0,3434.55,1.5,2.5,0.5,0,2.0,,2.0,4794.55,Other,2397.275,3196.366666666667,181.33333333333331
570945,F,True,False,usa,phoenix,PHX,57,0.0,0.0,2.0,1.0,831.0,1064.91,1.0,2.5,0.0,0,2.0,,2.0,1895.91,Other,947.955,1895.91,166.2
571233,F,False,False,usa,houston,HOU,46,0.0,0.0,1.0,1.0,1328.0,376.656,1.0,8.0,1.0,0,1.0,,1.0,1704.656,Other,1704.656,1704.656,166.0
571348,F,True,False,usa,philadelphia,PNE,56,0.0,2.0,1.0,1.0,4686.0,352.26,1.3333333333333333,5.0,0.0,0,1.0,,3.0,5038.26,Other,1679.42,5038.26,234.3
571523,F,True,False,usa,dallas,DAL,48,1.0,0.0,2.0,1.0,765.3,1141.29,1.0,3.0,0.0,0,3.0,,3.0,1906.59,Other,635.53,1906.59,85.03333333333333
571525,F,False,False,usa,charlotte,CLT,34,0.0,1.0,3.0,1.3333333333333333,2053.0,1076.142,1.25,2.5,0.6666666666666666,0,3.0,,4.0,3129.142,Other,782.2855,2346.8565,164.24
571553,M,True,True,usa,tucson,TUS,52,0.0,1.0,4.0,1.25,7420.0,3414.861,1.4,5.4,0.5,0,3.0,,5.0,10834.861,Other,2166.9722,8667.8888,196.29629629629628
571580,F,False,False,usa,omaha,OMA,31,1.0,0.0,1.0,2.0,2574.0,2903.94,3.0,6.0,0.5,0,2.0,,2.0,5477.9400000000005,Other,2738.9700000000003,2738.9700000000003,71.5
571643,F,False,False,usa,houston,EFD,38,0.0,0.0,3.0,1.0,393.3,1086.788,1.0,1.3333333333333333,0.6666666666666666,0,3.0,,3.0,1480.088,Other,493.36266666666666,1480.088,98.325
571876,F,True,False,usa,houston,HOU,59,0.0,1.0,2.0,2.0,2548.0,2242.722,1.6666666666666667,3.333333333333333,0.5,0,2.0,,3.0,4790.722,Other,1596.9073333333333,2395.361,152.88000000000002
572428,F,True,True,usa,omaha,OFF,43,0.0,0.0,2.0,1.0,840.0999999999999,594.78,1.0,3.5,0.0,0,2.0,,2.0,1434.8799999999999,Other,717.4399999999999,1434.8799999999999,120.0142857142857
572554,F,False,False,usa,norfolk,NGU,56,2.0,2.0,4.0,1.1666666666666667,3759.0,2062.131,1.1666666666666667,3.333333333333333,0.8333333333333334,0,6.0,,8.0,5821.130999999999,Other,727.6413749999999,4989.540857142856,120.82500000000002
572578,F,False,False,canada,montreal,YUL,42,0.0,0.0,2.0,1.0,1391.4,348.8225,1.0,6.0,0.5,0,2.0,,2.0,1740.2225,Other,870.11125,1740.2225,115.95
572609,F,True,False,usa,kansas city,MCI,43,0.0,1.0,2.0,1.0,925.0,686.0315,1.3333333333333333,2.6666666666666665,0.5,0,2.0,,3.0,1611.0315,Other,537.0105,1611.0315,86.71875
572669,F,True,False,canada,winnipeg,YWG,53,0.0,1.0,1.0,1.0,2556.8,192.71,1.5,5.0,0.0,0,1.0,,2.0,2749.51,Other,1374.755,2749.51,170.45333333333335
572728,F,False,True,usa,jacksonville,LRF,58,1.0,1.0,3.0,1.25,2856.0,2028.88,1.25,2.75,1.0,0,4.0,,5.0,4884.88,Other,976.976,3907.904,166.16727272727275
572826,F,True,True,usa,houston,IAH,45,0.0,1.0,1.0,1.0,1665.0,365.0,1.0,3.5,0.0,0,1.0,,2.0,2030.0,Other,1015.0,2030.0,237.85714285714286
572992,F,False,False,usa,phoenix,PHX,49,0.0,0.0,4.0,1.75,3799.0,8332.534,1.75,2.5,1.0,0,4.0,,4.0,12131.534,Other,3032.8835,6932.3051428571425,217.08571428571426
573011,F,True,False,usa,san antonio,SKF,45,0.0,2.0,2.0,2.5,9608.0,5571.4,2.25,6.0,1.0,0,2.0,,4.0,15179.4,Other,3794.85,6071.76,177.92592592592595
573493,F,True,True,usa,el paso,BIF,50,0.0,0.0,3.0,1.0,644.7,1035.667,1.0,2.6666666666666665,0.6666666666666666,0,3.0,,3.0,1680.367,Other,560.1223333333334,1680.367,80.5875
573584,M,True,False,usa,oklahoma city,OKC,40,0.0,0.0,1.0,1.0,233.7,189.09,1.0,3.0,0.0,0,1.0,,1.0,422.78999999999996,Other,422.78999999999996,422.78999999999996,77.89999999999999
573720,F,False,False,canada,vancouver,YVR,48,0.0,0.0,3.0,1.0,873.0,1881.06,1.0,3.0,0.3333333333333333,0,2.0,,3.0,2754.06,Other,918.02,2754.06,97.0
573931,F,False,False,canada,toronto,YZD,19,0.0,0.0,3.0,1.3333333333333333,1328.6,2947.18,1.3333333333333333,2.0,1.0,0,3.0,,3.0,4275.78,Other,1425.26,3206.835,166.075
573988,F,True,True,usa,houston,HOU,50,0.0,0.0,3.0,1.0,1688.0,1064.38,1.0,6.666666666666667,0.0,0,3.0,,3.0,2752.38,Other,917.46,2752.38,84.39999999999999
574150,M,True,False,usa,columbus,LCK,57,1.0,0.0,2.0,1.3333333333333333,827.0,2007.126,1.5,2.5,0.6666666666666666,0,3.0,,3.0,2834.126,Other,944.7086666666668,2125.5945,73.51111111111112
574206,F,True,True,usa,phoenix,PHX,38,0.0,1.0,1.0,1.0,1064.0,351.35,1.0,2.5,0.0,0,1.0,,2.0,1415.35,Other,707.675,1415.35,212.8
574467,M,True,True,usa,san antonio,RND,47,1.0,0.0,3.0,1.0,2348.0,1272.66,1.0,2.6666666666666665,0.75,0,4.0,,4.0,3620.66,Other,905.165,3620.66,220.125
574489,F,True,True,usa,rochester,ROC,54,0.0,0.0,2.0,1.0,976.0,928.09,1.0,2.0,1.0,0,2.0,,2.0,1904.0900000000001,Other,952.0450000000001,1904.0900000000001,244.0
574493,F,True,False,usa,indianapolis,IND,39,0.0,0.0,3.0,1.3333333333333333,2006.0,521.712,1.3333333333333333,3.6666666666666665,1.0,0,3.0,,3.0,2527.712,Other,842.5706666666666,1895.784,136.77272727272728
574513,F,False,False,usa,houston,HOU,47,2.0,0.0,2.0,1.0,1258.0,1768.11,1.0,4.0,0.5,0,4.0,,4.0,3026.1099999999997,Other,756.5274999999999,3026.1099999999997,78.625
574603,F,True,True,usa,indianapolis,IND,44,0.0,1.0,3.0,1.3333333333333333,3264.1,1590.7599999999998,1.25,4.0,0.3333333333333333,0,3.0,,4.0,4854.86,Other,1213.715,3641.145,163.20499999999998
574625,F,True,False,usa,las vegas,LAS,53,1.0,0.0,3.0,1.0,2876.0,1401.35,1.0,5.333333333333333,0.5,0,4.0,,4.0,4277.35,Other,1069.3375,4277.35,134.8125
574885,F,False,False,usa,las vegas,LSV,39,0.0,0.0,1.0,1.0,243.0,158.517,1.0,3.0,0.0,0,1.0,,1.0,401.517,Other,401.517,401.517,81.0
574987,F,True,True,usa,new york,LGA,44,0.0,0.0,1.0,1.0,783.0,40.432,1.0,9.0,1.0,0,1.0,,1.0,823.432,Other,823.432,823.432,87.0
575092,F,False,False,canada,london,YXU,27,0.0,1.0,0.0,,1836.0,0.0,2.0,6.0,,0,0.0,,1.0,1836.0,Other,1836.0,,153.0
575131,F,False,False,canada,windsor,YQG,40,0.0,0.0,3.0,1.0,751.0,335.46000000000004,1.0,1.3333333333333333,0.6666666666666666,0,3.0,,3.0,1086.46,Other,362.15333333333336,1086.46,187.75000000000003
575253,M,True,True,canada,ottawa,YOW,46,1.0,0.0,2.0,1.0,424.0,894.681,1.0,1.5,0.6666666666666666,0,2.0,,3.0,1318.681,Other,439.56033333333335,1318.681,94.22222222222223
575459,F,False,False,usa,laredo,LRD,57,0.0,0.0,4.0,1.5,4676.0,2488.498,1.5,3.75,0.5,0,3.0,,4.0,7164.498,Other,1791.1245,4776.331999999999,207.82222222222222
575971,F,False,False,usa,chicago,MDW,54,0.0,0.0,5.0,1.0,3599.9,1634.12,1.0,4.0,0.8,0,5.0,,5.0,5234.02,Other,1046.804,5234.02,179.995
576159,F,True,True,usa,new york,LGA,30,0.0,1.0,1.0,1.0,1677.0,24.44,1.0,6.0,1.0,0,1.0,,2.0,1701.44,Other,850.72,1701.44,139.75
576169,F,False,False,usa,dallas,DAL,41,1.0,0.0,4.0,1.0,1619.25,1329.2,1.0,2.5,0.8,0,5.0,,5.0,2948.45,Other,589.6899999999999,2948.45,129.54000000000002
576272,F,False,True,usa,charlotte,CLT,42,1.0,0.0,3.0,1.0,1815.0,1240.8585,1.0,2.333333333333333,0.5,0,4.0,,4.0,3055.8585000000003,Other,763.9646250000001,3055.8585000000003,194.46428571428575
576373,F,False,False,canada,halifax,YHZ,50,0.0,2.0,2.0,1.5,2543.0,1751.1115,1.25,6.25,1.0,0,2.0,,4.0,4294.1115,Other,1073.527875,2862.741,81.376
576945,M,True,True,usa,orlando,MCO,51,0.0,0.0,1.0,1.0,124.0,643.99,1.0,1.0,1.0,0,1.0,,1.0,767.99,Other,767.99,767.99,124.0
576985,F,True,False,usa,austin,AUS,42,0.0,1.0,3.0,1.0,9884.0,991.7365,1.0,10.75,0.3333333333333333,0,3.0,,4.0,10875.736499999999,Other,2718.9341249999998,10875.736499999999,229.86046511627907
577044,F,True,True,usa,chicago,UGN,56,1.0,0.0,2.0,1.3333333333333333,536.25,1349.23,1.0,1.0,0.3333333333333333,0,2.0,,3.0,1885.48,Other,628.4933333333333,1414.1100000000001,178.75
577115,F,False,False,usa,indianapolis,IND,33,0.0,1.0,3.0,1.0,3171.5,1079.4055,1.0,3.5,0.0,0,3.0,,4.0,4250.9055,Other,1062.726375,4250.9055,226.53571428571428
577208,F,False,True,usa,tallahassee,TLH,46,0.0,1.0,1.0,1.0,377.0,170.97,1.0,3.0,0.0,0,1.0,,2.0,547.97,Other,273.985,547.97,62.833333333333336
577216,F,True,True,usa,tucson,TUS,49,0.0,2.0,2.0,1.0,2793.5,627.72,1.0,3.0,1.0,0,2.0,,4.0,3421.2200000000003,Other,855.3050000000001,3421.2200000000003,232.79166666666666
577386,F,False,False,usa,houston,EFD,55,1.0,0.0,1.0,1.5,534.0,1947.67,2.0,3.0,0.5,0,2.0,,2.0,2481.67,Other,1240.835,1654.4466666666667,44.5
577410,F,True,True,usa,milwaukee,MKE,37,0.0,2.0,3.0,1.0,2152.4,462.2,1.2,3.8,1.0,0,3.0,,5.0,2614.6,Other,522.92,2614.6,94.40350877192984
577626,F,True,True,usa,indianapolis,IND,47,0.0,0.0,4.0,1.0,1836.2,971.3505,1.0,2.75,0.5,0,4.0,,4.0,2807.5505000000003,Other,701.8876250000001,2807.5505000000003,166.92727272727274
577667,F,True,False,usa,minneapolis,MSP,40,1.0,0.0,0.0,1.0,0.0,242.14,,,0.0,0,1.0,,1.0,242.14,Other,242.14,242.14,
577930,F,True,False,usa,columbus,LCK,48,0.0,1.0,3.0,1.0,1758.25,539.41,1.0,2.25,0.3333333333333333,0,2.0,,4.0,2297.66,Other,574.415,2297.66,195.36111111111111
578058,F,False,False,usa,wichita,IAB,33,0.0,0.0,1.0,1.0,140.0,379.88,1.0,1.0,1.0,0,1.0,,1.0,519.88,Other,519.88,519.88,140.0
578459,F,False,False,usa,san jose,SJC,41,2.0,0.0,1.0,1.0,224.0,1280.34,1.0,2.0,0.6666666666666666,0,3.0,,3.0,1504.34,Other,501.44666666666666,1504.34,37.333333333333336
578488,F,False,False,usa,chicago,ORD,54,0.0,0.0,2.0,1.0,615.0,158.7625,1.0,1.5,1.0,0,1.0,,2.0,773.7625,Other,386.88125,773.7625,205.0
578824,M,False,False,usa,phoenix,PHX,35,0.0,0.0,5.0,1.0,1835.0,1865.12,1.0,2.4,0.4,0,5.0,,5.0,3700.12,Other,740.024,3700.12,152.91666666666669
579950,F,False,True,usa,baltimore,BWI,37,0.0,1.0,4.0,1.0,4451.0,2053.6220000000003,1.0,5.2,0.5,0,3.0,,5.0,6504.622,Other,1300.9244,6504.622,171.1923076923077
580211,F,False,False,usa,oklahoma city,TIK,41,0.0,0.0,6.0,1.0,4159.6,1716.289,1.0,3.8333333333333335,0.8333333333333334,0,5.0,,6.0,5875.889,Other,979.3148333333334,5875.889,180.8521739130435
580212,F,False,False,usa,baltimore,BWI,47,0.0,1.0,3.0,1.0,2541.0,893.4449999999999,1.0,2.75,0.3333333333333333,0,3.0,,4.0,3434.4449999999997,Other,858.6112499999999,3434.4449999999997,231.0
580402,F,False,False,usa,las vegas,LAS,43,1.0,1.0,3.0,1.25,1720.0,3007.84,1.25,4.25,1.0,0,4.0,,5.0,4727.84,Other,945.568,3782.272,64.75294117647059
580515,F,False,False,usa,corpus christi,CRP,49,0.0,0.0,3.0,2.0,2614.0,8015.383499999999,2.0,3.6666666666666665,0.6666666666666666,0,3.0,,3.0,10629.3835,Other,3543.1278333333335,5314.69175,118.81818181818183
580658,F,False,False,canada,windsor,YQG,48,0.0,0.0,3.0,1.0,789.1,655.61,1.0,2.333333333333333,0.3333333333333333,0,3.0,,3.0,1444.71,Other,481.57,1444.71,112.72857142857146
580902,F,True,False,usa,philadelphia,PHL,56,0.0,0.0,2.0,1.0,1452.0,57.11,1.0,3.5,0.0,0,1.0,,2.0,1509.11,Other,754.555,1509.11,207.42857142857142
581005,F,False,False,usa,el paso,ELP,47,1.0,0.0,4.0,1.0,2873.0,2027.83,1.0,4.25,0.6,0,3.0,,5.0,4900.83,Other,980.1659999999999,4900.83,135.20000000000002
581239,M,False,True,usa,chicago,UGN,38,1.0,0.0,1.0,1.0,225.0,532.29,1.0,5.0,1.0,0,2.0,,2.0,757.29,Other,378.645,757.29,22.5
581385,F,True,True,canada,calgary,YYC,52,0.0,1.0,0.0,,932.0,0.0,1.0,4.0,,0,0.0,,1.0,932.0,Other,932.0,,233.0
582254,F,False,False,usa,indianapolis,IND,52,1.0,0.0,3.0,1.0,3978.0,890.24,1.0,4.0,0.5,0,4.0,,4.0,4868.24,Other,1217.06,4868.24,248.625
582319,F,False,False,usa,denver,DEN,58,0.0,0.0,4.0,1.25,3102.2,9564.21,1.0,4.25,0.75,0,3.0,,4.0,12666.41,Other,3166.6025,10133.128,182.48235294117646
582320,F,True,False,canada,ottawa,YOW,59,0.0,1.0,1.0,1.0,1224.0,653.76,1.5,3.5,0.0,0,1.0,,2.0,1877.76,Other,938.88,1877.76,116.57142857142857
582343,F,False,False,usa,tampa,MCF,37,0.0,0.0,2.0,1.0,539.0,979.15,1.0,1.5,1.0,0,2.0,,2.0,1518.15,Other,759.075,1518.15,179.66666666666666
582796,F,False,False,canada,toronto,YKZ,27,0.0,1.0,0.0,,5838.0,0.0,2.0,21.0,,0,0.0,,1.0,5838.0,Other,5838.0,,139.0
582828,F,False,False,usa,san antonio,SAT,32,2.0,0.0,1.0,1.0,1497.6,1232.0,1.0,2.0,0.6666666666666666,0,3.0,,3.0,2729.6,Other,909.8666666666667,2729.6,249.6
583038,M,True,False,usa,chicago,MDW,47,1.0,0.0,2.0,1.0,783.0,445.514,1.0,2.5,0.6666666666666666,0,3.0,,3.0,1228.5140000000001,Other,409.5046666666667,1228.5140000000001,104.4
583070,F,False,True,usa,new york,LGA,28,2.0,0.0,1.0,1.3333333333333333,1050.0,2546.24,1.0,2.0,0.6666666666666666,0,3.0,,3.0,3596.24,Other,1198.7466666666667,2697.18,175.0
583490,M,False,False,usa,los angeles,LAX,26,0.0,1.0,0.0,,1290.0,0.0,1.0,6.0,,0,0.0,,1.0,1290.0,Other,1290.0,,215.0
583931,M,False,False,usa,newark,EWR,50,0.0,1.0,2.0,1.0,934.0,101.07,1.0,3.333333333333333,0.5,0,2.0,,3.0,1035.07,Other,345.0233333333333,1035.07,93.4
584012,F,True,True,usa,milwaukee,MKE,49,0.0,0.0,2.0,1.0,642.0,531.8,1.0,3.0,1.0,0,2.0,,2.0,1173.8,Other,586.9,1173.8,107.0
584034,F,False,False,usa,new york,JFK,41,0.0,0.0,3.0,1.0,1165.6999999999998,1131.22,1.0,1.6666666666666667,1.0,0,3.0,,3.0,2296.92,Other,765.64,2296.92,233.13999999999996
584241,F,False,True,usa,charlotte,CLT,58,0.0,2.0,0.0,,1960.0,0.0,2.0,3.0,,0,0.0,,2.0,1960.0,Other,980.0,,163.33333333333334
584525,F,False,False,usa,new york,LGA,52,2.0,1.0,4.0,1.1666666666666667,5412.0,2540.269,1.2,8.6,0.5,0,6.0,,7.0,7952.269,Other,1136.0384285714285,6816.230571428571,74.91694352159469
585187,F,True,False,usa,philadelphia,PHL,59,0.0,0.0,3.0,1.0,474.6,917.133,1.0,1.6666666666666667,1.0,0,3.0,,3.0,1391.7330000000002,Other,463.91100000000006,1391.7330000000002,94.92
585915,F,True,False,usa,los angeles,LAX,48,2.0,0.0,1.0,1.3333333333333333,1544.0,1041.43,2.0,4.0,1.0,0,3.0,,3.0,2585.4300000000003,Other,861.8100000000001,1939.0725000000002,64.33333333333333
586096,F,True,False,usa,chicago,ORD,49,0.0,1.0,3.0,1.0,1296.3,1089.88,1.0,2.5,0.3333333333333333,0,3.0,,4.0,2386.1800000000003,Other,596.5450000000001,2386.1800000000003,129.63
586270,F,False,True,usa,boston,BOS,37,0.0,1.0,1.0,1.0,951.0,92.54,1.0,4.0,0.0,0,1.0,,2.0,1043.54,Other,521.77,1043.54,118.875
586344,F,False,False,canada,edmonton,YED,20,0.0,1.0,0.0,,736.0,0.0,1.0,16.0,,0,0.0,,1.0,736.0,Other,736.0,,46.0
586384,F,False,False,canada,toronto,YTZ,35,1.0,2.0,3.0,1.25,4597.950000000001,1046.656,1.0,5.2,0.5,0,3.0,,6.0,5644.606000000001,Other,940.7676666666667,4515.684800000001,147.37019230769232
586471,F,False,False,usa,philadelphia,PNE,50,0.0,0.0,1.0,1.0,152.0,23.25,1.0,1.0,1.0,0,1.0,,1.0,175.25,Other,175.25,175.25,152.0
586637,F,True,False,usa,chicago,MDW,49,0.0,1.0,3.0,1.6666666666666667,5874.5,1216.37,2.0,4.0,0.3333333333333333,0,3.0,,4.0,7090.87,Other,1772.7175,4254.522,183.578125
586644,F,True,False,usa,philadelphia,PNE,53,0.0,1.0,2.0,1.0,1318.0,609.41,1.0,3.0,0.0,0,2.0,,3.0,1927.4099999999999,Other,642.4699999999999,1927.4099999999999,146.44444444444443
586656,F,True,False,canada,toronto,YTZ,47,0.0,0.0,1.0,1.0,966.0,91.45,1.0,6.0,0.0,0,1.0,,1.0,1057.45,Other,1057.45,1057.45,161.0
586762,F,False,False,canada,montreal,YUL,38,0.0,0.0,3.0,1.3333333333333333,5819.0,2147.93,1.3333333333333333,6.333333333333333,0.3333333333333333,0,3.0,,3.0,7966.93,Other,2655.6433333333334,5975.1975,229.6973684210527
586774,F,True,True,usa,new york,LGA,42,0.0,0.0,3.0,1.3333333333333333,1031.0,1160.344,1.3333333333333333,2.0,0.3333333333333333,0,3.0,,3.0,2191.344,Other,730.448,1643.508,128.87500000000003
586820,F,True,False,canada,toronto,YYZ,45,1.0,0.0,3.0,1.75,8383.099999999999,1805.45,1.6666666666666667,7.0,0.25,0,3.0,,4.0,10188.55,Other,2547.1375,5822.028571428571,179.6378571428571
586876,F,False,True,canada,toronto,YZD,36,0.0,1.0,3.0,1.0,4780.0,336.504,1.25,5.25,0.6666666666666666,0,3.0,,4.0,5116.504,Other,1279.126,5116.504,182.0952380952381
586953,F,False,True,usa,memphis,MEM,42,1.0,1.0,2.0,1.0,1712.0,922.68,1.0,4.0,0.6666666666666666,0,3.0,,4.0,2634.68,Other,658.67,2634.68,107.0
587470,F,True,True,usa,indianapolis,IND,58,0.0,0.0,1.0,1.0,598.5,198.72,1.0,6.0,0.0,0,1.0,,1.0,797.22,Other,797.22,797.22,99.75
587483,F,False,False,usa,miami,MIA,49,1.0,1.0,2.0,1.0,2511.5,915.65,1.0,4.0,0.3333333333333333,0,3.0,,4.0,3427.15,Other,856.7875,3427.15,156.96875
587538,F,False,True,usa,kansas city,MCI,43,1.0,1.0,1.0,1.5,3398.0,772.182,2.0,3.5,0.0,0,2.0,,3.0,4170.182,Other,1390.0606666666665,2780.121333333333,161.80952380952382
588103,F,True,False,usa,san jose,SJC,51,1.0,0.0,5.0,1.1666666666666667,1094.0,3950.025,1.0,1.6,1.0,0,5.0,,6.0,5044.025,Other,840.6708333333332,4323.45,113.95833333333333
588507,F,False,False,usa,st. petersburg,PIE,52,0.0,1.0,2.0,1.5,2968.0,9272.32,1.0,11.666666666666666,0.5,0,2.0,,3.0,12240.32,Other,4080.1066666666666,8160.213333333333,84.80000000000001
589121,F,False,False,usa,madison,MSN,24,0.0,1.0,2.0,1.0,1059.0,124.06,1.3333333333333333,1.6666666666666667,1.0,0,2.0,,3.0,1183.06,Other,394.3533333333333,1183.06,158.85
589162,F,False,True,usa,sacramento,SMF,51,0.0,0.0,3.0,1.0,1802.8,1507.31,1.0,4.333333333333333,0.0,0,3.0,,3.0,3310.1099999999997,Other,1103.37,3310.1099999999997,138.67692307692306
589171,F,True,True,usa,los angeles,LAX,38,0.0,0.0,1.0,1.0,280.0,695.01,1.0,5.0,0.0,0,1.0,,1.0,975.01,Other,975.01,975.01,56.0
589311,F,True,True,usa,portland,PWM,44,1.0,2.0,1.0,1.0,3492.0,929.36,1.0,5.333333333333333,0.5,0,2.0,,4.0,4421.36,Other,1105.34,4421.36,163.6875
589414,F,True,True,usa,omaha,OMA,48,0.0,0.0,1.0,1.0,171.0,344.947,1.0,1.0,1.0,0,1.0,,1.0,515.947,Other,515.947,515.947,171.0
589995,F,True,False,usa,nashville,BNA,52,1.0,0.0,2.0,1.3333333333333333,471.0,1305.389,1.5,1.0,1.0,0,3.0,,3.0,1776.389,Other,592.1296666666666,1332.29175,104.66666666666667
590394,F,True,True,usa,san francisco,SFO,43,0.0,1.0,1.0,1.0,1164.0,107.13,1.0,2.5,0.0,0,1.0,,2.0,1271.13,Other,635.565,1271.13,232.8
590429,F,False,False,usa,louisville,LOU,59,2.0,0.0,1.0,1.3333333333333333,768.0,1084.14,1.0,2.0,0.3333333333333333,0,3.0,,3.0,1852.14,Other,617.38,1389.1050000000002,128.0
590829,F,False,False,usa,minneapolis,MSP,46,0.0,1.0,2.0,1.0,1243.0,552.01,1.3333333333333333,3.0,1.0,0,2.0,,3.0,1795.01,Other,598.3366666666667,1795.01,103.58333333333333
590905,F,True,False,usa,houston,EFD,43,0.0,1.0,3.0,1.6666666666666667,2559.6,1609.922,1.5,3.0,0.6666666666666666,0,3.0,,4.0,4169.522,Other,1042.3805,2501.7131999999997,142.2
591003,F,False,True,usa,philadelphia,PNE,49,1.0,0.0,3.0,1.0,1952.1,1222.39,1.0,4.0,0.75,0,4.0,,4.0,3174.49,Other,793.6225,3174.49,122.00625
591155,M,True,False,canada,windsor,YQG,43,0.0,1.0,1.0,1.0,853.9,546.35,1.0,3.5,1.0,0,1.0,,2.0,1400.25,Other,700.125,1400.25,121.98571428571428
591255,F,False,False,usa,omaha,OMA,30,0.0,0.0,1.0,1.0,468.0,253.11,1.0,3.0,1.0,0,1.0,,1.0,721.11,Other,721.11,721.11,156.0
591433,F,False,False,usa,dallas,DAL,38,0.0,0.0,5.0,1.2,1946.0,2473.1425,1.2,3.2,0.8,0,4.0,,5.0,4419.1425,Other,883.8285,3682.61875,101.35416666666666
591478,F,False,False,usa,new york,JFK,21,0.0,2.0,0.0,,2951.0,0.0,1.0,8.5,,0,0.0,,2.0,2951.0,Other,1475.5,,173.58823529411765
591593,F,False,False,usa,long beach,LGB,26,0.0,0.0,2.0,1.5,517.5,3860.1,1.0,2.5,0.5,0,2.0,,2.0,4377.6,Other,2188.8,2918.4,103.5
592372,M,False,False,usa,charlotte,CLT,19,1.0,0.0,1.0,2.0,394.0,22361.04,1.0,1.0,1.0,0,2.0,,2.0,22755.04,Other,11377.52,11377.52,197.0
592792,F,False,True,canada,montreal,YUL,49,0.0,0.0,3.0,1.3333333333333333,1292.0,1879.46,1.3333333333333333,1.3333333333333333,0.3333333333333333,0,3.0,,3.0,3171.46,Other,1057.1533333333334,2378.5950000000003,242.25000000000006
592833,F,False,True,usa,chicago,MDW,42,0.0,0.0,3.0,1.3333333333333333,2323.2,1336.96,1.3333333333333333,3.333333333333333,0.6666666666666666,0,2.0,,3.0,3660.16,Other,1220.0533333333333,2745.12,174.24000000000004
592958,F,False,False,usa,chicago,ORD,20,0.0,1.0,0.0,,1566.0,0.0,3.0,3.0,,0,0.0,,1.0,1566.0,Other,1566.0,,174.0
593020,F,False,False,usa,oakland,OAK,40,0.0,0.0,3.0,1.3333333333333333,627.5999999999999,1293.26,1.3333333333333333,2.6666666666666665,0.3333333333333333,0,3.0,,3.0,1920.86,Other,640.2866666666666,1440.645,58.83749999999999
593244,F,False,False,usa,columbus,LCK,32,1.0,0.0,2.0,1.0,1024.0,984.41,1.0,3.5,0.6666666666666666,0,3.0,,3.0,2008.4099999999999,Other,669.4699999999999,2008.4099999999999,97.52380952380952
593386,F,False,False,usa,sacramento,SMF,40,0.0,1.0,2.0,1.0,2750.0,944.37,1.0,7.0,0.0,0,2.0,,3.0,3694.37,Other,1231.4566666666667,3694.37,130.95238095238093
593632,F,True,True,usa,dallas,DAL,57,2.0,0.0,2.0,1.0,1077.6,1358.6685,1.0,5.0,0.75,0,4.0,,4.0,2436.2685,Other,609.067125,2436.2685,53.879999999999995
593719,M,False,True,usa,houston,HOU,39,0.0,0.0,1.0,1.0,330.0,505.27,1.0,6.0,1.0,0,1.0,,1.0,835.27,Other,835.27,835.27,55.0
593804,F,True,False,canada,victoria,YYJ,31,1.0,0.0,0.0,1.0,0.0,601.44,,,1.0,0,1.0,,1.0,601.44,Other,601.44,601.44,
594446,F,False,True,canada,montreal,YUL,27,1.0,1.0,1.0,1.5,2307.0,9121.961,1.0,7.5,1.0,0,2.0,,3.0,11428.961,Other,3809.6536666666666,7619.307333333333,102.53333333333333
594695,F,True,False,usa,denver,DEN,58,1.0,1.0,2.0,1.0,6747.0,1236.35,1.0,10.333333333333334,1.0,0,3.0,,4.0,7983.35,Other,1995.8375,7983.35,163.23387096774192
594737,F,True,True,usa,los angeles,LAX,36,0.0,1.0,2.0,1.0,940.4,1138.01,1.0,2.333333333333333,0.5,0,2.0,,3.0,2078.41,Other,692.8033333333333,2078.41,134.34285714285716
594914,F,False,False,canada,halifax,YHZ,45,0.0,0.0,3.0,1.0,1518.4,1477.5434999999998,1.0,5.0,0.3333333333333333,0,2.0,,3.0,2995.9435,Other,998.6478333333333,2995.9435,101.22666666666667
594985,F,False,False,canada,toronto,YKZ,44,0.0,0.0,3.0,1.0,1792.0,428.914,1.0,3.6666666666666665,0.3333333333333333,0,2.0,,3.0,2220.9139999999998,Other,740.3046666666665,2220.9139999999998,162.90909090909093
595087,F,False,False,usa,los angeles,LAX,43,0.0,1.0,4.0,1.0,3993.0,1872.923,1.0,4.2,0.75,0,3.0,,5.0,5865.923,Other,1173.1846,5865.923,190.14285714285714
595126,F,False,False,canada,gatineau,YND,34,0.0,1.0,1.0,2.0,2723.0,3406.766,1.0,8.0,1.0,0,1.0,,2.0,6129.766,Other,3064.883,3064.883,170.1875
595284,F,True,False,usa,new york,LGA,54,0.0,0.0,4.0,1.25,4248.1,1457.854,1.25,4.25,0.25,0,4.0,,4.0,5705.954000000001,Other,1426.4885000000002,4564.7632,199.91058823529414
595414,F,True,False,usa,dallas,DAL,50,0.0,0.0,4.0,1.0,2140.0,1193.92,1.0,3.75,0.75,0,4.0,,4.0,3333.92,Other,833.48,3333.92,142.66666666666666
595626,F,False,False,usa,los angeles,LAX,48,1.0,0.0,3.0,1.5,1159.0,4102.977,1.6666666666666667,2.6666666666666665,0.5,0,4.0,,4.0,5261.977,Other,1315.49425,3507.9846666666667,65.19375000000001
595852,F,False,False,canada,montreal,YMX,56,0.0,0.0,3.0,1.0,567.0,637.5699999999999,1.0,1.3333333333333333,1.0,0,3.0,,3.0,1204.57,Other,401.5233333333333,1204.57,141.75
596335,M,True,False,canada,hamilton,YHM,40,0.0,0.0,2.0,1.5,1960.0,1109.09,1.5,5.0,0.5,0,2.0,,2.0,3069.09,Other,1534.545,2046.0600000000002,130.66666666666669
596442,O,False,False,usa,omaha,OMA,20,0.0,1.0,0.0,,997.5,0.0,1.0,6.0,,0,0.0,,1.0,997.5,Other,997.5,,166.25
596856,F,False,True,canada,quebec,YQB,32,0.0,2.0,1.0,1.0,3231.0,263.24,1.0,6.666666666666667,1.0,0,1.0,,3.0,3494.24,Other,1164.7466666666667,3494.24,161.54999999999998
597410,M,False,False,usa,new york,JFK,50,0.0,1.0,2.0,1.0,5413.0,833.6,1.0,9.333333333333334,0.0,0,2.0,,3.0,6246.6,Other,2082.2000000000003,6246.6,193.32142857142856
597954,F,True,False,usa,new york,JFK,43,0.0,0.0,4.0,1.25,2277.05,1031.116,1.25,2.5,0.5,0,4.0,,4.0,3308.166,Other,827.0415,2646.5328,182.16400000000002
598069,F,False,False,usa,tampa,TPA,33,1.0,1.0,1.0,1.0,2182.0,452.478,1.0,6.5,0.5,0,2.0,,3.0,2634.478,Other,878.1593333333334,2634.478,111.8974358974359
598276,F,True,False,usa,mobile,BFM,47,0.0,0.0,2.0,1.0,639.0,392.46,1.0,4.0,0.0,0,2.0,,2.0,1031.46,Other,515.73,1031.46,79.875
598687,M,False,False,usa,modesto,MOD,42,0.0,0.0,3.0,1.0,1585.0,878.6800000000001,1.0,3.333333333333333,1.0,0,3.0,,3.0,2463.6800000000003,Other,821.2266666666668,2463.6800000000003,158.50000000000003
598691,F,False,False,canada,ottawa,YOW,38,0.0,0.0,2.0,1.0,1320.0,179.95499999999998,1.0,6.0,0.5,0,1.0,,2.0,1499.955,Other,749.9775,1499.955,110.0
598832,F,True,True,usa,louisville,LOU,54,0.0,1.0,0.0,,1014.0,0.0,2.0,3.0,,0,0.0,,1.0,1014.0,Other,1014.0,,169.0
599239,F,False,True,usa,nashville,BNA,41,0.0,1.0,1.0,1.0,1445.0,464.9,1.0,4.5,0.0,0,1.0,,2.0,1909.9,Other,954.95,1909.9,160.55555555555554
599311,F,False,True,canada,quebec,YQB,41,1.0,1.0,1.0,1.0,1154.0,316.5385,2.0,2.5,0.5,0,2.0,,3.0,1470.5385,Other,490.1795,1470.5385,76.93333333333334
599348,F,False,False,usa,san antonio,RND,42,2.0,0.0,3.0,1.0,975.0,1818.66,1.0,3.333333333333333,0.4,0,5.0,,5.0,2793.66,Other,558.732,2793.66,58.50000000000001
599765,F,False,False,usa,los angeles,LAX,56,0.0,0.0,1.0,1.0,728.0,512.544,1.0,8.0,0.0,0,1.0,,1.0,1240.5439999999999,Other,1240.5439999999999,1240.5439999999999,91.0
600011,F,False,False,usa,new york,JFK,47,1.0,0.0,2.0,1.3333333333333333,973.0,2880.67,1.5,2.0,0.0,0,2.0,,3.0,3853.67,Other,1284.5566666666666,2890.2525,108.1111111111111
600163,M,True,True,usa,minneapolis,MSP,57,0.0,1.0,0.0,,660.0,0.0,2.0,5.0,,0,0.0,,1.0,660.0,Other,660.0,,66.0
600265,F,False,True,canada,victoria,YYJ,37,0.0,0.0,1.0,1.0,1445.0,460.28,1.0,17.0,0.0,0,1.0,,1.0,1905.28,Other,1905.28,1905.28,85.0
600395,F,True,False,usa,houston,HOU,56,0.0,1.0,3.0,1.3333333333333333,990.2,1437.03,1.25,2.0,0.6666666666666666,0,3.0,,4.0,2427.23,Other,606.8075,1820.4225000000001,99.02000000000001
600926,M,True,True,usa,kansas city,MCI,49,0.0,0.0,2.0,1.0,822.6,479.97,1.0,2.5,0.0,0,2.0,,2.0,1302.5700000000002,Other,651.2850000000001,1302.5700000000002,164.52
601104,F,True,False,usa,santa ana,SNA,57,0.0,1.0,1.0,1.0,6257.0,10.84,1.5,10.0,1.0,0,1.0,,2.0,6267.84,Other,3133.92,6267.84,208.56666666666666
601158,F,False,False,usa,new york,LGA,32,1.0,0.0,1.0,1.0,603.0,1283.55,1.0,3.0,0.5,0,1.0,,2.0,1886.55,Other,943.275,1886.55,100.5
601582,M,False,True,usa,sacramento,SMF,54,0.0,1.0,1.0,1.0,3317.0,188.89,1.0,9.5,0.0,0,1.0,,2.0,3505.89,Other,1752.945,3505.89,174.57894736842104
601882,F,True,False,usa,omaha,OFF,48,1.0,0.0,2.0,1.0,746.0,1016.96,1.0,2.5,0.0,0,3.0,,3.0,1762.96,Other,587.6533333333333,1762.96,99.46666666666667
602433,F,False,False,usa,madison,MSN,55,0.0,0.0,3.0,1.0,806.8,1270.962,1.0,1.3333333333333333,0.6666666666666666,0,3.0,,3.0,2077.7619999999997,Other,692.5873333333333,2077.7619999999997,201.70000000000002
602476,F,False,False,canada,edmonton,YED,38,0.0,1.0,3.0,1.0,3560.2,1067.369,1.0,4.0,0.0,0,3.0,,4.0,4627.5689999999995,Other,1156.8922499999999,4627.5689999999995,222.5125
602793,F,False,True,usa,miami,OPF,39,0.0,1.0,1.0,1.0,676.0,352.75,1.0,3.0,1.0,0,1.0,,2.0,1028.75,Other,514.375,1028.75,112.66666666666667
602827,F,True,True,usa,san jose,SJC,58,0.0,0.0,5.0,1.0,1715.6999999999998,3356.34,1.0,2.0,0.6,0,4.0,,5.0,5072.04,Other,1014.408,5072.04,171.57
602918,F,True,False,canada,winnipeg,YWG,47,2.0,1.0,0.0,1.0,522.0,654.83,1.0,6.0,1.0,0,2.0,,3.0,1176.83,Other,392.27666666666664,1176.83,29.0
602962,F,True,True,canada,ottawa,YOW,42,0.0,0.0,3.0,1.0,1615.0,695.7,1.0,3.6666666666666665,0.6666666666666666,0,3.0,,3.0,2310.7,Other,770.2333333333332,2310.7,146.81818181818184
603296,F,False,False,canada,halifax,YHZ,43,2.0,0.0,1.0,1.0,192.0,731.5875,1.0,1.0,1.0,0,3.0,,3.0,923.5875,Other,307.8625,923.5875,64.0
603345,F,True,True,canada,saskatoon,YXE,53,0.0,0.0,2.0,1.0,451.0,548.63,1.0,1.5,1.0,0,2.0,,2.0,999.63,Other,499.815,999.63,150.33333333333334
603715,F,True,False,usa,phoenix,LUF,47,0.0,1.0,2.0,1.0,2471.8,1148.23,1.0,3.333333333333333,0.0,0,2.0,,3.0,3620.03,Other,1206.6766666666667,3620.03,247.18000000000004
604136,F,True,False,canada,toronto,YKZ,41,2.0,1.0,0.0,1.5,553.0,509.44,1.0,7.0,0.0,0,2.0,,3.0,1062.44,Other,354.1466666666667,708.2933333333334,26.333333333333336
604617,F,True,False,usa,new orleans,NBG,54,1.0,1.0,0.0,1.0,1150.0,570.16,1.0,10.0,1.0,0,1.0,,2.0,1720.1599999999999,Other,860.0799999999999,1720.1599999999999,57.5
604840,F,False,False,usa,tampa,TPA,40,0.0,0.0,3.0,1.6666666666666667,2464.0,5193.27,1.6666666666666667,2.0,0.3333333333333333,0,3.0,,3.0,7657.27,Other,2552.4233333333336,4594.362,246.4
605004,F,True,False,usa,buffalo,BUF,44,0.0,0.0,3.0,1.6666666666666667,978.0,2807.25,1.6666666666666667,2.333333333333333,0.6666666666666666,0,3.0,,3.0,3785.25,Other,1261.75,2271.15,83.82857142857144
605311,F,False,True,usa,cleveland,CLE,46,0.0,0.0,3.0,1.3333333333333333,2152.0,747.5699999999999,1.3333333333333333,3.0,0.6666666666666666,0,3.0,,3.0,2899.5699999999997,Other,966.5233333333332,2174.6775,179.33333333333337
605578,F,False,False,usa,honolulu,HNL,34,0.0,1.0,0.0,,1040.0,0.0,1.0,8.0,,0,0.0,,1.0,1040.0,Other,1040.0,,130.0
605878,F,True,False,usa,brownsville,BRO,44,0.0,0.0,2.0,1.0,699.45,670.99,1.0,3.5,0.5,0,2.0,,2.0,1370.44,Other,685.22,1370.44,99.92142857142858
606094,F,True,False,usa,new orleans,NBG,56,0.0,0.0,4.0,1.0,1152.5,1011.88,1.0,2.25,0.0,0,4.0,,4.0,2164.38,Other,541.095,2164.38,128.05555555555554
606290,F,True,False,usa,new york,JFK,40,0.0,1.0,3.0,1.0,3392.0,1809.51,1.25,2.75,1.0,0,3.0,,4.0,5201.51,Other,1300.3775,5201.51,246.6909090909091
606568,M,False,False,usa,los angeles,LAX,49,0.0,1.0,1.0,1.0,1723.2,393.97,1.5,3.5,0.0,0,1.0,,2.0,2117.17,Other,1058.585,2117.17,164.1142857142857
606862,F,False,False,canada,calgary,YYC,41,0.0,0.0,2.0,1.0,802.6,825.706,1.0,3.5,1.0,0,2.0,,2.0,1628.306,Other,814.153,1628.306,114.65714285714286
607017,F,False,False,usa,sacramento,MCC,45,1.0,1.0,2.0,1.0,3618.0,514.017,1.0,7.333333333333333,0.3333333333333333,0,2.0,,4.0,4132.017,Other,1033.00425,4132.017,123.3409090909091
607028,F,False,False,usa,seattle,BFI,51,0.0,0.0,4.0,1.25,3779.0,2116.244,1.25,3.75,0.75,0,3.0,,4.0,5895.244000000001,Other,1473.8110000000001,4716.1952,201.54666666666665
607799,F,False,True,usa,los angeles,LAX,38,0.0,0.0,1.0,1.0,177.0,118.05,1.0,1.0,1.0,0,1.0,,1.0,295.05,Other,295.05,295.05,177.0
607949,F,False,False,usa,new york,JFK,20,1.0,1.0,0.0,1.0,2664.0,572.0,2.0,12.0,0.0,0,1.0,,2.0,3236.0,Other,1618.0,3236.0,55.5
608520,F,True,False,usa,new orleans,MSY,53,0.0,2.0,2.0,1.5,1920.45,1987.42,1.5,3.5,1.0,0,2.0,,4.0,3907.87,Other,976.9675,2605.2466666666664,91.45
608725,F,True,True,usa,tacoma,TCM,49,0.0,1.0,1.0,1.0,620.0,594.22,1.0,3.0,1.0,0,1.0,,2.0,1214.22,Other,607.11,1214.22,103.33333333333333
609221,F,False,False,usa,oakland,OAK,32,1.0,0.0,0.0,1.0,0.0,686.5,,,1.0,0,1.0,,1.0,686.5,Other,686.5,686.5,
609228,F,True,False,usa,los angeles,LAX,58,0.0,0.0,3.0,1.0,1617.95,1786.78,1.0,4.333333333333333,0.0,0,2.0,,3.0,3404.73,Other,1134.91,3404.73,124.45769230769233
609413,F,False,True,canada,quebec,YQB,53,0.0,0.0,3.0,1.0,1010.0,336.154,1.0,2.0,0.6666666666666666,0,3.0,,3.0,1346.154,Other,448.718,1346.154,168.33333333333334
609763,F,False,True,canada,vancouver,YVR,20,0.0,1.0,0.0,,186.0,0.0,1.0,2.0,,0,0.0,,1.0,186.0,Other,186.0,,93.0
609800,F,True,True,canada,ottawa,YOW,50,0.0,0.0,2.0,1.0,217.0,649.9795,1.0,1.5,1.0,0,2.0,,2.0,866.9795,Other,433.48975,866.9795,72.33333333333333
610474,F,True,False,usa,indianapolis,IND,54,0.0,0.0,3.0,1.0,2522.0,470.19000000000005,1.0,5.333333333333333,0.3333333333333333,0,3.0,,3.0,2992.19,Other,997.3966666666666,2992.19,157.625
610670,F,False,True,canada,toronto,YTZ,38,0.0,0.0,3.0,1.0,441.0,1089.04,1.0,2.0,0.6666666666666666,0,3.0,,3.0,1530.04,Other,510.0133333333333,1530.04,73.5
610793,F,False,True,usa,dallas,DAL,37,0.0,0.0,2.0,1.0,926.0,791.86,1.0,2.5,0.5,0,2.0,,2.0,1717.8600000000001,Other,858.9300000000001,1717.8600000000001,185.2
610806,F,True,False,usa,laredo,LRD,50,1.0,0.0,3.0,1.25,2665.4,2274.4500000000003,1.3333333333333333,6.0,0.5,0,4.0,,4.0,4939.85,Other,1234.9625,3951.88,83.29375
611065,F,False,False,usa,los angeles,LAX,44,0.0,0.0,4.0,1.5,1681.0,7163.49,1.5,1.5,0.75,0,4.0,,4.0,8844.49,Other,2211.1225,5896.326666666667,186.7777777777778
611251,F,False,False,canada,ottawa,YOW,51,0.0,0.0,3.0,1.6666666666666667,635.0,1845.21,1.6666666666666667,1.6666666666666667,0.3333333333333333,0,3.0,,3.0,2480.21,Other,826.7366666666667,1488.126,76.19999999999999
611583,M,False,True,usa,jacksonville,JAX,40,1.0,0.0,2.0,1.0,398.0,740.05,1.0,1.5,1.0,0,2.0,,3.0,1138.05,Other,379.34999999999997,1138.05,88.44444444444444
611887,F,False,False,usa,philadelphia,PNE,34,2.0,0.0,1.0,1.0,492.0,898.78,1.0,5.0,0.6666666666666666,0,3.0,,3.0,1390.78,Other,463.5933333333333,1390.78,32.8
611954,F,False,False,usa,st. louis,STL,45,0.0,0.0,4.0,1.0,1608.15,724.595,1.0,2.0,0.75,0,4.0,,4.0,2332.745,Other,583.18625,2332.745,201.01875
613442,M,False,False,usa,fresno,FAT,37,0.0,1.0,3.0,1.0,1696.2,1117.66,1.0,1.75,1.0,0,3.0,,4.0,2813.86,Other,703.465,2813.86,242.31428571428572
613921,F,False,False,usa,milwaukee,MKE,33,0.0,0.0,1.0,1.0,242.0,127.84,1.0,1.0,1.0,0,1.0,,1.0,369.84000000000003,Other,369.84000000000003,369.84000000000003,242.0
614111,M,False,False,usa,tampa,MCF,36,0.0,1.0,2.0,1.5,6219.8,1222.56,1.3333333333333333,9.0,0.0,0,2.0,,3.0,7442.360000000001,Other,2480.786666666667,4961.573333333334,172.77222222222224
614933,F,True,False,usa,indianapolis,IND,57,0.0,0.0,2.0,1.0,1710.0,821.51,1.0,4.0,0.5,0,2.0,,2.0,2531.51,Other,1265.755,2531.51,213.75
615006,F,False,False,usa,columbus,CMH,52,0.0,0.0,1.0,1.0,660.0,548.169,1.0,4.0,0.0,0,1.0,,1.0,1208.1689999999999,Other,1208.1689999999999,1208.1689999999999,165.0
616222,F,True,True,canada,quebec,YQB,50,0.0,0.0,2.0,1.5,1274.4,3335.891,1.5,2.5,0.5,0,2.0,,2.0,4610.291,Other,2305.1455,3073.5273333333334,169.92000000000002
617052,F,True,True,usa,laredo,LRD,50,0.0,0.0,3.0,1.3333333333333333,1004.8,1561.7005,1.3333333333333333,2.0,0.6666666666666666,0,2.0,,3.0,2566.5005,Other,855.5001666666667,1924.875375,125.60000000000001
617458,F,True,True,canada,montreal,YMX,31,1.0,0.0,2.0,1.0,637.0,245.94,1.0,2.5,0.6666666666666666,0,3.0,,3.0,882.94,Other,294.31333333333333,882.94,84.93333333333334
617964,F,False,True,usa,miami,OPF,34,0.0,1.0,0.0,,171.0,0.0,1.0,3.0,,0,0.0,,1.0,171.0,Other,171.0,,57.0
618343,M,True,True,usa,new york,LGA,42,0.0,1.0,0.0,,1056.0,0.0,2.0,6.0,,0,0.0,,1.0,1056.0,Other,1056.0,,88.0
618418,F,False,False,canada,toronto,YKZ,47,0.0,0.0,5.0,1.0,2800.8,1616.108,1.0,3.2,0.4,0,5.0,,5.0,4416.908,Other,883.3816,4416.908,175.05
618429,M,False,True,usa,philadelphia,PHL,49,0.0,0.0,3.0,1.0,1242.6,1171.09,1.0,3.0,1.0,0,2.0,,3.0,2413.6899999999996,Other,804.5633333333332,2413.6899999999996,138.06666666666666
618642,F,True,False,usa,honolulu,HNL,41,2.0,0.0,0.0,1.0,0.0,2328.9,,,1.0,0,2.0,,2.0,2328.9,Other,1164.45,2328.9,
618780,F,False,True,usa,new york,JFK,37,0.0,0.0,3.0,1.0,1288.0,1075.67,1.0,3.0,0.6666666666666666,0,3.0,,3.0,2363.67,Other,787.89,2363.67,143.11111111111111
618815,F,False,True,usa,san francisco,SFO,33,0.0,1.0,0.0,,832.0,0.0,1.0,8.0,,0,0.0,,1.0,832.0,Other,832.0,,104.0
619109,F,False,False,usa,portland,PWM,42,0.0,0.0,1.0,1.0,420.0,76.67,1.0,6.0,0.0,0,1.0,,1.0,496.67,Other,496.67,496.67,70.0
619218,F,True,False,usa,orlando,MCO,45,0.0,0.0,1.0,1.0,567.0,710.51,1.0,3.0,0.0,0,1.0,,1.0,1277.51,Other,1277.51,1277.51,189.0
619971,F,True,False,usa,san diego,NZY,41,0.0,1.0,0.0,,274.0,0.0,1.0,2.0,,0,0.0,,1.0,274.0,Other,274.0,,137.0
620382,F,False,True,usa,st. louis,STL,19,0.0,1.0,1.0,1.0,1163.15,181.233,1.5,4.5,0.0,0,1.0,,2.0,1344.383,Other,672.1915,1344.383,86.15925925925927
620972,M,False,False,usa,kansas city,MCI,40,0.0,0.0,3.0,1.3333333333333333,1286.6,1511.41,1.3333333333333333,2.0,0.3333333333333333,0,3.0,,3.0,2798.01,Other,932.6700000000001,2098.5075,160.825
621072,F,True,True,usa,providence,PVD,56,0.0,0.0,1.0,1.0,356.0,460.17,1.0,4.0,0.0,0,1.0,,1.0,816.1700000000001,Other,816.1700000000001,816.1700000000001,89.0
621085,F,False,False,usa,minneapolis,MSP,51,0.0,1.0,0.0,,735.0,0.0,1.0,7.0,,0,0.0,,1.0,735.0,Other,735.0,,105.0
621291,F,True,False,usa,indianapolis,IND,55,1.0,1.0,3.0,2.25,5212.0,5502.5,2.25,5.75,0.25,0,3.0,,5.0,10714.5,Other,2142.9,4762.0,80.57198067632851
621607,F,False,True,canada,ottawa,YOW,35,0.0,0.0,2.0,1.0,1075.0,386.173,1.0,3.5,0.0,0,2.0,,2.0,1461.173,Other,730.5865,1461.173,153.57142857142858
621811,F,True,True,usa,norfolk,NGU,43,1.0,0.0,1.0,1.0,489.0,683.28,1.0,3.0,0.0,0,2.0,,2.0,1172.28,Other,586.14,1172.28,81.5
622293,F,False,False,usa,las vegas,LAS,30,2.0,0.0,1.0,1.6666666666666667,1356.0,6054.6990000000005,2.0,3.0,0.6666666666666666,0,1.0,,3.0,7410.6990000000005,Other,2470.233,4446.4194,75.33333333333333
624215,F,False,True,usa,austin,AUS,41,0.0,0.0,4.0,1.25,845.0,1941.788,1.25,1.25,0.75,0,3.0,,4.0,2786.788,Other,696.697,2229.4304,135.2
624593,M,True,True,usa,new york,JFK,42,0.0,0.0,2.0,1.0,719.0,621.9200000000001,1.0,4.5,1.0,0,2.0,,2.0,1340.92,Other,670.46,1340.92,79.88888888888889
624636,F,True,False,usa,jacksonville,NIP,46,0.0,0.0,3.0,1.0,752.0,1738.11,1.0,2.333333333333333,0.6666666666666666,0,3.0,,3.0,2490.1099999999997,Other,830.0366666666665,2490.1099999999997,107.42857142857144
624913,M,False,True,canada,halifax,YAW,42,0.0,0.0,3.0,1.0,889.8,1348.0555,1.0,1.3333333333333333,1.0,0,3.0,,3.0,2237.8554999999997,Other,745.9518333333332,2237.8554999999997,222.45
625030,F,False,False,usa,oklahoma city,OKC,43,1.0,1.0,3.0,1.0,3954.0,1476.2095,1.0,3.5,0.5,0,2.0,,5.0,5430.2095,Other,1086.0419,5430.2095,225.94285714285712
625984,F,True,False,usa,new york,JFK,52,0.0,0.0,3.0,1.3333333333333333,879.5999999999999,1655.99,1.3333333333333333,2.6666666666666665,0.6666666666666666,0,3.0,,3.0,2535.59,Other,845.1966666666667,1901.6925,82.4625
626318,F,True,False,usa,new york,JFK,57,1.0,1.0,1.0,1.0,965.2,224.94,1.0,3.5,0.5,0,2.0,,3.0,1190.14,Other,396.71333333333337,1190.14,91.92380952380952
626329,F,False,False,usa,little rock,LIT,47,0.0,0.0,1.0,1.0,406.0,165.84,1.0,2.0,1.0,0,1.0,,1.0,571.84,Other,571.84,571.84,203.0
626587,M,False,False,usa,lincoln,LNK,19,0.0,1.0,0.0,,693.0,0.0,1.0,9.0,,0,0.0,,1.0,693.0,Other,693.0,,77.0
627158,M,True,True,usa,houston,IAH,51,2.0,0.0,1.0,1.0,142.0,1247.5,1.0,1.0,0.6666666666666666,0,3.0,,3.0,1389.5,Other,463.1666666666667,1389.5,47.333333333333336
628671,F,False,True,usa,new york,JFK,38,0.0,0.0,2.0,1.5,514.0,1649.926,1.5,2.5,1.0,0,2.0,,2.0,2163.926,Other,1081.963,1442.6173333333334,68.53333333333333
629803,M,False,True,usa,tulsa,TUL,43,1.0,0.0,2.0,1.3333333333333333,1206.9,2070.627,1.5,2.5,1.0,0,3.0,,3.0,3277.527,Other,1092.509,2458.14525,107.28
629877,F,True,False,canada,halifax,YHZ,46,0.0,0.0,2.0,1.5,3959.0,852.06,1.5,9.5,0.5,0,2.0,,2.0,4811.0599999999995,Other,2405.5299999999997,3207.373333333333,138.91228070175438
629952,F,False,False,usa,cincinnati,CVG,47,0.0,0.0,3.0,1.3333333333333333,1429.0,2108.89,1.3333333333333333,1.6666666666666667,0.6666666666666666,0,3.0,,3.0,3537.89,Other,1179.2966666666666,2653.4175,214.35
630097,F,True,False,usa,santa ana,SNA,47,0.0,1.0,2.0,1.0,2399.0,1175.4,1.0,3.333333333333333,1.0,0,2.0,,3.0,3574.4,Other,1191.4666666666667,3574.4,239.9
630738,F,False,False,usa,birmingham,BHM,45,1.0,0.0,2.0,1.0,723.5,493.0585,1.0,4.0,0.3333333333333333,0,3.0,,3.0,1216.5585,Other,405.51950000000005,1216.5585,60.291666666666664
631448,F,True,True,usa,cincinnati,CVG,42,0.0,2.0,0.0,,1690.0,0.0,2.0,3.5,,0,0.0,,2.0,1690.0,Other,845.0,,120.71428571428571
631975,F,False,False,canada,montreal,YMX,41,1.0,0.0,0.0,1.0,0.0,100.99,,,1.0,0,1.0,,1.0,100.99,Other,100.99,100.99,
633183,F,False,False,usa,new york,LGA,42,1.0,0.0,2.0,1.0,1321.5,964.6935,1.0,2.0,0.6666666666666666,0,3.0,,3.0,2286.1935,Other,762.0645,2286.1935,220.25
633195,F,False,False,canada,winnipeg,YAV,33,1.0,0.0,1.0,1.0,316.0,741.65,1.0,1.0,1.0,0,2.0,,2.0,1057.65,Other,528.825,1057.65,158.0
634795,F,True,True,usa,houston,HOU,47,0.0,1.0,1.0,1.0,465.0,162.94400000000002,1.0,3.0,0.0,0,1.0,,2.0,627.944,Other,313.972,627.944,77.5
635375,F,False,False,usa,fayetteville,FYV,19,0.0,1.0,0.0,,1932.0,0.0,1.0,21.0,,0,0.0,,1.0,1932.0,Other,1932.0,,92.0
635790,F,False,False,usa,boston,BOS,50,2.0,0.0,2.0,1.0,522.0,2072.801,1.0,1.5,0.75,0,4.0,,4.0,2594.801,Other,648.70025,2594.801,87.0
636874,F,False,False,usa,reno,RNO,50,0.0,0.0,3.0,1.0,1383.0,1513.046,1.0,3.333333333333333,0.3333333333333333,0,2.0,,3.0,2896.0460000000003,Other,965.3486666666668,2896.0460000000003,138.3
637421,F,True,True,usa,new york,LGA,32,0.0,1.0,2.0,1.5,1320.0,1041.29,1.3333333333333333,2.0,0.5,0,2.0,,3.0,2361.29,Other,787.0966666666667,1574.1933333333334,165.0
638565,F,True,True,usa,chicago,MDW,50,1.0,0.0,2.0,1.0,471.0,496.38,1.0,4.0,0.3333333333333333,0,3.0,,3.0,967.38,Other,322.46,967.38,39.25
638576,F,False,True,usa,phoenix,PHX,40,1.0,0.0,2.0,1.0,1317.0,1707.706,1.0,4.5,0.6666666666666666,0,2.0,,3.0,3024.706,Other,1008.2353333333334,3024.706,97.55555555555556
638580,F,False,False,canada,victoria,YYJ,45,0.0,2.0,0.0,,2017.0,0.0,1.0,5.5,,0,0.0,,2.0,2017.0,Other,1008.5,,183.36363636363637
639510,F,True,False,usa,san diego,NZY,59,0.0,0.0,2.0,1.0,815.0,818.5640000000001,1.0,2.5,0.0,0,2.0,,2.0,1633.564,Other,816.782,1633.564,163.0
640580,F,True,False,canada,montreal,YMX,56,0.0,0.0,3.0,1.0,2466.4,796.3805000000001,1.0,3.6666666666666665,0.3333333333333333,0,3.0,,3.0,3262.7805000000003,Other,1087.5935000000002,3262.7805000000003,224.21818181818182
640968,F,True,False,usa,indianapolis,IND,56,1.0,0.0,1.0,1.0,981.0,403.0235,1.0,3.0,1.0,0,2.0,,2.0,1384.0235,Other,692.01175,1384.0235,163.5
642786,F,False,False,usa,charlotte,CLT,44,0.0,1.0,2.0,1.0,4396.0,141.8865,1.0,7.333333333333333,1.0,0,2.0,,3.0,4537.8865,Other,1512.6288333333332,4537.8865,199.8181818181818
642820,F,True,True,usa,las vegas,LAS,50,0.0,0.0,2.0,1.0,1172.0,715.43,1.0,3.0,0.0,0,2.0,,2.0,1887.4299999999998,Other,943.7149999999999,1887.4299999999998,195.33333333333334
643929,F,True,False,usa,new york,LGA,43,0.0,1.0,1.0,2.0,2994.0,1883.98,2.5,3.5,1.0,0,1.0,,2.0,4877.98,Other,2438.99,2438.99,171.08571428571426
645022,F,False,False,usa,corpus christi,CRP,19,0.0,1.0,0.0,,445.0,0.0,1.0,5.0,,0,0.0,,1.0,445.0,Other,445.0,,89.0
645168,F,True,False,usa,baton rouge,BTR,40,1.0,0.0,2.0,1.3333333333333333,667.8,10378.172,1.0,2.0,0.3333333333333333,0,3.0,,3.0,11045.972,Other,3681.9906666666666,8284.479000000001,111.3
645685,M,False,False,usa,orlando,MCO,52,0.0,0.0,4.0,1.0,897.25,1346.58,1.0,1.75,0.75,0,3.0,,4.0,2243.83,Other,560.9575,2243.83,128.17857142857142
645933,F,True,False,usa,fresno,FAT,39,0.0,0.0,2.0,1.5,1190.0,1037.46,1.5,4.0,0.0,0,2.0,,2.0,2227.46,Other,1113.73,1484.9733333333334,99.16666666666667
646257,F,False,False,usa,indianapolis,IND,38,0.0,0.0,1.0,1.0,639.0,77.63,1.0,3.0,1.0,0,1.0,,1.0,716.63,Other,716.63,716.63,213.0
646259,F,True,True,usa,new york,JFK,26,0.0,2.0,0.0,,1999.0,0.0,1.5,4.5,,0,0.0,,2.0,1999.0,Other,999.5,,148.07407407407408
646455,F,True,False,usa,houston,IAH,54,1.0,0.0,3.0,1.25,3609.0,2845.454,1.3333333333333333,4.333333333333333,1.0,0,4.0,,4.0,6454.454,Other,1613.6135,5163.5632,156.15865384615387
647638,F,False,False,canada,winnipeg,YAV,20,0.0,1.0,0.0,,315.0,0.0,1.0,3.0,,0,0.0,,1.0,315.0,Other,315.0,,105.0
647674,F,False,True,usa,chicago,ORD,39,0.0,1.0,3.0,1.0,1296.0,1085.0,1.25,1.75,0.6666666666666666,0,3.0,,4.0,2381.0,Other,595.25,2381.0,148.1142857142857
648379,M,True,True,canada,montreal,YMX,42,0.0,0.0,1.0,1.0,980.0,710.38,1.0,4.0,0.0,0,1.0,,1.0,1690.38,Other,1690.38,1690.38,245.0
648990,F,True,False,usa,san jose,SJC,50,0.0,0.0,3.0,1.3333333333333333,2255.0,997.65,1.3333333333333333,5.333333333333333,0.6666666666666666,0,3.0,,3.0,3252.65,Other,1084.2166666666667,2439.4875,105.703125
649080,F,False,True,usa,houston,IAH,40,0.0,1.0,1.0,1.0,888.0,376.9,1.0,3.0,1.0,0,1.0,,2.0,1264.9,Other,632.45,1264.9,148.0
649081,F,False,False,usa,nashville,BNA,45,1.0,0.0,3.0,1.0,900.0,745.95,1.0,2.333333333333333,0.5,0,3.0,,4.0,1645.95,Other,411.4875,1645.95,96.42857142857144
649208,F,False,True,usa,el paso,BIF,36,0.0,0.0,1.0,1.0,1008.0,417.01,1.0,6.0,0.0,0,1.0,,1.0,1425.01,Other,1425.01,1425.01,168.0
650079,F,True,False,usa,san antonio,SKF,44,1.0,0.0,1.0,1.0,1190.0,884.89,1.0,7.0,1.0,0,2.0,,2.0,2074.89,Other,1037.445,2074.89,85.0
651828,F,True,True,usa,phoenix,PHX,44,0.0,1.0,1.0,3.0,1258.0,6245.34,2.5,4.5,0.0,0,1.0,,2.0,7503.34,Other,3751.67,2501.1133333333332,55.91111111111111
652040,F,False,False,canada,calgary,YYC,56,0.0,0.0,3.0,1.3333333333333333,1534.0500000000002,2295.2275,1.3333333333333333,2.333333333333333,1.0,0,3.0,,3.0,3829.2775,Other,1276.4258333333335,2871.958125,164.36250000000007
652527,F,False,False,usa,akron,AKR,30,0.0,0.0,1.0,1.0,193.0,93.89,1.0,1.0,1.0,0,1.0,,1.0,286.89,Other,286.89,286.89,193.0
653332,F,True,True,usa,new york,LGA,55,0.0,0.0,1.0,1.0,600.0,408.33,1.0,3.0,0.0,0,1.0,,1.0,1008.3299999999999,Other,1008.3299999999999,1008.3299999999999,200.0
654233,F,False,False,usa,memphis,MEM,40,0.0,0.0,4.0,1.0,1774.1999999999998,757.0699999999999,1.0,3.0,0.5,0,4.0,,4.0,2531.2699999999995,Other,632.8174999999999,2531.2699999999995,147.85
654259,F,True,False,usa,san diego,SAN,48,0.0,0.0,5.0,1.4,4196.0,5275.08,1.4,3.4,0.8,0,5.0,,5.0,9471.08,Other,1894.216,6765.057142857143,176.30252100840337
655300,F,False,False,usa,new orleans,NBG,54,0.0,0.0,2.0,1.0,1044.5,476.13,1.0,2.5,1.0,0,2.0,,2.0,1520.63,Other,760.315,1520.63,208.9
656346,F,True,True,usa,chicago,UGN,49,0.0,0.0,2.0,1.0,1986.0,754.13,1.0,8.5,1.0,0,2.0,,2.0,2740.13,Other,1370.065,2740.13,116.82352941176471
656422,F,False,False,canada,quebec,YQB,39,1.0,0.0,3.0,1.75,1400.0,5423.4,2.0,1.3333333333333333,1.0,0,2.0,,4.0,6823.4,Other,1705.85,3899.085714285714,131.25
656708,F,True,True,canada,edmonton,YXD,55,0.0,0.0,2.0,1.0,586.0,1222.99,1.0,2.0,1.0,0,2.0,,2.0,1808.99,Other,904.495,1808.99,146.5
656873,F,False,False,canada,ottawa,YOW,48,1.0,0.0,2.0,1.0,609.0,1106.29,1.0,2.5,0.0,0,3.0,,3.0,1715.29,Other,571.7633333333333,1715.29,81.2
656920,F,True,False,usa,jacksonville,NIP,38,2.0,1.0,0.0,2.5,1464.0,3494.866,2.0,2.0,0.5,0,1.0,,3.0,4958.866,Other,1652.9553333333333,1983.5464,122.0
657629,M,False,False,usa,phoenix,LUF,31,1.0,1.0,2.0,1.6666666666666667,2095.7,4397.25,1.0,5.0,0.3333333333333333,0,3.0,,4.0,6492.95,Other,1623.2375,3895.7699999999995,104.785
658234,F,False,True,usa,tacoma,TCM,42,1.0,0.0,0.0,1.0,0.0,286.51,,,1.0,0,1.0,,1.0,286.51,Other,286.51,286.51,
662010,F,True,False,usa,denver,DEN,44,0.0,0.0,4.0,1.75,4031.0,3493.85,1.75,2.5,0.5,0,4.0,,4.0,7524.85,Other,1881.2125,4299.914285714286,230.34285714285716
662535,F,False,False,usa,kansas city,MCI,44,0.0,0.0,1.0,1.0,238.0,116.49,1.0,1.0,1.0,0,1.0,,1.0,354.49,Other,354.49,354.49,238.0
664084,F,False,False,usa,new york,JFK,38,0.0,0.0,1.0,1.0,218.0,199.32,1.0,2.0,1.0,0,1.0,,1.0,417.32,Other,417.32,417.32,109.0
664119,F,True,False,usa,st. petersburg,SPG,58,0.0,1.0,0.0,,1893.6,0.0,1.0,8.0,,0,0.0,,1.0,1893.6,Other,1893.6,,236.7
664998,F,True,False,usa,houston,EFD,51,1.0,0.0,1.0,2.0,240.0,1507.027,3.0,1.0,1.0,0,2.0,,2.0,1747.027,Other,873.5135,873.5135,40.0
665892,F,False,True,usa,knoxville,TYS,34,0.0,1.0,4.0,1.0,3280.4,1206.742,1.0,3.4,0.5,0,3.0,,5.0,4487.142,Other,897.4284,4487.142,192.96470588235294
667916,F,False,False,canada,vancouver,YVR,50,1.0,0.0,2.0,1.0,657.0,1919.65,1.0,3.0,0.3333333333333333,0,3.0,,3.0,2576.65,Other,858.8833333333333,2576.65,73.0
667929,F,False,False,usa,new york,LGA,37,1.0,0.0,0.0,1.0,0.0,108.19,,,1.0,0,1.0,,1.0,108.19,Other,108.19,108.19,
667981,F,True,False,usa,san antonio,RND,49,0.0,0.0,3.0,1.0,3540.0,951.38,1.0,6.333333333333333,0.0,0,3.0,,3.0,4491.38,Other,1497.1266666666668,4491.38,186.31578947368422
668172,F,False,False,usa,san francisco,SFO,35,1.0,0.0,2.0,1.3333333333333333,1027.0,4170.829,1.0,1.5,0.6666666666666666,0,3.0,,3.0,5197.829,Other,1732.6096666666665,3898.37175,228.2222222222222
668776,F,True,True,usa,sacramento,SMF,39,0.0,1.0,2.0,1.0,4535.0,534.98,1.3333333333333333,5.666666666666667,0.5,0,2.0,,3.0,5069.98,Other,1689.993333333333,5069.98,200.07352941176472
669155,F,False,True,usa,new york,LGA,22,0.0,1.0,0.0,,1550.4,0.0,1.0,17.0,,0,0.0,,1.0,1550.4,Other,1550.4,,91.2
669348,F,True,False,usa,bakersfield,BFL,42,0.0,0.0,2.0,1.0,532.0,1163.46,1.0,3.5,0.5,0,2.0,,2.0,1695.46,Other,847.73,1695.46,76.0
671066,F,True,True,usa,providence,PVD,51,0.0,0.0,1.0,1.0,552.0,97.51,1.0,6.0,0.0,0,1.0,,1.0,649.51,Other,649.51,649.51,92.0
672112,F,True,True,usa,madison,MSN,52,1.0,2.0,1.0,1.0,1692.0,400.96,1.0,5.0,0.5,0,2.0,,4.0,2092.96,Other,523.24,2092.96,84.6
674375,F,True,False,usa,sacramento,SMF,48,0.0,1.0,1.0,1.0,1090.9,444.2,1.0,7.0,1.0,0,1.0,,2.0,1535.1000000000001,Other,767.5500000000001,1535.1000000000001,77.92142857142858
675201,M,False,True,usa,phoenix,PHX,47,0.0,1.0,5.0,1.0,3223.45,2572.6025,1.0,3.333333333333333,0.6,0,5.0,,6.0,5796.0525,Other,966.00875,5796.0525,161.1725
676373,F,True,True,usa,new york,LGA,36,0.0,1.0,1.0,1.0,2424.0,508.72,1.0,7.0,1.0,0,1.0,,2.0,2932.7200000000003,Other,1466.3600000000001,2932.7200000000003,173.14285714285714
678536,F,True,False,usa,milwaukee,MKE,33,0.0,1.0,0.0,,901.0,0.0,1.0,17.0,,0,0.0,,1.0,901.0,Other,901.0,,53.0
678547,F,False,False,canada,toronto,YKZ,33,1.0,1.0,0.0,1.0,3834.0,274.58,2.0,10.0,1.0,0,1.0,,2.0,4108.58,Other,2054.29,4108.58,95.85
679047,F,False,False,usa,riverside,RAL,39,0.0,1.0,1.0,1.0,1320.0,116.92,1.0,5.0,1.0,0,1.0,,2.0,1436.92,Other,718.46,1436.92,132.0
679066,F,True,False,usa,montgomery,MXF,48,0.0,0.0,3.0,1.3333333333333333,2241.0,1536.64,1.3333333333333333,4.333333333333333,0.6666666666666666,0,3.0,,3.0,3777.6400000000003,Other,1259.2133333333334,2833.2300000000005,129.28846153846155
679442,M,True,False,usa,winston-salem,INT,45,0.0,0.0,1.0,2.0,332.0,662.44,2.0,1.0,1.0,0,1.0,,1.0,994.44,Other,994.44,497.22,166.0
680424,F,True,True,usa,new york,LGA,52,0.0,1.0,2.0,1.0,1927.0,374.64,1.0,3.6666666666666665,0.0,0,2.0,,3.0,2301.64,Other,767.2133333333333,2301.64,175.1818181818182
681050,F,False,False,usa,orlando,ORL,52,1.0,0.0,1.0,1.5,420.0,1888.48,1.0,5.0,0.5,0,2.0,,2.0,2308.48,Other,1154.24,1538.9866666666667,42.0
682005,F,False,False,usa,los angeles,LAX,33,0.0,2.0,0.0,,1054.0,0.0,1.5,4.5,,0,0.0,,2.0,1054.0,Other,527.0,,78.07407407407408
683976,F,False,True,usa,los angeles,LAX,25,0.0,1.0,0.0,,280.0,0.0,1.0,5.0,,0,0.0,,1.0,280.0,Other,280.0,,56.0
684806,F,False,True,usa,dallas,DAL,30,0.0,0.0,4.0,1.5,1319.0,3913.52,1.5,3.5,0.0,0,4.0,,4.0,5232.52,Other,1308.13,3488.346666666667,62.80952380952381
686920,F,True,False,usa,richmond,RIC,56,0.0,0.0,2.0,1.0,2310.0,770.2160000000001,1.0,5.0,1.0,0,2.0,,2.0,3080.2160000000003,Other,1540.1080000000002,3080.2160000000003,231.0
689374,F,True,True,usa,san jose,SJC,58,0.0,0.0,1.0,1.0,258.0,670.38,1.0,3.0,0.0,0,1.0,,1.0,928.38,Other,928.38,928.38,86.0
690422,F,False,False,usa,new york,LGA,47,0.0,0.0,3.0,1.0,1657.0,1270.18,1.0,2.333333333333333,0.6666666666666666,0,3.0,,3.0,2927.1800000000003,Other,975.7266666666668,2927.1800000000003,236.71428571428575
691334,F,False,True,usa,new york,JFK,51,0.0,0.0,3.0,1.0,1558.0,1870.34,1.0,2.6666666666666665,0.6666666666666666,0,3.0,,3.0,3428.34,Other,1142.78,3428.34,194.75000000000003
691546,F,False,True,usa,portland,PWM,48,0.0,0.0,5.0,1.0,1720.4,1570.61,1.0,2.2,0.6,0,5.0,,5.0,3291.01,Other,658.202,3291.01,156.4
693729,F,True,True,usa,dallas,DAL,31,0.0,0.0,2.0,1.0,683.0,434.94000000000005,1.0,2.0,1.0,0,2.0,,2.0,1117.94,Other,558.97,1117.94,170.75
695557,F,False,False,usa,san diego,SAN,33,0.0,0.0,4.0,1.25,2663.6,3646.0475,1.25,2.5,0.75,0,3.0,,4.0,6309.6475,Other,1577.411875,5047.718,213.08800000000002
698291,F,False,False,usa,corpus christi,CRP,29,0.0,0.0,3.0,1.3333333333333333,1752.0,1352.39,1.3333333333333333,3.6666666666666665,0.6666666666666666,0,3.0,,3.0,3104.3900000000003,Other,1034.7966666666669,2328.2925000000005,119.45454545454545
699040,F,False,False,usa,kansas city,MCI,37,1.0,0.0,0.0,1.0,0.0,129.05749999999998,,,0.0,0,1.0,,1.0,129.05749999999998,Other,129.05749999999998,129.05749999999998,
703333,F,False,True,usa,boston,BOS,45,0.0,0.0,1.0,1.0,452.0,656.64,1.0,4.0,0.0,0,1.0,,1.0,1108.6399999999999,Other,1108.6399999999999,1108.6399999999999,113.0
704652,F,False,True,usa,new york,JFK,52,0.0,0.0,3.0,1.3333333333333333,1034.0,1575.59,1.3333333333333333,1.6666666666666667,0.6666666666666666,0,3.0,,3.0,2609.59,Other,869.8633333333333,1957.1925,155.10000000000002
710489,F,False,False,usa,buffalo,BUF,39,1.0,0.0,2.0,1.3333333333333333,1239.0,599.05,1.5,2.0,0.6666666666666666,0,3.0,,3.0,1838.05,Other,612.6833333333333,1378.5375000000001,137.66666666666666
714420,F,True,True,usa,nashville,BNA,45,0.0,0.0,2.0,1.5,1596.7,713.1065,1.5,2.5,1.0,0,2.0,,2.0,2309.8065,Other,1154.90325,1539.871,212.89333333333335
714504,F,False,False,usa,san antonio,SAT,48,0.0,0.0,2.0,1.0,631.2,773.04,1.0,2.5,1.0,0,2.0,,2.0,1404.24,Other,702.12,1404.24,126.24000000000001
717149,F,True,False,canada,ottawa,YOW,33,0.0,0.0,1.0,1.0,77.0,480.3975,1.0,1.0,1.0,0,1.0,,1.0,557.3975,Other,557.3975,557.3975,77.0
720860,F,False,True,usa,long beach,LGB,40,0.0,0.0,4.0,1.5,2247.0,4756.54,1.5,2.5,0.75,0,4.0,,4.0,7003.54,Other,1750.885,4669.026666666667,149.8
721496,F,True,True,usa,chicago,MDW,52,0.0,1.0,1.0,1.0,2275.6,61.05649999999999,1.0,8.0,0.0,0,1.0,,2.0,2336.6565,Other,1168.32825,2336.6565,142.225
756434,F,False,True,usa,omaha,OFF,44,0.0,1.0,1.0,1.0,1255.0,359.14,1.5,2.5,0.0,0,1.0,,2.0,1614.1399999999999,Other,807.0699999999999,1614.1399999999999,167.33333333333331
757930,F,False,False,usa,las vegas,LAS,48,1.0,1.0,2.0,1.0,2180.0,802.375,1.0,4.0,0.3333333333333333,0,3.0,,4.0,2982.375,Other,745.59375,2982.375,136.25
760793,F,True,False,usa,modesto,MOD,43,0.0,1.0,2.0,1.0,2664.0,825.26,1.0,4.666666666666667,0.5,0,2.0,,3.0,3489.26,Other,1163.0866666666668,3489.26,190.28571428571428
792549,F,False,False,usa,kansas city,MCI,48,3.0,0.0,1.0,1.0,144.0,1039.17,1.0,4.0,0.5,0,4.0,,4.0,1183.17,Other,295.7925,1183.17,9.0
811077,F,True,True,usa,knoxville,TYS,47,0.0,0.0,1.0,1.0,852.0,579.79,1.0,6.0,0.0,0,1.0,,1.0,1431.79,Other,1431.79,1431.79,142.0
