user_id,gender,married,has_children,home_country,home_city,home_airport,age,amount_only_flight_trips,amount_only_hotel_trips,amount_pauschal_trips,seats,hotel_revenue_w_discount,flight_revenue_w_discount,rooms,nights,checked_bags,cancellation,amount_unique_destinations,fav_hotel
94883,F,True,False,usa,kansas city,MCI,54,,,2.0,1.5,230.0,1487.26,1.5,1.0,0.5,0,2.0,
101486,F,True,True,usa,tacoma,TCM,53,,1.0,1.0,1.0,2199.0,189.91,1.5,4.0,0.0,0,1.0,
101961,F,True,False,usa,boston,BOS,45,,,5.0,1.0,2429.0,1237.693,1.0,3.8,0.4,0,5.0,
106907,F,True,True,usa,miami,TNT,47,,,,,,,,,,1,,
118043,F,False,True,usa,los angeles,LAX,54,1.0,2.0,2.0,2.0,5616.45,5126.56,1.25,5.5,1.0,0,3.0,Fairmont
149058,F,False,True,usa,birmingham,BHM,53,,,5.0,,5579.0,,1.2,5.2,,0,,
153982,F,False,True,canada,toronto,YKZ,47,,,3.0,1.0,681.0,656.87,1.0,1.3333333333333333,0.3333333333333333,0,3.0,
167852,F,False,False,usa,tampa,MCF,20,,,,,,,,,,0,,
174997,F,False,False,usa,grand rapids,GRR,34,,,2.0,1.0,448.0,590.43,1.0,2.0,0.0,1,2.0,
181157,F,True,False,usa,houston,HOU,55,,,3.0,2.0,4987.8,2325.902,2.0,3.3333333333333335,1.0,0,2.0,Radisson 
190866,F,False,False,usa,tallahassee,TLH,39,,,5.0,1.0,1496.0,2081.0,1.0,2.0,0.4,0,4.0,Fairmont
204997,F,True,False,usa,kansas city,MCI,40,1.0,,1.0,1.0,284.0,488.47,1.0,4.0,0.5,2,2.0,
217114,O,True,True,usa,long beach,LGB,22,,,,,,,,,,0,,
228195,F,False,True,usa,los angeles,LAX,29,,,,,,,,,,0,,
229009,F,False,False,usa,stockton,SCK,19,,,2.0,1.0,474.0,1061.63,1.0,1.5,0.5,1,2.0,
252835,F,False,True,usa,chicago,ORD,40,1.0,,4.0,1.0,1460.0,1615.635,1.0,2.75,0.6,0,3.0,
281952,F,False,False,usa,louisville,LOU,39,,,2.0,1.0,236.29999999999998,684.72,1.0,1.0,1.5,0,2.0,
283325,F,True,False,usa,dallas,DAL,53,,1.0,1.0,1.0,2884.0,407.943,1.5,3.0,0.0,0,1.0,
298253,F,True,True,usa,los angeles,LAX,48,1.0,,,1.0,,712.42,,,2.0,0,1.0,
299476,F,True,False,usa,atlanta,ATL,41,,,1.0,1.0,71.0,192.38,1.0,1.0,0.0,0,1.0,
306165,F,False,False,usa,cleveland,CLE,23,,,,,,,,,,0,,
312488,M,True,False,usa,new york,JFK,32,,,1.0,1.0,299.0,407.1,1.0,1.0,1.0,0,1.0,
316527,F,True,True,canada,winnipeg,YWG,43,,,4.0,1.25,5658.3,2436.64,1.25,3.0,0.25,0,4.0,
330764,F,False,False,usa,detroit,DET,41,,2.0,,,1094.0,,1.0,4.5,,1,,
330893,F,True,True,usa,oklahoma city,OKC,45,,,3.0,1.0,750.0,861.61,1.0,2.0,0.6666666666666666,0,3.0,
337227,F,True,False,usa,santa ana,SNA,36,,,,,,,,,,0,,
338086,F,False,True,usa,washington,IAD,42,,,2.0,1.0,192.0,981.69,1.0,1.5,0.5,0,2.0,
340166,M,True,True,usa,san francisco,SFO,53,,1.0,,,474.0,,1.0,2.0,,0,,
347778,F,False,False,usa,las vegas,LSV,51,1.0,,4.0,1.6,4474.0,12436.289999999999,1.75,2.25,1.0,0,4.0,
348863,F,True,False,usa,san antonio,SKF,69,,,,,,,,,,0,,
350648,F,False,False,usa,lincoln,LNK,20,,,,,,,,,,1,,
353271,F,False,True,usa,milwaukee,MKE,28,,,1.0,2.0,272.0,816.8,2.0,1.0,0.0,0,1.0,
353694,F,False,True,usa,new york,LGA,41,,,2.0,1.5,1634.0,713.52,1.5,4.5,0.5,0,2.0,
354050,F,False,False,usa,detroit,DET,52,,,5.0,1.2,2512.6,2599.876,1.2,2.4,0.2,0,5.0,Accor
354260,F,False,False,usa,providence,PVD,51,1.0,,1.0,1.0,520.0,1165.01,1.0,2.0,1.0,0,2.0,
354311,F,True,False,usa,tucson,DMA,47,1.0,,1.0,1.0,291.0,1072.8899999999999,1.0,3.0,0.5,0,2.0,
357737,F,True,True,usa,san diego,SAN,43,,1.0,3.0,1.0,1236.1,1959.7,1.0,3.0,0.0,1,2.0,
359072,F,True,True,canada,montreal,YUL,53,,,2.0,1.0,447.0,133.15,1.0,1.5,0.5,1,2.0,
359080,F,True,False,usa,new york,JFK,44,2.0,,2.0,1.25,1383.0,8924.91,1.0,2.0,1.0,0,4.0,Wyndham
361459,F,True,True,usa,houston,EFD,43,,,1.0,1.0,165.0,393.91,1.0,1.0,1.0,0,1.0,
365825,F,False,False,usa,los angeles,LAX,47,,,1.0,,950.0,,1.0,10.0,,1,,
372970,F,False,False,usa,charlotte,CLT,36,,,2.0,1.0,408.0,1293.3000000000002,1.0,1.0,0.5,0,2.0,Rosewood
373489,F,True,True,usa,wichita,ICT,39,,,1.0,4.0,1224.0,22353.93,2.0,12.0,3.0,0,1.0,
374331,M,False,False,usa,milwaukee,MKE,44,,1.0,,,6720.0,,2.0,12.0,,1,,
374341,F,False,False,usa,detroit,YIP,27,,3.0,,,6840.0,,2.0,7.333333333333333,,0,,
375160,F,False,False,usa,houston,EFD,22,,,,,,,,,,0,,
375729,F,False,False,usa,atlanta,ATL,55,,,3.0,1.0,1667.0,896.282,1.0,2.0,0.3333333333333333,0,3.0,
375751,F,True,False,usa,cleveland,CLE,52,1.0,,2.0,1.0,999.0,707.56,1.0,3.0,0.3333333333333333,0,3.0,
376159,F,False,False,usa,long beach,LGB,44,,1.0,1.0,1.0,708.0,367.24,1.0,3.0,1.0,0,1.0,
377411,F,True,False,canada,montreal,YMX,40,,,2.0,1.5,1026.0,1905.5359999999998,1.5,2.5,0.0,0,2.0,
378565,F,True,True,usa,nashville,BNA,42,,3.0,2.0,1.0,8600.0,687.941,1.2,8.8,0.5,0,2.0,
380434,F,True,True,usa,oklahoma city,TIK,51,,,3.0,1.0,1426.0,999.3375,1.0,2.3333333333333335,0.3333333333333333,0,3.0,
380757,F,False,True,usa,los angeles,LAX,48,,,3.0,1.0,1310.35,495.62,1.0,4.666666666666667,0.3333333333333333,0,3.0,
380949,F,False,False,usa,san antonio,SAT,48,1.0,,3.0,1.0,1654.0,1517.0900000000001,1.0,2.3333333333333335,0.25,1,4.0,
382181,F,True,False,canada,halifax,YHZ,38,1.0,,2.0,1.0,920.0,1073.04,1.0,2.5,0.6666666666666666,0,3.0,
382384,F,True,False,usa,st. petersburg,PIE,59,,,1.0,1.0,156.0,228.63,1.0,1.0,1.0,0,1.0,
382533,F,False,False,usa,long beach,LGB,20,,,,,,,,,,0,,
385689,F,False,True,usa,nashville,BNA,51,,1.0,3.0,,3545.0,,1.25,4.0,,0,,
386255,F,False,True,usa,mobile,BFM,34,,1.0,,,2144.0,,2.0,4.0,,0,,
386469,F,False,False,usa,stockton,SCK,19,,,,,,,,,,0,,
388328,F,True,True,canada,toronto,YYZ,52,,2.0,3.0,1.0,4770.9,1240.7,1.0,4.6,1.0,0,3.0,Aman Resorts
388767,F,True,True,usa,tallahassee,TLH,46,,,1.0,,1890.0,,1.0,10.0,,0,,
388947,M,False,False,usa,new york,LGA,42,1.0,,2.0,1.0,684.0,1196.2385,1.0,2.0,0.6666666666666666,0,3.0,
389434,F,False,False,usa,new york,LGA,44,,,4.0,1.0,1309.0,1725.28,1.0,1.75,0.25,1,3.0,
389662,F,False,False,usa,fresno,FAT,40,,1.0,2.0,1.0,815.0,631.063,1.0,1.3333333333333333,1.0,0,2.0,
389759,F,False,True,usa,anchorage,ANC,35,,,3.0,1.6666666666666667,2628.0,5732.331,1.6666666666666667,2.0,0.3333333333333333,0,3.0,
390811,F,False,False,usa,los angeles,LAX,42,,,3.0,1.0,1387.0,1099.02,1.0,3.6666666666666665,0.6666666666666666,0,3.0,
392453,F,False,False,usa,el paso,ELP,60,,,1.0,1.0,1166.0,374.281,1.0,11.0,1.0,0,1.0,
395981,F,True,False,canada,vancouver,YVR,53,,,3.0,1.3333333333333333,1399.0,2725.986,1.3333333333333333,1.0,1.0,0,3.0,Banyan Tree 
399218,F,True,True,usa,fort worth,FTW,46,1.0,,1.0,1.0,246.0,487.9,1.0,2.0,0.5,0,2.0,
400275,F,True,True,usa,phoenix,LUF,58,1.0,,1.0,,1052.0,,1.0,4.0,,0,,
401245,F,False,False,usa,omaha,OFF,30,1.0,,2.0,,722.0,,1.0,3.0,,0,,
402332,F,False,False,usa,sacramento,MCC,34,,,2.0,1.5,424.65,1005.0740000000001,1.5,1.0,0.0,0,2.0,
403881,F,False,False,usa,san diego,NZY,46,,,4.0,1.5,1974.0,5241.51,1.5,2.75,0.75,0,4.0,Starwood 
404879,F,True,False,usa,newark,EWR,40,1.0,,3.0,1.25,5029.0,1093.56,1.3333333333333333,3.3333333333333335,0.5,0,4.0,
407250,F,False,False,usa,laredo,LRD,38,1.0,,3.0,,1025.0,,1.0,3.0,,0,,
407275,F,False,False,usa,philadelphia,PNE,44,1.0,,3.0,1.0,2576.0,746.9499999999999,1.0,5.0,0.5,0,4.0,
408551,F,True,True,usa,chicago,UGN,45,,,2.0,1.0,1076.0,647.39,1.0,2.5,0.5,0,2.0,
409073,F,True,False,usa,sacramento,MCC,44,,,3.0,1.0,803.0,1578.56,1.0,1.6666666666666667,1.0,0,2.0,
413340,F,True,True,usa,nashville,BNA,49,2.0,,1.0,1.0,1096.0,532.06,1.0,8.0,0.6666666666666666,0,3.0,
413658,F,True,True,usa,philadelphia,PNE,53,,1.0,1.0,1.0,1593.0,189.04,1.5,3.0,1.0,1,1.0,
415381,F,True,False,usa,chicago,UGN,48,1.0,,2.0,1.0,704.0,451.21000000000004,1.0,2.5,1.0,0,3.0,
416319,F,True,False,usa,new york,LGA,57,,,2.0,1.0,219.0,147.6,1.0,1.0,0.5,0,2.0,
418692,F,False,False,usa,fort worth,FTW,41,,,2.0,2.0,631.65,2312.313,2.0,1.5,0.5,1,2.0,
420669,F,True,True,canada,calgary,YYC,53,,1.0,1.0,1.0,1566.0,597.15,1.0,6.0,1.0,2,1.0,
421870,M,True,True,usa,little rock,LIT,31,1.0,,2.0,,1435.0,,1.0,2.5,,0,,
422668,F,False,False,usa,houston,HOU,20,,,,,,,,,,0,,
424553,F,True,False,usa,oklahoma city,TIK,51,,2.0,1.0,1.0,1798.0,393.35,1.0,5.333333333333333,1.0,0,1.0,
425632,F,True,False,usa,tampa,MCF,47,1.0,1.0,1.0,1.0,2280.0,888.98,1.0,5.0,0.5,0,2.0,
425953,F,True,False,usa,nashville,BNA,40,,,4.0,1.75,1162.85,1596.6765,1.75,2.0,0.0,0,2.0,
425966,F,True,False,usa,las vegas,LAS,58,,,2.0,1.0,537.0,1318.67,1.0,2.0,0.5,0,2.0,
428552,F,True,False,usa,new york,LGA,39,,,2.0,1.0,610.0,692.4375,1.0,1.5,0.0,0,2.0,
428858,F,False,False,usa,san diego,NZY,23,,1.0,1.0,1.0,4072.0,689.01,1.0,6.0,1.0,1,1.0,
429345,M,True,True,usa,tallahassee,TLH,68,,1.0,,,714.0,,1.0,6.0,,0,,
429375,F,False,False,usa,new york,LGA,36,,,2.0,1.0,753.0,377.23,1.0,1.5,1.0,1,2.0,
430722,M,False,False,usa,mobile,BFM,30,,,2.0,1.0,921.4,336.86400000000003,1.0,2.5,1.0,1,2.0,
431746,F,False,False,usa,des moines,DSM,42,,,1.0,2.0,207.1,1100.32,2.0,1.0,2.0,0,1.0,
431899,F,True,False,usa,seattle,SEA,46,,,,,,,,,,1,,
431912,F,False,True,usa,detroit,DET,37,1.0,,,2.0,,591.78,,,1.0,0,1.0,
432333,F,True,True,usa,milwaukee,MKE,51,,1.0,1.0,1.0,1460.0,515.36,1.0,4.5,1.0,0,1.0,
433080,F,True,False,usa,colorado springs,COS,46,,,4.0,,1675.6,,1.25,3.25,,0,,
433339,F,False,True,usa,detroit,DET,28,,1.0,1.0,1.0,2230.0,54.64,1.0,7.0,1.0,0,1.0,
435596,F,False,False,usa,houston,EFD,55,,,2.0,1.0,892.0,803.4300000000001,1.0,2.0,0.5,0,2.0,
435882,F,True,False,usa,washington,DCA,53,,,2.0,1.0,1312.0,591.23,1.0,2.0,0.5,1,2.0,
436320,F,True,True,usa,milwaukee,MKE,51,,,2.0,1.0,629.0,379.03700000000003,1.0,2.5,0.5,0,2.0,
436894,F,True,False,usa,louisville,LOU,44,,,2.0,1.0,931.0,313.81,1.0,4.0,0.5,0,2.0,
437069,F,False,False,usa,tucson,DMA,45,,,5.0,1.2,2491.9,2123.52,1.2,3.6,0.6,0,5.0,Marriott 
437162,F,False,False,usa,madison,MSN,32,,,1.0,1.0,253.64999999999998,546.44,1.0,1.0,1.0,1,1.0,
437251,F,False,False,canada,london,YXU,45,,,3.0,1.0,281.0,1087.1200000000001,1.0,1.3333333333333333,0.3333333333333333,0,2.0,InterContinental 
438189,F,True,False,usa,fort worth,FTW,38,1.0,,5.0,1.1666666666666667,2669.3,2873.26,1.2,2.2,0.8333333333333334,0,6.0,Choice Hotels
438839,F,False,True,usa,new york,JFK,52,,,3.0,1.0,2932.0,576.574,1.0,6.666666666666667,0.6666666666666666,0,3.0,
438937,F,False,False,usa,sacramento,SMF,39,,,2.0,,1255.25,,1.0,2.5,,0,,
438985,F,False,False,usa,new york,JFK,32,,,2.0,1.0,584.1,1281.7385,1.0,2.0,0.5,1,2.0,
440212,F,True,True,usa,winston-salem,INT,41,,,1.0,1.0,116.0,520.812,1.0,2.0,1.0,0,1.0,
441205,F,True,True,usa,san antonio,RND,49,2.0,,,1.0,,797.74,,,0.5,0,2.0,
441982,F,False,False,usa,new york,JFK,49,2.0,,3.0,1.4,2418.0,1848.183,1.0,2.6666666666666665,0.4,0,4.0,
442484,F,True,False,usa,houston,EFD,45,2.0,,1.0,1.0,85.0,757.417,1.0,1.0,0.3333333333333333,0,3.0,
442718,F,True,True,usa,new york,JFK,51,2.0,,2.0,1.25,1264.8,4080.4395,1.5,5.0,0.25,0,4.0,
442833,F,True,False,canada,calgary,YYC,41,,,4.0,1.25,1594.0,3764.6400000000003,1.25,1.25,0.25,0,4.0,
443305,F,False,False,usa,chicago,ORD,23,,,1.0,1.0,435.0,206.2,1.0,3.0,1.0,0,1.0,
444885,F,True,False,usa,amarillo,AMA,35,,,1.0,1.0,333.0,469.48,1.0,3.0,2.0,0,1.0,
446138,F,True,False,usa,houston,IAH,41,,1.0,1.0,1.0,5291.0,236.69,1.0,8.0,0.0,1,1.0,
447737,F,False,False,canada,calgary,YYC,44,1.0,,2.0,1.3333333333333333,229.6,3220.52,1.5,1.5,1.0,0,2.0,
447951,F,False,False,usa,columbus,LCK,44,,,2.0,,676.0,,1.0,1.5,,0,,
448025,F,False,False,canada,montreal,YHU,31,,,1.0,1.0,608.0,147.12,1.0,4.0,0.0,0,1.0,
448154,F,False,False,usa,los angeles,LAX,57,1.0,,1.0,3.0,1806.0,8185.4800000000005,2.0,7.0,0.0,0,2.0,
448295,M,True,False,usa,lubbock,LBB,53,,,2.0,1.0,556.0,526.45,1.0,1.5,0.5,0,2.0,Fairmont
449326,F,False,False,canada,halifax,YAW,41,,,2.0,1.0,715.0,1293.06,1.0,3.5,0.5,0,2.0,
449980,F,False,False,canada,winnipeg,YAV,20,,,,,,,,,,1,,
450164,F,True,False,usa,phoenix,PHX,39,,,4.0,1.5,2401.0,2292.07,1.5,3.25,0.5,0,4.0,Best Western
450193,F,False,False,canada,montreal,YUL,37,,,2.0,1.0,6068.0,1062.793,1.0,8.0,0.5,0,2.0,
451291,F,True,False,usa,st. louis,STL,56,3.0,,1.0,1.25,182.0,5680.313999999999,1.0,1.0,0.5,0,4.0,
452034,F,False,False,usa,cleveland,CLE,51,,,1.0,1.0,1570.0,262.41,1.0,5.0,1.0,2,1.0,
452532,F,False,False,usa,el paso,ELP,35,2.0,,,1.0,,641.1675,,,1.0,1,1.0,
452594,F,False,True,usa,las vegas,LSV,46,,1.0,3.0,1.0,4048.0,1025.8809999999999,1.25,5.25,0.3333333333333333,0,3.0,Extended Stay 
452612,F,True,True,usa,rochester,ROC,45,,,1.0,,592.0,,1.0,4.0,,1,,
453168,F,True,False,usa,new york,LGA,48,1.0,,3.0,1.0,728.0,1326.442,1.0,3.0,0.5,0,4.0,
454934,F,True,False,usa,tacoma,TCM,44,,,2.0,1.0,735.0,764.2,1.0,2.5,0.5,1,2.0,
456318,F,False,False,usa,los angeles,LAX,32,,,1.0,1.0,302.0,347.66,1.0,2.0,0.0,0,1.0,
456663,F,True,True,usa,new york,LGA,39,,,2.0,1.0,744.0,812.981,1.0,2.0,1.5,0,2.0,
456671,F,False,False,usa,san antonio,SAT,40,,,1.0,1.0,160.0,392.49,1.0,1.0,2.0,0,1.0,
457468,F,True,False,usa,phoenix,LUF,42,,2.0,2.0,2.0,3247.0,733.9775,1.5,4.5,2.0,0,2.0,
458479,F,False,False,usa,chicago,UGN,47,,1.0,1.0,1.0,2612.0,397.17,1.0,7.0,1.0,2,1.0,
458725,F,False,False,usa,montgomery,MXF,19,,,,,,,,,,0,,
458762,F,True,True,canada,montreal,YHU,42,3.0,1.0,,1.0,425.0,720.72,1.0,5.0,1.0,0,3.0,
458814,F,False,False,usa,oklahoma city,OKC,34,1.0,1.0,2.0,1.6666666666666667,4386.0,1227.479,1.6666666666666667,4.333333333333333,0.0,0,3.0,
458855,F,True,True,usa,tucson,TUS,32,,,2.0,1.5,520.8,1284.41,1.5,1.5,0.5,0,2.0,
458919,F,False,False,usa,fresno,FAT,38,,,2.0,1.0,298.0,1336.23,1.0,1.0,1.5,0,2.0,
459229,F,True,False,usa,new york,LGA,43,1.0,,3.0,1.75,5252.0,12978.553999999998,2.0,6.333333333333333,0.5,0,4.0,
460072,M,False,False,usa,kansas city,MCI,51,,1.0,1.0,1.0,1420.6999999999998,335.73,1.0,4.0,0.0,0,1.0,
460553,F,True,True,usa,laredo,LRD,57,,2.0,1.0,1.0,3853.0,513.07,1.0,8.666666666666666,1.0,0,1.0,
461559,F,False,False,canada,victoria,YYJ,34,1.0,,3.0,1.0,946.8,1155.87,1.0,3.6666666666666665,0.5,0,4.0,
462894,F,False,False,usa,columbus,LCK,53,1.0,,,1.0,,490.43,,,1.0,0,1.0,
463783,F,False,False,usa,st. louis,STL,52,2.0,1.0,1.0,1.0,5582.0,917.47,1.0,4.5,0.6666666666666666,0,3.0,
463867,F,False,False,usa,detroit,DTW,33,,,2.0,1.0,275.0,501.51,1.0,1.0,1.0,0,2.0,
464080,F,True,False,canada,quebec,YQB,73,,,1.0,1.0,600.0,126.7,1.0,5.0,2.0,0,1.0,
464239,F,False,False,usa,columbus,CMH,51,,,3.0,1.0,941.0,825.05,1.0,2.3333333333333335,0.3333333333333333,0,3.0,
465138,F,False,False,usa,birmingham,BHM,39,,,4.0,1.0,2224.0,845.97,1.0,2.5,0.75,0,4.0,
465343,F,True,True,usa,los angeles,LAX,54,,,2.0,1.5,3189.0,3062.3485,1.5,3.0,1.0,0,2.0,
465531,F,True,False,usa,newark,EWR,36,,,2.0,1.0,792.0,405.71,1.0,3.5,0.0,0,2.0,
465568,F,True,True,usa,el paso,BIF,51,,1.0,,,525.6,,1.0,3.0,,0,,
465731,F,False,False,usa,phoenix,LUF,58,,,2.0,1.0,2052.0,1063.8200000000002,1.0,5.0,0.0,1,2.0,
467092,F,False,True,usa,los angeles,LAX,20,,,,,,,,,,1,,
467339,F,False,True,usa,san diego,SAN,44,1.0,,2.0,1.3333333333333333,741.0,654.64,1.5,2.5,1.3333333333333333,0,3.0,
467809,F,False,True,usa,reno,RNO,49,,,3.0,1.0,647.0,1359.9699999999998,1.0,1.3333333333333333,0.3333333333333333,0,3.0,Starwood 
467892,F,False,False,usa,new york,JFK,33,,1.0,3.0,1.0,1625.4,1149.33,1.0,2.5,0.0,1,3.0,
468409,F,True,False,usa,jacksonville,NZC,51,,,4.0,1.0,2250.0,870.79,1.0,3.0,0.75,1,4.0,
468832,F,True,False,canada,montreal,YMX,39,,1.0,3.0,1.0,2044.0,1282.1799999999998,1.0,4.0,0.6666666666666666,1,3.0,
469440,F,True,True,usa,los angeles,LAX,46,1.0,,2.0,,531.0,,1.0,1.5,,1,,
469464,F,True,False,usa,mobile,BFM,48,1.0,2.0,1.0,2.0,2105.35,2416.76,1.6666666666666667,4.666666666666667,1.5,0,2.0,
469699,F,True,True,usa,new york,LGA,56,,1.0,1.0,1.0,705.0,94.0,1.0,2.5,2.0,0,1.0,
469824,F,False,False,usa,los angeles,LAX,53,,1.0,2.0,1.0,2130.0,190.25,1.3333333333333333,5.0,1.0,0,2.0,
471161,F,False,False,usa,houston,EFD,43,,,2.0,1.5,279.2,1565.942,1.5,1.5,1.5,0,2.0,
471186,F,True,False,usa,los angeles,LAX,52,,,2.0,1.0,246.8,1178.48,1.0,1.0,0.0,0,2.0,
471649,F,True,True,usa,fort worth,FTW,49,,1.0,,,96.0,,1.0,4.0,,0,,
471687,F,True,False,usa,los angeles,LAX,43,,,4.0,1.25,2531.0,1879.01,1.25,2.0,0.5,0,3.0,
471935,F,True,False,usa,laredo,LRD,50,,1.0,2.0,1.5,1440.0,2294.66,1.3333333333333333,2.0,0.0,0,2.0,
471946,F,True,True,usa,santa ana,SNA,47,,1.0,,,282.0,,1.0,3.0,,0,,
472394,F,False,False,usa,tucson,TUS,44,,1.0,1.0,1.0,3046.0,377.85,1.0,5.0,1.0,0,1.0,
472446,F,False,False,canada,toronto,YZD,19,1.0,,1.0,,420.0,,1.0,1.0,,0,,
473847,F,False,True,usa,chicago,MDW,33,,,1.0,2.0,836.0,1128.512,2.0,4.0,1.0,0,1.0,
474007,F,False,False,usa,chicago,ORD,20,,,1.0,1.0,146.0,77.23,1.0,1.0,0.0,0,1.0,
474120,M,False,True,canada,quebec,YQB,45,,,3.0,1.3333333333333333,4032.0,3898.62,1.3333333333333333,4.0,0.3333333333333333,1,3.0,
474239,F,True,True,usa,el paso,BIF,27,,,,,,,,,,1,,
474261,F,False,False,canada,toronto,YZD,36,,2.0,1.0,,2852.0,,1.0,6.666666666666667,,0,,
474278,F,False,False,usa,portland,PWM,27,,,,,,,,,,0,,
474464,F,True,False,usa,new york,LGA,59,1.0,,2.0,,1248.0,,2.0,2.5,,0,,Radisson 
475060,F,False,False,usa,new york,LGA,33,,,2.0,1.0,668.0,295.48,1.0,3.0,1.0,0,2.0,
475467,F,False,False,usa,san antonio,SAT,37,,,3.0,1.0,1920.3,959.4565,1.0,2.6666666666666665,1.0,0,3.0,Marriott 
475531,F,False,False,usa,detroit,YIP,40,1.0,,3.0,1.0,649.0,1319.8,1.0,2.0,0.75,0,3.0,
476104,F,False,True,usa,san jose,SJC,52,,1.0,6.0,1.0,6417.0,2646.31,1.1428571428571428,2.2857142857142856,1.1666666666666667,0,5.0,
476124,F,False,False,canada,edmonton,YED,37,,,3.0,1.0,1253.0,1224.9924999999998,1.0,2.6666666666666665,0.6666666666666666,0,3.0,
476270,M,False,False,canada,edmonton,YXD,53,,1.0,2.0,1.0,2251.0,627.29,1.0,4.333333333333333,0.5,0,2.0,
476535,F,False,True,canada,vancouver,YVR,50,1.0,,3.0,1.0,269.05,1792.21,1.0,1.3333333333333333,0.75,0,4.0,
476742,M,False,True,usa,orlando,ORL,50,1.0,1.0,,,2249.1,,1.0,9.0,,0,,
476956,F,False,False,canada,montreal,YUL,30,,1.0,2.0,1.0,1097.0,965.52,1.0,2.3333333333333335,0.0,0,2.0,
477285,F,True,False,usa,akron,AKR,54,,,2.0,1.0,513.0999999999999,632.5600000000001,1.0,1.5,0.5,0,2.0,
477597,F,True,True,usa,san diego,SAN,49,,,2.0,,591.0,,1.0,2.0,,0,,
477730,F,False,False,usa,san diego,SAN,47,,,5.0,1.2,5655.5,4865.92,1.2,3.8,0.0,0,4.0,
477805,F,False,False,usa,nashville,BNA,35,,1.0,,,2000.0,,1.0,10.0,,0,,
478291,F,True,True,usa,new york,LGA,49,,,2.0,1.0,494.0,802.3199999999999,1.0,1.0,1.0,0,2.0,
478533,F,True,False,usa,phoenix,PHX,50,,,1.0,1.0,348.0,445.66,1.0,4.0,0.0,0,1.0,
478801,F,True,False,usa,wichita,ICT,51,,,3.0,1.0,357.0,954.22,1.0,1.6666666666666667,0.6666666666666666,0,3.0,
478834,M,False,True,usa,st. petersburg,SPG,42,,,,,,,,,,0,,
479078,M,False,False,usa,san francisco,SFO,20,,,1.0,,870.0,,1.0,6.0,,0,,
480186,F,False,False,usa,san jose,SJC,26,,,,,,,,,,0,,
480690,F,False,False,usa,louisville,LOU,49,,,4.0,1.0,2479.3,838.664,1.0,2.25,0.5,0,4.0,
480877,F,True,False,usa,columbus,LCK,50,1.0,,3.0,1.25,1499.0,1361.404,1.3333333333333333,1.6666666666666667,1.0,0,3.0,
480895,F,False,False,usa,san antonio,SKF,44,,,2.0,,1470.0,,1.0,5.5,,1,,Choice Hotels
480975,F,True,False,canada,montreal,YMX,73,,,,,,,,,,0,,
481358,F,False,False,usa,dallas,DAL,20,1.0,,,,,,,,,0,,
481622,F,True,False,canada,london,YXU,44,,,4.0,,4325.8,,1.25,3.0,,0,,
481772,F,False,False,usa,oakland,OAK,35,1.0,2.0,,1.0,9588.0,84.932,1.0,17.0,1.0,0,1.0,
481781,F,False,False,usa,los angeles,LAX,77,,,,,,,,,,0,,
482335,F,False,False,usa,houston,HOU,44,,1.0,,,228.0,,1.0,2.0,,0,,
482424,F,False,False,usa,portland,PDX,42,,1.0,3.0,1.3333333333333333,2066.0,1537.664,1.25,2.5,0.6666666666666666,0,3.0,
482548,F,False,True,usa,houston,HOU,31,,,3.0,1.0,1832.0,655.52,1.0,3.6666666666666665,0.6666666666666666,1,3.0,
482602,F,False,False,usa,chicago,MDW,46,2.0,,2.0,1.75,490.0,3340.56,1.0,2.0,0.5,0,4.0,
482621,F,True,True,usa,new york,LGA,49,,1.0,1.0,,2334.0,,1.5,6.0,,0,,
483345,F,True,True,usa,new york,LGA,46,,,5.0,,2723.0,,1.4,2.2,,0,,Banyan Tree 
483483,F,True,True,canada,hamilton,YHM,47,,,2.0,1.0,387.0,275.81,1.0,1.5,0.5,0,2.0,
483525,F,True,True,canada,edmonton,YED,47,,,1.0,1.0,306.0,360.81,1.0,2.0,1.0,0,1.0,
483982,F,False,False,usa,oklahoma city,OKC,20,,,2.0,1.0,1205.0,513.73,1.0,3.5,0.5,0,2.0,
484418,F,True,False,usa,new york,JFK,39,,,3.0,1.0,1057.0,1312.46,1.0,3.6666666666666665,0.6666666666666666,0,3.0,
485393,F,False,False,usa,new york,LGA,28,,,,,,,,,,1,,
485505,F,False,False,usa,phoenix,PHX,29,,,2.0,1.5,1110.0,386.483,1.5,2.0,1.0,0,2.0,
485658,F,False,False,usa,los angeles,LAX,34,,,2.0,1.0,271.0,754.7,1.0,1.0,1.0,1,1.0,
485780,F,False,True,usa,el paso,BIF,42,,1.0,2.0,1.0,5125.4,494.6,1.0,5.333333333333333,0.5,0,2.0,
485785,F,False,False,usa,anchorage,EDF,33,1.0,1.0,1.0,1.0,1256.0,1664.63,1.5,2.5,1.0,0,2.0,
485891,F,False,True,usa,knoxville,TYS,35,,,1.0,1.0,176.4,227.86,1.0,2.0,0.0,1,1.0,
486113,F,True,False,canada,halifax,YHZ,50,,,2.0,1.0,286.0,620.276,1.0,1.5,0.5,0,2.0,
486261,F,False,False,usa,kansas city,MCI,39,,1.0,1.0,,702.0,,2.0,4.5,,0,,
486366,F,True,False,usa,miami,TNT,49,,2.0,1.0,1.0,2241.0,686.38,1.3333333333333333,3.6666666666666665,1.0,0,1.0,
486454,M,True,True,usa,new york,LGA,47,,,3.0,1.0,411.0,886.87,1.0,2.0,0.0,0,3.0,
486605,F,False,False,usa,new york,LGA,32,,,1.0,1.0,716.0,278.324,1.0,2.0,0.0,0,1.0,
486751,F,True,False,usa,los angeles,LAX,51,1.0,,2.0,1.6666666666666667,1325.6,4358.39,1.5,3.0,0.6666666666666666,1,3.0,
487002,F,False,False,usa,wichita,ICT,22,,,1.0,1.0,714.0,163.15,1.0,7.0,0.0,0,1.0,
487352,F,False,True,usa,phoenix,PHX,20,,1.0,1.0,1.0,995.4,295.39,1.5,3.5,0.0,0,1.0,
487453,F,False,False,usa,houston,HOU,44,1.0,,4.0,1.2,3992.5,2197.7200000000003,1.25,5.0,0.4,1,5.0,
487637,M,False,True,usa,austin,AUS,53,,1.0,2.0,1.0,941.8000000000001,684.21,1.0,3.0,0.5,0,2.0,
488099,F,False,False,usa,new york,LGA,19,,,,,,,,,,0,,
488480,M,True,False,canada,victoria,YYJ,44,1.0,1.0,,,960.0,,1.0,3.0,,1,,
488672,F,True,False,usa,chicago,MDW,51,,1.0,3.0,1.3333333333333333,3245.5,1489.448,1.25,4.0,0.6666666666666666,0,2.0,
488827,F,False,False,usa,san antonio,SKF,38,2.0,,4.0,1.1666666666666667,837.6,1160.662,1.25,2.75,0.3333333333333333,0,6.0,
488865,F,False,False,canada,hamilton,YHM,37,,,3.0,1.0,895.0,575.0999999999999,1.0,3.3333333333333335,1.0,0,3.0,
488870,F,True,True,usa,new york,LGA,60,,,2.0,1.0,2210.0,1379.49,1.0,6.5,1.0,1,2.0,
488918,F,False,False,usa,san diego,SAN,49,1.0,,5.0,1.3333333333333333,3366.4,5700.2,1.4,2.8,0.5,0,6.0,
489096,F,False,False,usa,los angeles,LAX,41,,,3.0,1.3333333333333333,321.0,3728.75,1.3333333333333333,1.0,0.0,0,3.0,
489131,F,False,False,usa,new york,JFK,26,,,,,,,,,,0,,
489575,F,True,True,canada,hamilton,YHM,47,,,4.0,1.0,1069.0,929.27,1.0,1.5,0.75,0,3.0,
489730,F,False,False,usa,el paso,BIF,45,2.0,,2.0,1.0,522.0,1480.08,1.0,2.5,0.5,0,4.0,NH Hotel 
489785,F,True,True,usa,atlanta,ATL,39,,,3.0,1.3333333333333333,1894.4,671.8085,1.3333333333333333,5.0,0.3333333333333333,0,2.0,InterContinental 
489949,F,False,True,usa,tampa,TPA,50,,,2.0,2.0,1209.0,6840.17,2.0,4.5,0.0,1,2.0,Hilton
489992,M,False,False,usa,bakersfield,BFL,31,,1.0,2.0,2.0,4211.15,2500.675,2.3333333333333335,3.6666666666666665,0.5,0,2.0,
490201,F,False,True,usa,columbus,LCK,44,,,2.0,1.0,355.4,735.65,1.0,3.0,1.0,0,2.0,
490348,F,False,False,usa,lincoln,LNK,40,,,1.0,1.0,526.0,410.54,1.0,2.0,1.0,0,1.0,
490517,F,True,True,usa,charlotte,CLT,53,2.0,,1.0,1.3333333333333333,434.0,902.9100000000001,2.0,1.0,1.0,0,2.0,
490576,M,True,False,usa,san jose,SJC,58,,,2.0,1.0,612.4,636.62,1.0,2.0,0.5,0,2.0,
490608,F,False,False,usa,new york,LGA,37,1.0,,1.0,1.5,407.0,2212.8599999999997,1.0,1.0,1.5,0,1.0,
490629,F,False,True,usa,new york,LGA,39,,,4.0,1.0,2303.0,541.6139999999999,1.0,2.5,0.5,0,4.0,
491141,F,False,False,usa,omaha,OFF,52,1.0,,4.0,1.4,4479.0,2139.376,1.5,2.5,0.6,0,4.0,
491175,F,True,True,usa,houston,HOU,58,,,4.0,1.0,1545.0,1417.23,1.0,2.5,0.5,0,4.0,Shangri-La
491182,F,False,False,canada,montreal,YUL,48,,,5.0,1.0,1393.0,1572.4975,1.0,2.4,0.6,0,5.0,Fairmont
491241,F,True,True,usa,new york,JFK,52,1.0,,2.0,1.0,1258.0,1712.43,1.0,2.0,0.0,0,3.0,
491617,F,False,False,canada,hamilton,YHM,55,,1.0,3.0,2.0,4955.0,5646.304,1.75,6.75,1.3333333333333333,0,3.0,
491930,F,False,False,usa,mobile,MOB,43,,,3.0,1.6666666666666667,1095.0,1854.57,1.6666666666666667,2.0,1.0,0,3.0,
491995,M,False,False,usa,new orleans,NBG,19,,,,,,,,,,1,,
492371,M,True,False,usa,dallas,DAL,45,,,2.0,1.0,365.0,745.46,1.0,3.0,0.5,0,2.0,
492497,F,True,False,usa,boston,BOS,43,,,,,,,,,,1,,
493177,F,True,False,usa,chicago,ORD,48,,,4.0,1.0,4766.9,802.39,1.0,6.0,0.5,0,4.0,
493476,F,False,True,usa,detroit,YIP,44,,,1.0,1.0,309.0,125.62400000000001,1.0,1.0,0.0,0,1.0,
493718,F,True,True,usa,san antonio,SAT,56,,1.0,3.0,2.0,6523.450000000001,5613.2075,1.75,4.75,0.0,0,3.0,
494294,F,True,False,usa,miami,TNT,41,,,4.0,1.0,1713.0,2025.33,1.0,2.75,0.75,0,4.0,
494374,F,False,False,canada,halifax,YHZ,49,,,2.0,,345.0,,1.0,1.0,,0,,
494463,F,False,True,usa,washington,IAD,37,2.0,,2.0,,351.0,,1.5,1.0,,0,,
494484,F,False,False,usa,amarillo,AMA,20,,2.0,1.0,2.0,5388.6,1797.516,1.3333333333333333,7.333333333333333,1.0,0,1.0,
494630,F,False,False,usa,modesto,MOD,20,,1.0,,,384.0,,2.0,6.0,,0,,
494985,F,False,False,canada,winnipeg,YWG,51,1.0,,5.0,1.0,3510.0,1993.71,1.0,4.0,0.3333333333333333,0,5.0,
495029,F,True,False,usa,houston,EFD,46,,1.0,2.0,1.0,971.6,228.44,1.0,3.6666666666666665,0.5,1,2.0,NH Hotel 
495386,F,True,True,canada,edmonton,YED,57,1.0,,2.0,1.0,993.6000000000001,888.8545,1.0,2.5,0.6666666666666666,0,3.0,
495592,M,True,True,usa,fort worth,FTW,57,,,,,,,,,,0,,
495727,F,True,False,usa,san diego,NZY,50,,,6.0,1.3333333333333333,4053.0,4208.629999999999,1.3333333333333333,2.8333333333333335,1.1666666666666667,0,5.0,
496016,F,True,False,usa,new york,JFK,45,,,4.0,1.0,1770.6999999999998,894.642,1.0,2.0,0.75,0,3.0,
496332,F,False,False,usa,new york,LGA,48,,,4.0,1.5,4716.0,2050.1025,1.5,4.25,0.75,0,4.0,
496566,F,False,False,canada,montreal,YHU,49,2.0,1.0,1.0,1.0,4345.0,1189.79,1.0,5.0,0.6666666666666666,0,3.0,
496899,F,False,False,usa,new york,LGA,25,,,1.0,,1416.0,,1.0,4.0,,1,,
496972,F,False,False,usa,dallas,DAL,36,2.0,,1.0,1.0,500.0,872.9300000000001,1.0,2.0,0.3333333333333333,0,2.0,
497077,F,False,False,usa,san jose,SJC,45,,,2.0,1.0,1337.0,807.629,1.0,2.5,0.5,2,2.0,
497225,F,True,False,usa,phoenix,LUF,50,,,5.0,1.0,3058.0,1547.1675,1.0,3.0,0.2,0,5.0,
497678,F,True,False,usa,houston,IAH,44,,,2.0,1.0,568.8,727.98,1.0,2.0,0.5,0,1.0,
497829,M,False,True,usa,baltimore,BWI,58,,,2.0,,538.7,,1.0,1.5,,0,,
497915,F,True,False,usa,tucson,DMA,41,,,4.0,1.0,1942.75,1313.58,1.0,2.0,1.0,0,4.0,
498287,M,False,False,usa,san francisco,SFO,44,,,5.0,1.8,2222.0,9593.789999999999,1.8,1.4,0.8,0,5.0,
498357,F,False,False,usa,new york,LGA,47,,1.0,4.0,1.25,3403.8,3140.3559999999998,1.2,2.8,1.0,0,4.0,
498574,F,True,False,usa,columbus,LCK,39,1.0,1.0,2.0,1.0,2213.0,646.96,1.0,4.0,0.6666666666666666,0,3.0,
498607,F,True,False,canada,winnipeg,YWG,45,,,2.0,1.5,345.0,1864.744,1.5,1.0,1.0,0,2.0,
499028,F,True,False,usa,indianapolis,IND,39,,,3.0,1.0,1130.0,413.31,1.0,3.0,0.3333333333333333,0,3.0,InterContinental 
499252,F,True,False,usa,chicago,ORD,41,,,1.0,1.0,780.0,205.3995,1.0,6.0,2.0,0,1.0,
499313,F,False,False,usa,new york,LGA,48,,,1.0,1.0,700.0,100.12,1.0,7.0,1.0,0,1.0,
499366,F,False,False,canada,quebec,YQB,50,1.0,,3.0,1.75,2246.0,7503.192,2.0,2.3333333333333335,1.25,0,4.0,
499375,F,False,False,canada,winnipeg,YAV,45,,,5.0,1.2,2011.4,3320.21,1.2,2.0,0.6,0,4.0,
499461,F,False,False,usa,amarillo,AMA,53,,,2.0,1.0,1087.0,325.46000000000004,1.0,2.0,0.0,0,1.0,
499475,F,True,False,usa,oakland,OAK,40,,,3.0,,1049.0,,1.0,2.0,,0,,
499633,F,False,False,usa,dallas,DAL,33,2.0,1.0,2.0,1.0,1550.3,1178.847,1.3333333333333333,3.0,1.25,0,4.0,
499634,F,False,True,usa,amarillo,AMA,37,,,1.0,1.0,180.0,161.83,1.0,2.0,1.0,0,1.0,
499659,F,True,True,usa,san diego,NZY,60,,1.0,,,2289.6,,2.0,8.0,,0,,
499669,F,True,True,usa,corpus christi,CRP,34,,,1.0,1.0,572.0,168.98,1.0,2.0,1.0,0,1.0,
499780,F,False,True,canada,toronto,YYZ,39,,,,,,,,,,0,,
499847,F,True,True,usa,oklahoma city,OKC,52,,,3.0,1.3333333333333333,1865.0,1304.56,1.3333333333333333,2.0,0.0,0,3.0,
499979,F,True,False,canada,toronto,YYZ,51,1.0,,4.0,1.2,1489.3,4548.4800000000005,1.25,2.25,0.2,0,4.0,
500288,F,False,True,usa,st. petersburg,SPG,20,,,,,,,,,,0,,
500299,F,False,False,usa,san antonio,RND,21,,1.0,,,360.0,,1.0,2.0,,0,,
500745,F,False,False,canada,toronto,YYZ,30,1.0,2.0,1.0,1.0,1921.4,848.31,1.0,4.333333333333333,0.5,0,2.0,
500773,F,False,False,canada,winnipeg,YWG,29,,1.0,3.0,1.0,4319.65,968.4,1.0,4.0,0.0,0,2.0,
500791,F,True,False,canada,quebec,YQB,75,,1.0,,,765.0,,1.0,6.0,,0,,
500828,F,True,False,usa,rochester,ROC,47,1.0,,2.0,1.0,500.0,1245.51,1.0,2.0,0.3333333333333333,0,3.0,
500972,F,True,True,usa,boston,BOS,43,,,3.0,2.3333333333333335,1788.0,6278.607,2.3333333333333335,1.6666666666666667,0.6666666666666666,0,3.0,
500974,F,False,False,usa,san jose,SJC,44,,1.0,5.0,1.0,2085.0,2749.95,1.0,4.333333333333333,0.4,0,5.0,Shangri-La
501087,F,True,False,usa,los angeles,LAX,59,,,2.0,1.0,1186.0,735.27,1.0,2.5,0.5,0,2.0,
501125,M,True,True,usa,kansas city,MCI,48,,,2.0,1.0,1296.0,408.0,1.0,4.5,0.5,0,2.0,
501184,F,True,True,usa,reno,RNO,57,,1.0,3.0,1.0,7196.0,1788.19,1.25,7.0,0.6666666666666666,0,3.0,
501512,F,True,True,usa,fort worth,FTW,37,,,2.0,1.0,396.0,831.95,1.0,3.5,0.5,0,1.0,
501764,F,True,False,canada,saskatoon,YXE,49,,,2.0,1.0,1139.0,563.37,1.0,3.0,0.5,0,2.0,
501830,F,True,True,canada,toronto,YYZ,36,,1.0,1.0,1.0,2712.0,422.97,1.5,4.5,0.0,0,1.0,
501897,F,True,True,usa,new york,LGA,46,,1.0,,,936.0,,1.0,9.0,,0,,
501947,F,True,True,canada,toronto,YKZ,54,1.0,1.0,2.0,1.0,3811.0,1055.1100000000001,1.0,2.0,0.0,1,3.0,Choice Hotels
502063,F,True,False,usa,new york,JFK,51,,,1.0,1.0,210.0,690.73,1.0,5.0,0.0,0,1.0,
502212,F,False,False,usa,san diego,NZY,27,,,1.0,1.0,92.0,608.0475,1.0,1.0,0.0,0,1.0,
502412,F,True,True,usa,new york,JFK,57,,1.0,2.0,1.0,842.0,778.638,1.0,5.666666666666667,0.5,0,2.0,
502435,F,True,True,usa,oklahoma city,TIK,42,,,2.0,1.5,819.0,986.08,1.5,3.0,1.0,0,2.0,
502444,F,False,False,canada,ottawa,YOW,37,1.0,,5.0,1.0,1950.0,1533.6000000000001,1.0,2.4,0.3333333333333333,0,5.0,
502609,F,True,False,usa,dallas,DAL,52,,,5.0,1.0,1476.0,929.741,1.0,2.2,0.0,0,5.0,Marriott 
502626,F,True,True,canada,toronto,YYZ,40,,,2.0,1.0,811.0,521.23,1.0,2.0,1.0,0,2.0,
502799,F,True,False,usa,nashville,BNA,49,,,4.0,1.0,1581.0,1006.24,1.0,2.5,0.75,0,4.0,
502819,F,True,False,usa,knoxville,TYS,38,,,,,,,,,,0,,
502826,F,True,True,usa,los angeles,LAX,50,2.0,,1.0,1.0,167.0,1179.94,1.0,1.0,0.3333333333333333,0,3.0,
502850,F,False,True,usa,riverside,RAL,43,,,,,,,,,,0,,
502875,F,True,True,canada,montreal,YUL,48,1.0,,2.0,1.3333333333333333,430.0,1623.15,1.5,1.0,0.6666666666666666,0,3.0,
503042,F,False,False,usa,montgomery,MXF,28,,,1.0,1.0,160.5,181.51,1.0,2.0,1.0,0,1.0,
503058,F,False,False,canada,edmonton,YXD,28,,1.0,2.0,1.0,1026.0,796.03,1.0,3.0,0.5,0,2.0,
503161,F,True,False,canada,halifax,YAW,49,,,,,,,,,,0,,
503483,F,False,True,usa,los angeles,LAX,22,,,,,,,,,,0,,
503621,F,True,False,usa,corpus christi,CRP,43,,1.0,1.0,1.0,1741.0,416.13,1.0,9.5,0.0,0,1.0,
503918,F,False,False,usa,new york,JFK,28,,,,,,,,,,0,,
503973,F,False,False,canada,toronto,YYZ,47,1.0,1.0,2.0,1.0,1375.0,412.855,1.0,3.3333333333333335,0.3333333333333333,0,2.0,
504240,F,False,False,usa,los angeles,LAX,47,1.0,,5.0,,1900.0,,1.0,2.4,,0,,
504435,F,False,False,usa,long beach,LGB,46,,,3.0,1.6666666666666667,1129.5,1402.1039999999998,1.6666666666666667,1.3333333333333333,1.0,1,3.0,
504473,F,False,False,usa,richmond,RIC,35,,,2.0,1.0,398.0,532.99,1.0,2.0,1.0,0,2.0,
504610,F,True,False,usa,philadelphia,PNE,65,,,1.0,2.0,372.0,605.26,2.0,2.0,1.0,0,1.0,
504665,F,False,False,usa,charlotte,CLT,34,,1.0,1.0,1.0,1404.0,518.016,1.0,6.5,2.0,0,1.0,
504786,F,True,True,usa,omaha,OMA,50,,2.0,1.0,1.0,3230.35,245.1,1.3333333333333333,3.3333333333333335,1.0,0,1.0,
504892,F,False,False,usa,dallas,DAL,32,1.0,1.0,1.0,1.5,7245.6,679.9200000000001,2.0,11.0,0.0,0,2.0,
504916,M,False,True,usa,memphis,MEM,38,,,,,,,,,,1,,
504936,F,True,False,usa,houston,IAH,60,,1.0,2.0,1.5,3149.8,1969.4099999999999,1.3333333333333333,5.333333333333333,0.5,0,2.0,
505062,F,False,True,usa,philadelphia,PHL,39,,,3.0,1.0,1161.25,1371.25,1.0,3.0,0.3333333333333333,0,3.0,
505172,M,True,True,usa,tampa,MCF,33,,,1.0,1.0,168.0,529.14,1.0,1.0,1.0,1,1.0,
505285,F,False,True,usa,new york,LGA,46,,,4.0,1.0,2309.15,1142.86,1.0,3.5,0.75,0,3.0,
505414,F,True,False,usa,boston,BOS,50,,,2.0,1.0,1691.0,712.25,1.0,5.5,0.0,0,2.0,
505498,M,False,True,usa,houston,IAH,39,1.0,,1.0,1.0,608.0,558.94,1.0,2.0,1.5,0,2.0,
505713,F,True,False,canada,montreal,YHU,47,1.0,,3.0,1.25,1408.0,1139.365,1.3333333333333333,2.6666666666666665,0.5,0,4.0,
505747,F,False,False,usa,los angeles,LAX,40,,,2.0,1.5,1383.0,1743.6799999999998,1.5,2.5,1.0,0,2.0,
505771,F,True,True,canada,montreal,YUL,58,1.0,,4.0,1.4,1201.0,2930.35,1.25,1.25,0.4,0,5.0,
505933,F,True,False,usa,houston,IAH,50,,,1.0,,220.0,,1.0,2.0,,1,,
505941,F,True,True,usa,new york,LGA,53,,1.0,2.0,1.0,1192.0,380.193,1.0,2.6666666666666665,0.5,0,1.0,
506013,F,False,False,canada,vancouver,YVR,42,,,4.0,1.25,526.85,3232.816,1.25,1.5,0.75,0,3.0,
506186,F,False,False,usa,detroit,DTW,27,1.0,1.0,1.0,,981.0,,1.5,3.0,,0,,
506234,F,True,False,usa,riverside,RIV,40,1.0,1.0,2.0,1.0,1132.0,1129.661,1.0,4.333333333333333,1.0,0,3.0,
506250,F,False,True,usa,lincoln,LNK,46,,,3.0,1.0,511.0,742.6,1.0,1.6666666666666667,0.6666666666666666,0,2.0,
506347,F,False,False,usa,los angeles,LAX,19,,,,,,,,,,0,,
506652,F,True,True,usa,kansas city,MCI,55,2.0,,1.0,1.3333333333333333,236.0,985.4000000000001,2.0,1.0,0.0,0,3.0,
506675,F,False,True,usa,detroit,DTW,50,,1.0,3.0,,2027.5,,1.0,4.25,,0,,
506704,F,True,False,canada,montreal,YUL,57,1.0,,1.0,1.0,270.0,1295.828,1.0,3.0,1.0,0,2.0,
506777,F,True,False,usa,tulsa,TUL,62,,,1.0,2.0,700.0,456.722,2.0,2.0,2.0,0,1.0,
506807,F,True,False,usa,los angeles,LAX,44,2.0,,2.0,1.0,1065.0,1713.7214999999999,1.0,1.5,0.0,0,4.0,
506858,F,False,True,usa,houston,EFD,48,,,3.0,,817.05,,1.3333333333333333,1.0,,0,,
506990,F,False,False,usa,lubbock,LBB,27,,,,,,,,,,0,,
507036,F,False,False,usa,minneapolis,MSP,38,,1.0,1.0,1.0,895.0,181.34,1.0,4.0,1.0,0,1.0,
507376,F,True,False,usa,honolulu,HNL,37,,1.0,1.0,1.0,505.0,1274.53,1.0,4.0,1.0,0,1.0,
507395,F,True,True,usa,winston-salem,INT,48,,,2.0,2.0,1505.0,431.82,1.5,2.5,1.0,1,1.0,
507431,F,False,False,canada,toronto,YYZ,38,,1.0,3.0,1.0,1058.2,1768.66,1.0,3.5,0.6666666666666666,0,2.0,
507505,F,True,True,usa,newark,EWR,52,,,2.0,1.0,6871.0,749.1999999999999,1.0,6.5,1.0,0,2.0,
507513,F,False,False,usa,sacramento,MHR,19,,,,,,,,,,0,,
507531,F,False,False,usa,oakland,OAK,26,,1.0,,,1742.0,,1.0,13.0,,0,,
507617,F,True,False,canada,montreal,YUL,50,,,2.0,1.5,673.7,1938.7,1.5,2.0,1.0,0,2.0,
507732,M,False,False,usa,new york,JFK,47,,2.0,2.0,1.0,2478.0,575.54,1.25,4.0,0.0,1,2.0,
507773,F,False,False,usa,little rock,LIT,41,,1.0,2.0,1.0,1197.0,884.02,1.0,2.6666666666666665,0.5,0,1.0,Fairmont
508240,F,False,False,usa,san antonio,SKF,31,,,3.0,,622.0,,1.0,2.3333333333333335,,0,,
508360,F,False,False,usa,new york,JFK,38,,,2.0,,798.0,,1.5,1.5,,0,,
508512,F,True,False,usa,providence,PVD,70,,1.0,,,968.0,,1.0,4.0,,0,,
508625,F,False,False,usa,new york,JFK,45,1.0,1.0,1.0,1.5,4154.0,852.2199999999999,1.5,8.5,1.0,1,2.0,
508693,F,True,False,canada,halifax,YAW,57,,1.0,2.0,1.5,1240.3,2784.15,1.3333333333333333,3.0,0.5,0,2.0,Radisson 
508848,F,True,True,usa,st. louis,STL,55,,,2.0,,1293.0,,1.0,5.0,,0,,Accor
508857,F,True,False,canada,ottawa,YOW,46,,,5.0,,2520.0,,1.2,3.4,,0,,Banyan Tree 
508860,M,True,False,usa,los angeles,LAX,30,,,2.0,,749.2,,1.0,1.5,,0,,
508866,F,False,False,usa,el paso,BIF,33,,,3.0,,3119.0,,1.6666666666666667,4.333333333333333,,0,,
508877,F,True,True,usa,phoenix,PHX,54,1.0,,5.0,1.2,2456.0,4150.35,1.2,3.8,1.0,0,3.0,
508912,M,False,False,usa,tallahassee,TLH,46,1.0,,1.0,,27.900000000000002,,1.0,1.0,,1,,
508938,F,True,False,usa,atlanta,ATL,44,,,3.0,,1144.0,,1.0,3.3333333333333335,,0,,
508940,M,False,False,usa,grand rapids,GRR,42,,,4.0,1.0,2423.0,1741.7105,1.0,3.75,0.0,0,4.0,
508946,M,False,False,usa,louisville,LOU,29,,1.0,3.0,,1164.0,,1.0,2.5,,0,,
508973,F,False,False,usa,modesto,MOD,38,,,2.0,1.5,410.0,2319.92,1.5,2.0,2.0,0,2.0,
509036,F,False,True,usa,new york,JFK,42,1.0,,1.0,,111.0,,1.0,3.0,,0,,
509069,F,True,False,usa,new york,JFK,47,1.0,2.0,1.0,,813.0,,1.0,2.0,,0,,
509098,F,False,False,usa,los angeles,LAX,45,1.0,,1.0,2.0,364.79999999999995,3858.9100000000003,1.0,6.0,0.5,0,2.0,
509160,M,False,True,usa,new orleans,NBG,56,,,2.0,,380.0,,1.0,1.5,,0,,
509162,F,False,False,usa,new york,JFK,48,,2.0,,,8600.0,,1.5,11.5,,0,,Fairmont
509221,F,False,False,usa,kansas city,MCI,41,,1.0,3.0,1.0,2156.0,256.3835,1.0,3.25,1.0,0,2.0,
509242,M,False,False,usa,st. petersburg,PIE,45,,,3.0,,501.0,,1.0,1.3333333333333333,,0,,
509272,F,False,True,usa,dallas,DAL,22,,1.0,,,873.0,,1.0,9.0,,0,,
509341,F,False,False,canada,vancouver,YVR,26,1.0,,1.0,,402.0,,1.0,2.0,,0,,
509353,F,False,False,usa,dallas,DAL,32,,,1.0,,1632.0,,2.0,4.0,,0,,
509359,F,False,False,usa,oakland,OAK,45,,,4.0,,2735.8,,1.0,4.25,,0,,
509411,F,True,False,usa,salt lake city,SLC,45,2.0,,2.0,,192.4,,1.0,1.0,,0,,
509419,F,False,False,usa,philadelphia,PNE,43,,,4.0,,659.0,,1.0,1.25,,0,,
509445,F,True,False,usa,san francisco,SFO,42,1.0,1.0,2.0,,2634.0,,1.6666666666666667,3.3333333333333335,,0,,
509454,F,False,True,usa,tampa,MCF,42,,1.0,1.0,,11408.0,,1.5,14.0,,0,,
509467,M,False,False,usa,seattle,SEA,30,,,2.0,,7042.0,,2.0,6.0,,0,,
509516,F,False,False,usa,colorado springs,COS,47,,1.0,2.0,1.5,854.1,2294.4500000000003,1.3333333333333333,1.3333333333333333,1.0,0,2.0,
509552,F,False,False,usa,los angeles,LAX,20,1.0,2.0,,,2125.0,,1.0,6.5,,0,,Shangri-La
509626,F,False,True,usa,brownsville,BRO,54,,,3.0,,1411.6,,1.0,6.0,,0,,
509635,M,True,False,usa,austin,AUS,39,,,3.0,,498.0,,1.0,1.0,,0,,
509638,F,True,True,usa,reno,RNO,49,1.0,,,,,,,,,0,,
509645,M,True,False,usa,riverside,RAL,56,,,3.0,,1508.4,,1.0,3.6666666666666665,,1,,
509681,F,False,True,usa,milwaukee,MKE,45,,1.0,3.0,,4856.0,,1.25,5.0,,0,,
509713,F,True,True,usa,dallas,DAL,37,,,3.0,,4441.5,,1.3333333333333333,3.3333333333333335,,0,,
509717,F,False,False,usa,new york,JFK,46,,,4.0,,1431.0,,1.0,2.25,,0,,
509749,M,False,False,usa,new york,JFK,43,,1.0,6.0,,2353.85,,1.0,2.7142857142857144,,0,,
509763,F,True,False,usa,los angeles,LAX,52,1.0,,5.0,,2086.6,,1.0,2.6,,0,,
509765,F,False,False,usa,los angeles,LAX,32,,,4.0,1.0,917.6,2098.75,1.0,1.5,0.3333333333333333,0,3.0,
509822,M,False,False,usa,charlotte,CLT,40,,,3.0,,1324.0,,1.0,2.0,,0,,
509826,F,True,True,usa,miami,TNT,66,,,1.0,1.0,216.0,215.25,1.0,4.0,0.0,0,1.0,
509876,F,True,False,usa,baltimore,BWI,70,,,,,,,,,,0,,
509892,M,True,False,usa,san jose,SJC,69,,1.0,,,910.0,,1.0,7.0,,0,,
509903,F,False,False,usa,long beach,LGB,43,,,5.0,,2818.0,,1.0,3.0,,0,,Best Western
509919,M,True,False,usa,tampa,TPA,49,,1.0,2.0,,2138.0,,1.0,4.333333333333333,,0,,
509990,M,False,False,usa,minneapolis,MSP,43,,,1.0,,64.0,,1.0,1.0,,0,,
510003,F,True,True,usa,tulsa,TUL,48,,,1.0,,504.0,,2.0,4.0,,0,,
510044,M,False,False,usa,santa ana,SNA,49,,,3.0,,1317.0,,1.3333333333333333,2.6666666666666665,,0,,
510078,F,True,False,usa,grand rapids,GRR,39,,,2.0,1.0,1028.0,283.0,1.0,2.0,0.0,1,2.0,
510079,F,False,False,usa,new york,LGA,32,,,1.0,1.0,82.0,406.43,1.0,1.0,0.0,0,1.0,
510094,F,False,False,usa,long beach,LGB,47,,,1.0,,1179.0,,1.0,9.0,,0,,
510104,F,False,True,canada,montreal,YHU,39,1.0,,2.0,,538.0,,1.0,2.0,,0,,
510108,F,True,False,usa,colorado springs,COS,54,1.0,,1.0,1.5,1267.0,951.42,1.0,7.0,1.0,1,2.0,
510114,M,False,False,usa,omaha,OMA,43,1.0,,5.0,,4647.0,,1.0,5.4,,0,,Starwood 
510134,F,False,False,usa,newark,EWR,50,,1.0,5.0,,5801.0,,1.3333333333333333,6.0,,0,,
510155,M,True,True,usa,dallas,DAL,47,1.0,2.0,1.0,,7929.0,,1.6666666666666667,9.0,,0,,
510156,M,False,False,usa,seattle,SEA,44,,1.0,4.0,,4311.0,,1.2,4.6,,0,,Accor
510170,F,False,False,canada,ottawa,YOW,29,,,3.0,,1639.9,,1.3333333333333333,4.333333333333333,,0,,
510185,F,True,False,usa,houston,HOU,46,,1.0,3.0,,7456.1,,1.25,5.0,,0,,
510195,M,True,False,usa,houston,IAH,56,,1.0,3.0,,4048.0,,1.0,5.0,,0,,
510215,F,True,False,usa,mobile,MOB,31,,2.0,1.0,1.0,2065.8,256.62,1.0,9.0,1.0,0,1.0,
510219,M,True,False,canada,montreal,YUL,46,1.0,,2.0,,1128.0,,1.0,4.0,,0,,
510227,M,False,False,usa,tulsa,TUL,35,,,2.0,,346.0,,1.0,2.0,,0,,
510257,F,True,False,usa,las vegas,LSV,51,1.0,,1.0,,78.0,,2.0,1.0,,0,,
510270,F,True,True,usa,columbus,LCK,49,1.0,,,,,,,,,0,,
510315,F,False,False,usa,norfolk,NGU,46,1.0,,1.0,,231.0,,1.0,1.0,,0,,
510316,F,False,True,usa,phoenix,PHX,19,,1.0,,,2057.0,,1.0,17.0,,0,,
510326,M,False,False,canada,quebec,YQB,44,,,6.0,,4850.65,,1.3333333333333333,3.5,,0,,Banyan Tree 
510328,F,False,False,usa,detroit,DET,38,1.0,,4.0,,1221.8,,1.0,2.25,,0,,
510343,F,True,True,usa,oklahoma city,OKC,41,,,4.0,1.25,2242.2,1805.109,1.25,2.25,0.75,1,4.0,
510356,F,True,False,usa,wichita,ICT,53,,,2.0,,1101.0,,1.0,4.0,,0,,
510365,F,False,False,usa,boston,BOS,48,,,4.0,,7009.0,,1.5,4.5,,0,,
510369,F,False,False,usa,bakersfield,BFL,51,,,3.0,,1578.0,,1.0,4.666666666666667,,0,,Fairmont
510393,M,False,False,canada,calgary,YYC,52,,,1.0,,792.0,,1.0,9.0,,0,,
510418,F,True,True,usa,dallas,DAL,38,,,,,,,,,,0,,
510423,M,True,True,usa,oakland,OAK,54,1.0,1.0,,,938.7,,1.0,7.0,,0,,
510449,F,False,True,usa,charlotte,CLT,54,1.0,,3.0,1.0,498.0,400.661,1.0,1.3333333333333333,0.6666666666666666,0,3.0,
510459,M,False,False,canada,ottawa,YOW,32,,,3.0,,1527.0,,1.3333333333333333,2.3333333333333335,,0,,
510494,F,True,False,usa,kansas city,MCI,49,,,5.0,1.25,1061.0,1961.926,1.2,2.0,0.25,0,4.0,
510537,F,True,True,usa,austin,AUS,50,1.0,1.0,3.0,1.5,2414.2,21544.05,1.0,5.25,1.25,0,4.0,
510543,M,False,True,canada,toronto,YYZ,22,,,,,,,,,,0,,
510545,F,False,False,usa,los angeles,LAX,61,,1.0,,,1710.0,,1.0,5.0,,0,,
510558,M,False,True,usa,newark,EWR,25,,,1.0,1.0,114.0,359.89,1.0,1.0,1.0,1,1.0,
510575,F,False,True,usa,los angeles,LAX,24,,,,,,,,,,0,,
510610,F,True,False,usa,new york,LGA,37,,,1.0,,683.4,,1.0,6.0,,0,,
510676,F,True,True,usa,new york,LGA,51,,,3.0,1.3333333333333333,248.0,976.12,1.3333333333333333,1.3333333333333333,0.3333333333333333,0,3.0,
510686,F,True,False,usa,st. petersburg,PIE,38,,1.0,2.0,2.0,4975.0,2374.846,2.0,2.6666666666666665,0.0,0,2.0,
510707,F,False,True,canada,toronto,YKZ,43,1.0,,1.0,1.5,700.0,369.77,2.0,2.0,1.0,0,2.0,
510779,F,False,False,canada,montreal,YHU,43,,1.0,3.0,1.3333333333333333,1204.0,3904.32,1.25,1.75,0.6666666666666666,0,3.0,
510828,F,False,False,usa,new york,LGA,23,,,,,,,,,,0,,
510836,F,False,False,usa,nashville,BNA,43,,,5.0,1.0,1117.0,1141.82,1.0,1.6,0.6,0,4.0,
510841,M,False,False,canada,montreal,YMX,39,,,7.0,1.0,2745.6,2643.92,1.0,2.4285714285714284,0.2857142857142857,1,7.0,Choice Hotels
510890,F,False,False,usa,dallas,DAL,35,2.0,1.0,2.0,1.0,1328.6,1254.73,1.0,3.6666666666666665,1.0,0,4.0,
510899,F,True,False,usa,kansas city,MCI,57,,,2.0,1.0,1364.0,323.46000000000004,1.0,3.0,0.5,0,2.0,
510946,F,True,False,canada,london,YXU,49,,,3.0,1.6666666666666667,6826.0,4793.389999999999,1.6666666666666667,5.333333333333333,0.6666666666666666,0,3.0,
510960,F,False,False,usa,tallahassee,TLH,41,1.0,,2.0,1.0,574.0,694.26,1.0,2.0,0.3333333333333333,0,3.0,
510972,F,True,True,usa,tucson,TUS,29,,,3.0,1.3333333333333333,2180.0,1986.3899999999999,1.3333333333333333,2.0,0.6666666666666666,0,3.0,
511055,F,False,False,usa,des moines,DSM,37,,,2.0,1.5,754.0,987.664,1.5,1.5,0.5,0,2.0,
511093,F,False,True,usa,milwaukee,MKE,40,,1.0,2.0,1.0,874.6,413.741,1.0,3.0,0.0,0,2.0,
511122,F,True,False,canada,montreal,YHU,49,,,2.0,1.0,746.0,170.994,1.0,2.0,0.0,0,1.0,
511126,F,False,False,usa,boston,BOS,30,,2.0,3.0,1.3333333333333333,3564.1,3829.1600000000003,1.2,4.0,0.6666666666666666,0,3.0,
511140,F,False,False,usa,san diego,NZY,42,1.0,1.0,1.0,1.5,3610.7999999999997,1286.8319999999999,1.5,16.0,0.0,0,2.0,
511142,F,True,True,usa,new york,JFK,43,,,3.0,1.3333333333333333,2102.0,1118.82,1.3333333333333333,4.333333333333333,1.3333333333333333,0,3.0,
511195,F,True,False,usa,tallahassee,TLH,55,,1.0,1.0,1.0,1802.0,573.78,1.5,3.5,1.0,0,1.0,
511219,F,False,False,usa,phoenix,PHX,20,,1.0,,,412.0,,2.0,2.0,,0,,
511298,F,False,False,usa,new york,JFK,36,,1.0,3.0,1.0,2082.4,797.11,1.0,4.25,1.0,0,3.0,
511331,F,False,True,canada,calgary,YYC,49,1.0,,5.0,1.6666666666666667,1619.45,9274.820000000002,1.6,1.2,0.6666666666666666,1,5.0,Best Western
511377,F,True,False,canada,gatineau,YND,67,,2.0,,,3266.0,,1.0,4.0,,0,,
511397,F,False,True,usa,new york,LGA,39,,,5.0,1.6,3996.0,3139.993,1.6,2.2,0.2,0,4.0,
511399,F,True,True,usa,san diego,NZY,50,1.0,,1.0,1.0,390.0,1320.71,1.0,6.0,0.5,0,2.0,
511418,F,True,True,usa,new york,JFK,54,1.0,,1.0,1.0,460.8,1289.1825,1.0,4.0,0.5,0,1.0,
511433,F,True,False,usa,orlando,MCO,52,1.0,1.0,3.0,1.5,1979.6,2596.44,1.5,4.75,0.75,0,4.0,
511469,F,False,False,usa,los angeles,LAX,59,1.0,1.0,1.0,1.0,918.0,711.57,1.0,3.5,1.0,0,2.0,
511489,F,True,False,usa,louisville,LOU,45,,2.0,1.0,2.0,3046.6,2104.26,1.3333333333333333,5.0,1.0,0,1.0,
511502,M,True,True,usa,milwaukee,MKE,48,,,2.0,1.0,4327.0,614.47,1.0,5.5,1.0,0,2.0,
511504,F,False,False,usa,washington,IAD,36,,,3.0,1.0,1179.0,1519.61,1.0,2.3333333333333335,0.0,0,3.0,Hyatt
511535,F,True,True,usa,chicago,ORD,54,1.0,,2.0,1.0,906.6,1031.5795,1.0,4.0,0.6666666666666666,0,3.0,
511549,F,True,True,canada,hamilton,YHM,54,1.0,,1.0,1.0,516.0,183.91,1.0,3.0,0.5,0,2.0,
511552,M,False,True,usa,minneapolis,MSP,20,,,,,,,,,,1,,
511560,F,False,True,usa,wichita,IAB,40,,,4.0,1.5,2454.0,2727.73,1.5,2.25,0.0,0,3.0,
511568,F,False,False,usa,baltimore,BWI,23,1.0,,,1.0,,1229.22,,,0.0,0,1.0,
511577,F,True,False,usa,fresno,FAT,45,1.0,,1.0,1.0,327.0,975.0729999999999,1.0,1.0,0.0,0,2.0,
511587,F,True,True,canada,toronto,YTZ,55,,,2.0,1.0,211.0,782.58,1.0,1.5,1.5,0,2.0,
511613,F,False,False,usa,miami,TNT,44,,,3.0,1.0,1186.0,1110.4,1.0,1.6666666666666667,1.3333333333333333,0,3.0,Banyan Tree 
511638,F,False,True,usa,fresno,FAT,36,,1.0,2.0,1.0,2411.0,796.47,1.3333333333333333,3.0,0.5,0,2.0,
511665,M,False,True,usa,nashville,BNA,48,,,1.0,2.0,908.0,1509.525,2.0,2.0,1.0,1,1.0,
511680,F,False,False,usa,jacksonville,JAX,30,,1.0,3.0,1.0,3557.0,933.99,1.5,4.0,0.6666666666666666,0,3.0,
511712,F,False,False,usa,buffalo,BUF,30,1.0,,2.0,1.3333333333333333,1598.8,1898.442,1.5,4.5,0.6666666666666666,0,3.0,
511764,M,True,True,usa,long beach,LGB,57,,,1.0,1.0,668.0,613.96,1.0,4.0,0.0,0,1.0,
511772,F,False,False,usa,chicago,UGN,30,,,3.0,1.0,1609.75,1002.03,1.0,5.333333333333333,0.3333333333333333,0,2.0,
511783,F,True,False,usa,riverside,RAL,50,1.0,,3.0,1.0,1226.4,542.92,1.0,2.6666666666666665,0.25,0,4.0,
511784,F,False,False,usa,bakersfield,BFL,37,,,,,,,,,,1,,
511800,F,False,False,usa,san jose,SJC,50,,1.0,6.0,1.5,6854.0,7379.55,1.5714285714285714,2.4285714285714284,0.8333333333333334,0,5.0,Fairmont
511803,F,True,True,usa,detroit,YIP,39,1.0,1.0,2.0,2.0,5521.2,5912.75,1.6666666666666667,4.0,0.3333333333333333,0,3.0,
511805,F,False,False,usa,los angeles,LAX,41,,,4.0,1.0,2501.0,1569.67,1.0,3.75,0.5,0,4.0,
511809,M,False,False,usa,fort worth,FTW,44,,1.0,1.0,2.0,1015.0,1629.96,1.5,2.5,0.0,0,1.0,
511811,F,False,False,usa,dallas,DAL,38,1.0,,2.0,1.3333333333333333,730.3,2113.94,1.5,2.0,0.3333333333333333,0,3.0,
511860,F,False,True,usa,detroit,YIP,42,,1.0,3.0,1.0,1204.0,825.52,1.0,2.75,0.6666666666666666,0,3.0,
511878,F,False,True,usa,san francisco,SFO,19,,,,,,,,,,0,,
511884,F,False,False,usa,los angeles,LAX,44,,,4.0,1.0,1698.0,1665.77,1.0,2.0,0.25,0,3.0,
511902,F,True,True,canada,montreal,YMX,54,,,3.0,1.0,1146.2,1102.55,1.0,2.3333333333333335,0.3333333333333333,0,3.0,
511910,F,False,True,usa,los angeles,LAX,20,,1.0,,,774.0,,1.0,9.0,,0,,
511936,F,False,False,usa,san antonio,RND,40,1.0,1.0,1.0,1.0,1322.0,913.28,1.0,7.0,0.5,0,2.0,
511977,F,True,False,usa,fresno,FAT,44,,,1.0,1.0,300.0,255.76,1.0,2.0,1.0,1,1.0,
511998,F,False,False,usa,milwaukee,MKE,44,,,2.0,1.0,353.0,725.4,1.0,2.5,0.0,0,2.0,Crowne Plaza
512009,M,False,True,usa,new york,JFK,46,1.0,,2.0,1.3333333333333333,1149.0,1548.16,1.5,6.0,1.0,0,3.0,
512028,F,False,False,usa,new york,LGA,46,,,2.0,1.0,160.0,764.29,1.0,1.0,0.5,0,2.0,
512063,F,True,False,usa,long beach,LGB,47,,,1.0,2.0,624.0,1250.712,2.0,2.0,0.0,0,1.0,
512078,F,False,False,usa,santa ana,SNA,33,,,2.0,1.0,796.0,718.4599999999999,1.0,2.0,1.0,0,2.0,
512147,M,False,False,canada,calgary,YYC,47,,2.0,,,1547.0,,1.5,5.0,,1,,
512148,F,False,False,usa,indianapolis,IND,23,,1.0,,,372.0,,1.0,3.0,,0,,
512173,M,True,False,usa,san francisco,SFO,50,1.0,,3.0,1.5,5694.4,12472.6,1.3333333333333333,7.0,0.5,0,4.0,
512201,F,True,False,usa,san jose,SJC,54,1.0,,3.0,1.0,1961.2,2073.76,1.0,4.0,0.75,0,3.0,
512204,F,False,False,usa,jacksonville,NZC,57,,,4.0,1.0,2176.5,1351.712,1.0,2.5,0.5,0,4.0,
512243,F,True,True,usa,charlotte,CLT,39,,1.0,2.0,1.0,2364.0,722.172,1.0,3.3333333333333335,0.5,0,2.0,
512289,F,False,False,usa,charlotte,CLT,67,1.0,,1.0,1.0,812.0,930.5815,1.0,4.0,0.5,0,2.0,
512294,F,True,True,usa,houston,IAH,55,,1.0,4.0,1.25,1835.0,2818.4300000000003,1.2,2.8,1.0,0,3.0,Hyatt
512295,F,False,False,usa,las vegas,LAS,46,1.0,,4.0,1.2,1272.2,3460.803,1.0,1.75,0.4,0,5.0,Banyan Tree 
512301,F,False,False,usa,columbus,LCK,45,2.0,1.0,2.0,1.0,1079.6,1194.01,1.0,2.6666666666666665,1.25,0,4.0,
512305,F,False,False,usa,san jose,SJC,27,,2.0,,,1756.0,,1.0,4.5,,0,,
512362,F,False,False,usa,chicago,UGN,34,,,3.0,1.0,614.0,857.3205,1.0,2.3333333333333335,0.6666666666666666,0,3.0,Radisson 
512397,F,False,True,usa,brownsville,BRO,19,,,,,,,,,,0,,
512402,F,False,True,canada,london,YXU,47,,,1.0,1.0,188.0,607.78,1.0,1.0,0.0,0,1.0,
512419,F,True,True,canada,ottawa,YOW,57,,,3.0,2.0,4266.0,2161.19,2.0,4.333333333333333,2.0,0,3.0,
512440,F,True,False,usa,columbus,CMH,36,,,3.0,1.0,2804.0,642.86,1.0,2.3333333333333335,0.6666666666666666,0,2.0,
512447,F,False,False,usa,stockton,SCK,23,,1.0,1.0,3.0,1656.0,3934.1699999999996,2.0,7.0,1.0,0,1.0,
512463,M,False,False,usa,lincoln,LNK,40,1.0,,3.0,1.25,1810.0,2585.51,1.3333333333333333,4.0,0.75,0,4.0,
512495,F,False,False,usa,louisville,LOU,41,,2.0,4.0,1.25,6016.0,895.21,1.1666666666666667,6.333333333333333,0.5,0,4.0,
512529,F,True,True,usa,miami,TNT,42,,,,,,,,,,0,,
512536,F,True,True,usa,los angeles,LAX,55,,,2.0,1.5,1094.0,1668.85,1.5,3.5,0.5,0,2.0,
512587,F,False,False,usa,oakland,OAK,40,,,2.0,1.0,367.0,1191.9299999999998,1.0,2.0,1.0,0,2.0,
512628,F,False,False,canada,winnipeg,YAV,37,,1.0,3.0,1.0,2232.0,1210.25,1.0,3.25,0.6666666666666666,0,3.0,
512655,F,False,False,usa,nashville,BNA,45,1.0,,3.0,1.25,840.55,1728.976,1.3333333333333333,1.6666666666666667,0.25,0,4.0,Radisson 
512680,F,True,True,canada,montreal,YMX,66,,,1.0,1.0,462.0,585.09,1.0,3.0,0.0,0,1.0,
512691,F,False,True,usa,new york,LGA,34,,,2.0,1.0,397.4,1213.17,1.0,2.0,0.0,0,2.0,
512696,F,False,False,usa,buffalo,BUF,19,,2.0,1.0,1.0,9131.0,726.92,1.3333333333333333,9.333333333333334,1.0,0,1.0,
512704,F,True,True,usa,san antonio,SAT,32,1.0,,,1.0,,380.9975,,,0.0,0,1.0,
512780,F,False,False,canada,vancouver,YVR,45,,1.0,2.0,1.0,3192.0,765.8299999999999,1.0,3.6666666666666665,0.5,0,2.0,
512791,F,False,True,usa,atlanta,ATL,36,,,3.0,1.3333333333333333,1004.0,1543.026,1.3333333333333333,2.6666666666666665,1.0,0,3.0,
512826,F,True,False,usa,richmond,RIC,42,2.0,,2.0,1.5,393.0,3584.3199999999997,1.0,2.0,1.0,0,3.0,
512846,F,True,True,canada,montreal,YUL,40,1.0,,3.0,1.0,736.5,1440.28,1.0,2.0,0.0,0,4.0,
512848,F,False,False,usa,houston,EFD,38,,1.0,2.0,1.0,601.5,522.1800000000001,1.0,2.0,0.0,0,2.0,
512887,M,False,False,usa,san diego,SAN,41,,,3.0,1.0,1303.0,1261.3004999999998,1.0,2.6666666666666665,0.6666666666666666,0,3.0,
512888,F,True,False,usa,chicago,MDW,39,,1.0,2.0,1.0,5229.0,682.05,1.3333333333333333,8.333333333333334,0.5,0,2.0,
512922,F,False,True,usa,tucson,TUS,36,1.0,,1.0,1.0,136.5,679.28,1.0,1.0,1.0,0,2.0,
512943,F,True,True,canada,toronto,YKZ,48,2.0,,2.0,1.0,1331.0,1641.75,1.0,2.0,0.5,0,4.0,
512945,F,False,False,usa,los angeles,LAX,27,1.0,1.0,1.0,1.0,2783.0,964.75,1.0,8.5,0.0,0,2.0,Starwood 
512999,F,True,False,usa,new york,JFK,36,1.0,,2.0,1.3333333333333333,503.0,1797.65,1.0,1.5,0.6666666666666666,0,3.0,
513006,F,True,False,usa,st. petersburg,SPG,60,,,2.0,1.5,1011.5999999999999,1962.37,1.5,4.0,1.0,0,2.0,
513026,F,True,False,usa,chicago,MDW,43,,,3.0,1.0,3173.0,663.764,1.0,5.333333333333333,0.3333333333333333,0,2.0,
513030,F,False,False,usa,san jose,SJC,40,,,3.0,1.0,2161.0,606.83,1.0,4.0,0.0,0,3.0,
513031,F,True,True,usa,detroit,DTW,48,1.0,1.0,1.0,1.0,2990.0,700.8,1.5,4.0,1.0,0,2.0,
513058,F,False,True,usa,new york,JFK,54,3.0,1.0,2.0,1.2,1787.0,2161.15,1.3333333333333333,3.6666666666666665,0.4,0,4.0,
513089,F,True,False,usa,sacramento,SMF,41,,2.0,1.0,1.0,2220.6000000000004,215.62,1.0,8.333333333333334,1.0,0,1.0,
513103,F,False,True,usa,philadelphia,PHL,34,,,3.0,1.3333333333333333,1147.0,3188.0370000000003,1.3333333333333333,2.3333333333333335,0.3333333333333333,0,2.0,
513138,F,False,True,usa,seattle,BFI,19,,,,,,,,,,0,,
513164,F,False,False,usa,mobile,BFM,44,1.0,,1.0,1.0,400.0,309.77,1.0,4.0,0.0,0,2.0,
513220,F,False,False,usa,indianapolis,IND,47,,,5.0,1.0,5222.0,1212.719,1.0,3.0,0.4,0,3.0,Fairmont
513221,F,False,False,usa,kansas city,MCI,33,,,1.0,2.0,1092.0,1494.42,2.0,6.0,0.0,0,1.0,
513237,F,True,True,canada,toronto,YZD,38,,1.0,1.0,1.0,1470.0,588.8,1.0,4.0,0.0,0,1.0,
513241,F,False,True,usa,las vegas,LAS,38,,,,,,,,,,0,,
513261,F,True,True,usa,new york,JFK,61,,,,,,,,,,0,,
513289,F,False,False,canada,calgary,YYC,37,,,1.0,1.0,874.0,189.31,1.0,2.0,0.0,0,1.0,
513322,F,False,False,usa,new york,LGA,53,,,3.0,1.0,695.0,1703.6599999999999,1.0,1.3333333333333333,1.0,0,3.0,
513347,F,True,True,usa,los angeles,LAX,51,,,1.0,1.0,258.0,322.082,1.0,2.0,1.0,0,1.0,
513381,F,True,True,usa,akron,AKR,53,,,3.0,1.0,513.4,1299.39,1.0,1.3333333333333333,0.6666666666666666,0,3.0,
513387,F,True,True,usa,chicago,ORD,51,,1.0,4.0,1.25,6357.0,855.48,1.8,3.0,0.25,0,4.0,Conrad 
513397,F,False,False,usa,new york,JFK,55,1.0,1.0,3.0,1.0,1463.1999999999998,1450.73,1.0,2.75,0.5,0,4.0,
513408,M,False,True,usa,modesto,MOD,34,,,2.0,2.5,2610.0,9516.254,2.5,5.5,0.5,0,2.0,
513425,F,True,True,usa,burlington,BTV,52,,,,,,,,,,0,,
513438,F,True,True,usa,san antonio,RND,53,,,1.0,1.0,7416.0,348.1,1.0,12.0,1.0,0,1.0,
513441,F,False,True,usa,madison,MSN,37,,,,,,,,,,1,,
513495,F,False,False,usa,san diego,SAN,33,,1.0,1.0,1.0,5536.0,344.89,1.0,8.5,1.0,0,1.0,
513497,F,False,False,usa,las vegas,LSV,46,,1.0,1.0,1.0,984.65,673.96,1.0,4.0,0.0,0,1.0,
513546,F,False,False,usa,louisville,LOU,47,,,,,,,,,,0,,
513569,F,False,False,usa,boston,BOS,20,,1.0,1.0,1.0,139.4,628.7,1.0,1.5,1.0,0,1.0,
513582,F,True,False,usa,los angeles,LAX,51,1.0,,2.0,1.0,591.0,2041.54,1.0,2.5,0.6666666666666666,0,2.0,
513602,F,False,False,usa,new york,JFK,28,,,,,,,,,,0,,
513611,F,False,False,usa,washington,DCA,51,,1.0,2.0,1.0,5193.5,786.4435000000001,1.0,5.666666666666667,0.5,0,2.0,
513613,M,False,False,usa,orlando,MCO,49,,1.0,2.0,1.0,2124.8,669.94,1.0,4.333333333333333,0.0,0,2.0,Hyatt
513625,F,False,True,usa,kansas city,MCI,30,,,1.0,4.0,880.0,4142.152,4.0,2.0,1.0,1,1.0,
513627,F,True,False,usa,atlanta,ATL,60,,,3.0,1.0,1556.0,654.97,1.0,1.6666666666666667,0.6666666666666666,0,2.0,
513659,F,False,False,usa,honolulu,HNL,43,,,3.0,1.0,1157.0,2152.75,1.0,4.666666666666667,0.0,0,3.0,
513742,F,False,True,usa,louisville,LOU,33,,,,,,,,,,0,,
513761,F,False,False,usa,los angeles,LAX,41,,,3.0,1.0,3178.25,1577.71,1.0,4.666666666666667,0.3333333333333333,0,3.0,
513787,M,True,False,usa,memphis,MEM,45,1.0,,3.0,1.0,1087.6,1079.844,1.0,3.0,1.0,1,4.0,
513791,F,False,False,canada,toronto,YTZ,40,,,4.0,1.25,3561.0,1825.94,1.25,6.5,0.5,0,4.0,
513796,F,True,False,usa,tacoma,TCM,47,1.0,,2.0,1.3333333333333333,4554.0,3231.3,1.5,7.5,0.6666666666666666,0,3.0,
513826,F,False,False,usa,el paso,BIF,45,2.0,,2.0,1.5,736.0,2615.133,2.0,2.0,0.5,0,3.0,Wyndham
513844,M,True,False,usa,oklahoma city,TIK,38,1.0,1.0,1.0,2.0,7290.0,2913.76,1.5,5.0,0.5,0,2.0,
513856,M,False,False,canada,london,YXU,39,,,1.0,1.0,1104.0,320.37350000000004,1.0,8.0,1.0,0,1.0,
513875,F,True,True,usa,orlando,MCO,36,,1.0,2.0,2.5,2428.0,10962.61,2.0,3.6666666666666665,1.5,1,2.0,
513953,F,True,False,usa,tacoma,TCM,41,,1.0,1.0,1.0,668.0,209.13600000000002,1.5,2.0,0.0,0,1.0,
513964,F,False,False,usa,colorado springs,COS,51,2.0,,3.0,1.0,1358.0,1656.76,1.0,1.3333333333333333,0.4,0,4.0,
514002,F,False,False,usa,los angeles,LAX,41,,,5.0,1.0,2201.0,2340.8,1.0,2.6,0.4,0,5.0,Hilton
514021,F,False,False,usa,nashville,BNA,79,,2.0,,,10000.4,,1.5,18.5,,0,,
514023,M,False,True,usa,los angeles,LAX,46,,1.0,2.0,1.0,1383.0,797.38,1.0,3.0,0.0,0,2.0,
514053,F,True,True,canada,victoria,YYJ,45,,1.0,1.0,1.0,2644.25,305.694,1.0,8.5,0.0,0,1.0,
514132,F,False,True,usa,san antonio,RND,39,1.0,,4.0,1.2,1732.0,2514.11,1.0,3.0,0.4,0,5.0,
514133,F,True,False,usa,portland,PDX,44,1.0,1.0,1.0,1.0,1020.0,474.129,1.5,2.0,0.5,0,2.0,
514164,F,True,False,usa,bakersfield,BFL,49,,1.0,3.0,1.0,2414.2,1856.66,1.0,3.0,0.3333333333333333,0,3.0,Conrad 
514167,F,False,False,usa,phoenix,PHX,53,,,2.0,1.0,289.0,867.1400000000001,1.0,1.5,0.5,1,2.0,
514210,F,False,False,canada,toronto,YZD,45,,,3.0,1.0,665.3,738.9445000000001,1.0,2.3333333333333335,0.3333333333333333,0,3.0,
514235,F,False,True,usa,oakland,OAK,32,,,1.0,1.0,357.0,226.18,1.0,3.0,0.0,0,1.0,
514261,F,False,False,canada,toronto,YTZ,34,,,3.0,1.3333333333333333,498.7,786.44,1.3333333333333333,1.0,0.6666666666666666,0,3.0,Best Western
514289,F,True,True,canada,montreal,YUL,53,,,,,,,,,,0,,
514300,M,False,False,usa,oklahoma city,TIK,42,1.0,,1.0,1.0,100.0,693.51,1.0,1.0,1.0,1,2.0,
514315,F,False,False,canada,winnipeg,YAV,25,,,1.0,1.0,628.0,411.04,1.0,2.0,1.0,0,1.0,
514318,F,True,True,usa,seattle,SEA,54,,2.0,2.0,1.0,2469.5,824.7180000000001,1.0,3.0,1.0,0,2.0,
514337,F,False,False,usa,chicago,ORD,48,,2.0,2.0,1.0,8303.8,698.3879999999999,1.25,6.25,1.0,0,2.0,Hilton
514342,F,False,False,usa,baltimore,BWI,44,2.0,,2.0,1.5,6010.0,2202.5299999999997,2.0,4.0,1.0,0,4.0,
514370,F,False,False,usa,new york,JFK,45,,,3.0,1.3333333333333333,9702.0,3449.9125,1.3333333333333333,4.0,0.0,0,3.0,
514384,F,False,False,canada,toronto,YKZ,46,,,1.0,2.0,202.0,2361.0,2.0,1.0,1.0,0,1.0,
514457,F,False,False,usa,modesto,MOD,43,,,4.0,1.0,4256.0,2209.517,1.0,4.5,0.5,0,3.0,
514460,F,True,False,usa,san jose,SJC,39,1.0,1.0,2.0,1.0,3762.3,833.5764999999999,1.0,6.666666666666667,0.6666666666666666,0,2.0,
514503,F,False,False,usa,lubbock,LBB,24,,2.0,,,10392.0,,2.0,11.0,,0,,
514515,F,False,False,canada,vancouver,YVR,41,1.0,,2.0,1.6666666666666667,1246.0,3931.09,2.0,1.0,1.0,0,3.0,
514586,F,False,False,usa,chicago,ORD,45,,,3.0,1.0,1061.0,649.5,1.0,3.6666666666666665,0.6666666666666666,0,3.0,
514589,F,True,False,usa,los angeles,LAX,49,,,1.0,1.0,580.0,374.73,1.0,2.0,1.0,0,1.0,
514623,F,True,True,usa,sacramento,SMF,40,,,1.0,1.0,536.0,321.28,1.0,4.0,1.0,0,1.0,
514638,F,True,True,usa,montgomery,MXF,42,,1.0,3.0,2.0,3025.0,5429.137999999999,2.0,6.0,1.0,0,3.0,NH Hotel 
514660,F,True,True,usa,phoenix,PHX,43,1.0,,3.0,1.25,852.0,3855.93,1.3333333333333333,1.6666666666666667,0.5,0,4.0,
514675,F,True,False,usa,chicago,UGN,53,,,3.0,1.3333333333333333,1571.0,1575.37,1.3333333333333333,2.0,0.6666666666666666,0,3.0,
514737,F,True,True,usa,washington,IAD,58,,,4.0,1.0,1759.0,499.12199999999996,1.0,4.5,0.75,0,4.0,
514830,F,False,False,usa,los angeles,LAX,55,1.0,,1.0,1.0,921.0,778.12,1.0,3.0,1.0,0,2.0,
514867,F,True,True,usa,denver,DEN,46,,,3.0,1.6666666666666667,4537.0,4123.240000000001,1.6666666666666667,4.333333333333333,0.3333333333333333,0,3.0,
514892,F,False,False,usa,phoenix,PHX,41,,,5.0,1.2,3990.0,2155.495,1.2,4.2,0.8,0,4.0,
514893,F,True,False,usa,rochester,ROC,70,,1.0,,,3135.0,,1.0,10.0,,0,,
514931,F,False,False,usa,baton rouge,BTR,19,,,,,,,,,,0,,
514944,M,True,True,usa,los angeles,LAX,51,,,1.0,1.0,340.0,610.81,1.0,4.0,1.0,0,1.0,
514980,M,False,False,usa,indianapolis,IND,41,,,7.0,1.4285714285714286,6381.25,4207.9875,1.4285714285714286,4.285714285714286,0.5714285714285714,0,6.0,Extended Stay 
514981,F,True,False,usa,long beach,LGB,50,,,3.0,1.3333333333333333,2063.0,501.08000000000004,1.3333333333333333,3.6666666666666665,0.3333333333333333,0,3.0,
515004,F,True,True,usa,sacramento,MHR,53,,1.0,1.0,1.0,1693.0,734.59,1.0,4.5,1.0,0,1.0,
515013,F,False,False,usa,milwaukee,MKE,50,1.0,,1.0,1.5,352.0,1232.6039999999998,2.0,1.0,0.5,0,2.0,
515051,F,True,False,canada,calgary,YYC,48,,,5.0,1.0,4491.6,2524.92,1.0,5.4,1.2,0,5.0,
515161,F,True,True,usa,santa ana,SNA,50,,1.0,2.0,1.0,1685.2,541.1825,1.3333333333333333,4.666666666666667,1.0,0,2.0,
515182,F,False,False,usa,dallas,DAL,41,,,6.0,1.1666666666666667,2797.0,3012.81,1.1666666666666667,2.0,0.8333333333333334,0,6.0,Hyatt
515200,F,True,False,usa,mobile,BFM,36,,,2.0,2.0,1199.7,4418.414,2.0,3.5,0.5,0,2.0,Starwood 
515202,F,True,False,usa,chicago,MDW,77,,1.0,,,3033.0,,3.0,3.0,,0,,
515229,F,True,True,usa,los angeles,LAX,54,,1.0,3.0,1.6666666666666667,3794.3,4556.42,1.5,4.25,0.3333333333333333,1,3.0,
515240,F,True,True,usa,indianapolis,IND,46,,1.0,,,2410.0,,2.0,5.0,,0,,
515271,F,False,True,canada,montreal,YHU,59,,,3.0,1.0,357.0,1380.6,1.0,1.0,0.0,0,3.0,
515306,F,True,False,usa,modesto,MOD,51,,1.0,3.0,1.0,5435.0,1260.21,1.0,8.25,0.6666666666666666,0,3.0,
515330,F,False,False,usa,houston,IAH,50,,,3.0,1.3333333333333333,1076.0,2831.4,1.3333333333333333,1.6666666666666667,0.3333333333333333,0,3.0,
515344,M,False,False,usa,new york,LGA,50,,2.0,3.0,1.0,8395.6,1261.566,1.2,4.2,0.6666666666666666,0,3.0,Conrad 
515409,F,True,True,usa,new york,JFK,47,,,3.0,1.6666666666666667,1248.0,3005.158,1.6666666666666667,1.6666666666666667,1.0,0,3.0,
515423,F,True,False,canada,victoria,YYJ,58,1.0,,1.0,1.0,360.0,956.22,1.0,6.0,0.5,0,2.0,
515478,F,True,True,usa,winston-salem,INT,33,,,2.0,1.5,570.0,700.03,1.5,2.0,0.0,0,2.0,
515502,F,False,True,usa,phoenix,PHX,35,,1.0,,,1550.3999999999999,,2.0,4.0,,0,,
515516,M,True,False,usa,houston,EFD,36,,,,,,,,,,0,,
515523,M,False,False,usa,las vegas,LAS,25,,2.0,1.0,1.0,6335.45,518.65,1.3333333333333333,5.333333333333333,0.0,0,1.0,
515530,F,False,True,canada,calgary,YYC,20,,,,,,,,,,0,,
515580,F,False,False,usa,indianapolis,IND,47,,1.0,3.0,1.0,5483.8,1171.92,1.25,5.25,0.6666666666666666,0,3.0,
515586,F,False,False,usa,san diego,SAN,56,2.0,,3.0,1.0,1714.0,2781.7,1.0,2.3333333333333335,0.6,0,5.0,Hyatt
515610,M,True,True,canada,vancouver,YVR,35,1.0,,1.0,2.5,264.0,10496.268,1.0,3.0,0.5,1,2.0,
515634,F,False,False,usa,austin,AUS,19,,,,,,,,,,0,,
515639,F,False,False,usa,los angeles,LAX,42,1.0,,6.0,1.1428571428571428,4861.0,5704.532,1.1666666666666667,2.6666666666666665,0.8571428571428571,0,6.0,
515645,F,True,False,usa,new york,LGA,38,1.0,1.0,1.0,1.0,11841.0,241.57,1.5,8.0,1.0,0,2.0,
515666,F,True,False,usa,columbus,LCK,41,,,4.0,1.0,1254.2,780.1199999999999,1.0,3.5,0.5,0,3.0,Radisson 
515684,F,False,False,usa,new york,LGA,56,2.0,,5.0,1.1428571428571428,2270.9,2698.2695,1.2,1.6,0.8571428571428571,0,6.0,
515727,F,True,False,usa,laredo,LRD,40,,,4.0,1.0,1399.6,1516.82,1.0,2.25,0.25,0,4.0,Extended Stay 
515735,F,True,True,usa,chicago,MDW,65,,,1.0,1.0,119.0,517.22,1.0,1.0,1.0,0,1.0,
515751,F,True,True,usa,new york,JFK,44,,,3.0,1.3333333333333333,4140.0,3130.04,1.3333333333333333,3.0,0.6666666666666666,0,3.0,
515778,F,True,False,usa,milwaukee,MKE,54,,1.0,2.0,1.0,1513.2,726.46,1.0,4.0,0.5,0,2.0,
515818,M,False,False,usa,chicago,ORD,69,1.0,,,2.0,,2056.22,,,0.0,0,1.0,
515831,F,False,True,usa,indianapolis,IND,34,1.0,,1.0,1.0,323.0,729.6299999999999,1.0,1.0,0.5,0,2.0,
515854,F,True,False,usa,reno,RNO,69,,2.0,,,1097.0,,1.0,5.0,,0,,
515874,F,True,False,usa,anchorage,ANC,70,,1.0,,,1962.0,,2.0,9.0,,0,,
515891,F,False,False,usa,indianapolis,IND,43,1.0,,4.0,1.0,4424.8,2023.97,1.0,3.25,0.4,0,4.0,
515901,F,False,False,usa,phoenix,PHX,38,,,2.0,1.0,809.4,604.1800000000001,1.0,2.5,0.5,0,2.0,
515974,M,False,True,usa,dallas,DAL,25,,2.0,1.0,1.0,4907.0,347.94,1.0,11.0,0.0,0,1.0,
515985,F,True,False,canada,ottawa,YOW,45,,1.0,2.0,1.0,1968.0,132.16,1.0,3.3333333333333335,0.5,0,2.0,
516001,F,True,False,usa,anchorage,EDF,34,,1.0,,,918.0,,2.0,3.0,,0,,
516006,F,True,False,usa,san antonio,RND,50,,,5.0,1.0,3667.0,988.404,1.0,3.6,0.4,0,5.0,Best Western
516053,F,False,True,usa,los angeles,LAX,44,2.0,,3.0,1.0,540.0,2963.548,1.0,2.6666666666666665,0.4,0,4.0,
516057,F,False,False,usa,houston,HOU,40,1.0,,2.0,1.3333333333333333,1711.1,2111.163,1.5,3.5,0.6666666666666666,1,3.0,Starwood 
516076,F,True,False,usa,riverside,RAL,73,,,,,,,,,,0,,
516086,F,False,True,usa,new york,LGA,20,,1.0,,,1591.2,,1.0,18.0,,0,,
516105,F,True,True,usa,austin,AUS,52,1.0,2.0,,1.0,2644.0,282.67,1.0,8.0,0.0,0,1.0,
516117,F,False,True,usa,charlotte,CLT,49,1.0,1.0,1.0,1.5,1690.0,575.52,1.0,4.5,0.5,0,2.0,Crowne Plaza
516127,F,True,False,usa,denver,DEN,33,,,,,,,,,,0,,
516132,F,False,True,usa,dallas,DAL,51,1.0,,1.0,1.0,258.0,431.03,1.0,2.0,1.0,1,2.0,
516152,F,False,False,usa,madison,MSN,38,,,1.0,1.0,244.0,467.68,1.0,2.0,1.0,0,1.0,
516211,M,True,False,usa,philadelphia,PHL,43,1.0,,2.0,1.0,1324.0,732.61,1.0,5.0,0.0,1,3.0,
516216,F,False,False,usa,philadelphia,PHL,40,,,4.0,1.0,1254.0,1191.7020000000002,1.0,2.0,0.25,0,4.0,
516217,M,True,False,canada,edmonton,YEG,47,1.0,,,1.0,,509.57,,,0.0,0,1.0,
516243,F,False,True,usa,buffalo,BUF,35,,,,,,,,,,0,,
516273,F,False,True,usa,tampa,TPA,43,,,2.0,1.0,1120.0,548.49,1.0,2.0,0.5,0,2.0,
516283,M,True,True,usa,phoenix,PHX,26,,,1.0,1.0,171.0,203.8275,1.0,1.0,1.0,1,1.0,
516290,M,False,False,usa,omaha,OMA,47,,1.0,2.0,1.5,3296.0,1260.81,1.3333333333333333,4.333333333333333,0.0,0,2.0,
516296,F,False,False,usa,fort worth,FTW,42,,,2.0,1.0,1198.0,447.57849999999996,1.0,6.0,0.5,0,2.0,
516301,F,False,False,usa,los angeles,LAX,29,,,4.0,1.5,1019.0,6242.96,1.5,1.75,0.75,1,4.0,NH Hotel 
516340,F,False,False,usa,omaha,OFF,19,,1.0,,,372.0,,1.0,6.0,,0,,
516351,F,False,False,usa,omaha,OFF,44,,,3.0,1.0,1338.0,782.54,1.0,3.3333333333333335,0.6666666666666666,0,3.0,Starwood 
516368,F,True,True,usa,denver,DEN,49,,,,,,,,,,1,,
516433,F,False,False,usa,phoenix,PHX,20,1.0,,,1.0,,191.33,,,0.0,0,1.0,
516516,M,True,False,usa,shreveport,SHV,62,,,1.0,2.0,2032.0,726.34,2.0,4.0,1.0,0,1.0,
516543,M,True,False,usa,madison,MSN,52,,,1.0,2.0,3252.0,1234.24,2.0,6.0,1.0,0,1.0,
516556,F,False,True,usa,kansas city,MCI,39,,,1.0,1.0,723.0,313.91,1.0,3.0,0.0,0,1.0,
516561,F,True,False,usa,dallas,DAL,50,,,2.0,1.0,632.0,335.0525,1.0,2.0,1.0,0,2.0,
516578,F,False,False,canada,winnipeg,YWG,42,,,4.0,1.25,1966.0,2707.32,1.25,4.25,0.25,0,4.0,
516583,F,False,True,usa,providence,PVD,48,,,,,,,,,,0,,
516594,F,False,False,usa,louisville,LOU,56,,,4.0,1.0,3184.0,1858.1,1.0,5.0,0.25,0,3.0,
516616,F,False,True,usa,new york,LGA,56,,2.0,4.0,1.0,6095.0,2377.1324999999997,1.0,4.666666666666667,0.75,0,4.0,
516620,M,False,False,usa,salt lake city,SLC,68,,,,,,,,,,0,,
516647,F,True,False,usa,san antonio,RND,45,1.0,,3.0,1.0,2174.0,1218.409,1.0,3.6666666666666665,1.0,0,4.0,Aman Resorts
516682,F,False,False,usa,buffalo,BUF,28,1.0,2.0,,1.0,930.0,100.34,1.0,4.5,1.0,0,1.0,
516694,F,True,True,usa,norfolk,NGU,54,1.0,,1.0,1.5,960.0,891.9000000000001,1.0,10.0,0.5,0,2.0,
516732,F,True,True,usa,new york,LGA,41,,1.0,2.0,1.0,1550.0,564.4300000000001,1.0,3.3333333333333335,0.5,0,2.0,
516765,F,False,True,usa,los angeles,LAX,29,,,,,,,,,,0,,
516798,F,True,False,usa,san jose,SJC,44,,,1.0,1.0,187.0,818.81,1.0,1.0,1.0,0,1.0,
516806,F,False,False,usa,washington,DCA,43,1.0,,4.0,1.0,6394.75,1514.52,1.0,8.0,0.6,1,5.0,
516827,F,False,False,usa,las vegas,LSV,54,1.0,2.0,3.0,1.0,3245.5,1235.64,1.0,5.6,0.75,0,4.0,
516841,M,False,True,usa,fresno,FAT,21,,,1.0,1.0,1329.0,675.4354999999999,1.0,3.0,1.0,0,1.0,
516862,F,True,False,usa,new york,LGA,70,1.0,1.0,,1.0,2790.0,1091.79,2.0,9.0,0.0,0,1.0,
516939,F,True,True,canada,gatineau,YND,31,,,1.0,1.0,92.0,57.266000000000005,1.0,1.0,1.0,0,1.0,
516967,M,False,True,usa,fresno,FAT,28,,,,,,,,,,0,,
516972,F,True,True,usa,new york,JFK,45,,,2.0,1.0,1070.8000000000002,746.5140000000001,1.0,2.5,1.0,0,2.0,
517033,F,False,False,canada,calgary,YYC,23,,3.0,,,6029.8,,1.3333333333333333,12.333333333333334,,0,,
517061,F,True,True,usa,jacksonville,NIP,56,,2.0,4.0,1.25,4308.0,1868.6725000000001,1.1666666666666667,3.6666666666666665,1.0,0,4.0,
517064,F,False,True,usa,dallas,DAL,20,,1.0,2.0,1.0,1234.0,683.191,1.0,1.6666666666666667,0.0,0,2.0,
517076,F,False,False,usa,charlotte,CLT,40,,3.0,2.0,1.0,4380.7,918.17,1.2,6.8,0.0,0,2.0,
517105,F,False,False,usa,santa ana,SNA,50,1.0,,3.0,1.0,1016.0,1440.223,1.0,2.6666666666666665,0.25,0,4.0,
517119,F,False,True,usa,columbus,CMH,48,,1.0,3.0,1.0,2193.0,671.352,1.0,5.75,0.6666666666666666,0,3.0,
517143,F,False,False,usa,kansas city,MCI,28,,2.0,,,1740.0,,1.0,5.0,,0,,
517150,M,False,False,usa,columbus,CMH,39,,,6.0,1.3333333333333333,3475.0,2820.156,1.3333333333333333,3.0,0.16666666666666666,0,5.0,
517158,M,True,True,usa,montgomery,MXF,55,,,3.0,1.0,883.0,755.85,1.0,1.3333333333333333,0.6666666666666666,0,3.0,Four Seasons
517330,M,True,False,usa,newark,EWR,72,,,1.0,1.0,852.0,467.35,1.0,6.0,1.0,0,1.0,
517467,F,False,False,usa,lincoln,LNK,39,,1.0,1.0,1.0,5486.0,259.096,1.5,5.0,2.0,0,1.0,
517486,F,True,False,usa,columbus,LCK,49,,,3.0,1.0,454.0,474.96000000000004,1.0,1.0,0.0,0,3.0,
517491,F,False,False,usa,nashville,BNA,58,1.0,2.0,5.0,1.0,5799.0,1973.56,1.1428571428571428,3.857142857142857,0.5,0,4.0,Banyan Tree 
517543,F,True,False,canada,vancouver,YVR,46,,,,,,,,,,0,,
517549,F,False,False,usa,salt lake city,SLC,53,1.0,,5.0,1.1666666666666667,3805.0,3625.648,1.2,2.8,0.6666666666666666,0,5.0,
517571,M,False,False,usa,phoenix,LUF,47,,,1.0,1.0,278.0,428.417,1.0,2.0,1.0,0,1.0,
517581,F,False,False,usa,san antonio,SKF,38,,,3.0,1.3333333333333333,3106.0,2645.5299999999997,1.3333333333333333,4.666666666666667,0.6666666666666666,0,3.0,
517674,F,False,False,usa,los angeles,LAX,32,1.0,,2.0,2.0,4992.0,7297.11,2.5,2.0,1.6666666666666667,0,3.0,
517675,F,True,False,canada,toronto,YTZ,32,,,4.0,1.5,3940.0,1670.44,1.5,4.25,1.0,0,2.0,
517739,F,True,True,usa,chicago,MDW,28,,,1.0,1.0,1115.0,114.12,1.0,5.0,1.0,0,1.0,
517787,F,False,False,usa,madison,MSN,35,,,1.0,3.0,1974.0,2555.46,2.0,7.0,2.0,0,1.0,
517803,M,True,False,usa,los angeles,LAX,50,,1.0,4.0,1.0,1733.7,1971.917,1.0,3.0,0.25,0,4.0,
517819,F,False,False,canada,vancouver,YVR,35,,,1.0,1.0,600.0,336.32,1.0,3.0,2.0,0,1.0,
517847,F,True,False,usa,denver,DEN,51,,1.0,3.0,1.0,703.0,769.27,1.0,2.25,0.6666666666666666,0,3.0,
517871,F,False,True,usa,boston,BOS,29,,,1.0,1.0,204.0,234.08,1.0,1.0,0.0,0,1.0,
517931,F,False,False,usa,philadelphia,PHL,38,,2.0,3.0,1.0,13085.9,1092.25,1.2,4.6,0.6666666666666666,0,3.0,
517961,F,True,True,canada,montreal,YUL,64,,,2.0,1.5,321.0,3645.07,1.5,1.0,1.0,1,1.0,
518015,F,False,True,usa,austin,AUS,42,,,4.0,1.0,3803.8,1283.1375,1.0,8.0,0.25,0,4.0,
518041,F,False,False,usa,new york,LGA,21,,1.0,,,437.0,,1.0,4.0,,0,,
518044,F,True,True,usa,cincinnati,LUK,56,1.0,2.0,1.0,1.0,1900.0,755.4100000000001,1.0,5.666666666666667,1.0,0,2.0,
518074,F,False,False,usa,milwaukee,MKE,32,1.0,,1.0,1.5,1080.0,1598.0819999999999,2.0,4.0,0.5,0,2.0,
518092,F,False,False,usa,new york,JFK,47,2.0,,3.0,1.0,1149.0,1781.7,1.0,2.0,0.4,0,4.0,
518121,F,False,False,canada,vancouver,YVR,34,,,3.0,1.3333333333333333,2374.8,2721.283,1.3333333333333333,2.3333333333333335,0.6666666666666666,0,3.0,
518135,F,False,False,usa,new york,JFK,37,,1.0,1.0,1.0,410.0,464.26,1.5,3.0,0.0,1,1.0,
518191,F,True,False,usa,detroit,YIP,48,1.0,,1.0,1.0,370.0,220.61,1.0,2.0,0.5,1,2.0,
518196,F,True,True,usa,san jose,SJC,58,1.0,1.0,1.0,1.0,9384.8,1291.8400000000001,1.5,8.0,1.0,0,2.0,
518281,F,True,True,canada,montreal,YMX,56,1.0,,3.0,1.0,1265.0,1742.897,1.0,2.6666666666666665,0.5,0,4.0,
518334,F,True,True,usa,mobile,BFM,34,,1.0,1.0,1.0,1645.6000000000001,312.88,1.0,4.0,1.0,0,1.0,
518338,F,False,True,usa,fort worth,FTW,38,,1.0,3.0,1.0,3338.0,671.12,1.25,5.25,0.0,0,3.0,InterContinental 
518347,F,True,True,usa,boston,BOS,57,1.0,,3.0,1.0,1004.0,1101.72,1.0,1.6666666666666667,0.25,0,4.0,
518372,F,False,False,usa,riverside,RAL,32,,,2.0,1.0,1106.0,511.27049999999997,1.0,2.0,0.5,0,2.0,
518406,F,True,False,usa,new york,JFK,53,,,3.0,1.0,952.0,268.01,1.0,3.0,0.3333333333333333,0,3.0,
518450,F,True,True,usa,cincinnati,LUK,65,1.0,1.0,,1.0,1995.0,504.17,1.0,7.0,0.0,0,1.0,
518480,F,True,True,usa,lubbock,LBB,47,,1.0,3.0,1.6666666666666667,4300.4,4055.6174999999994,1.75,4.0,1.3333333333333333,0,3.0,Accor
518495,F,False,False,canada,montreal,YMX,26,,,2.0,1.0,4222.0,368.4425,1.0,10.5,1.0,0,2.0,
518526,M,False,False,usa,new york,JFK,56,,,5.0,1.4,4034.0,2406.065,1.4,2.6,0.2,0,5.0,Hyatt
518535,M,True,False,usa,houston,HOU,47,1.0,1.0,1.0,1.0,1166.9,773.6,1.0,3.5,0.5,0,2.0,
518567,F,False,False,usa,chicago,UGN,20,,,1.0,1.0,106.0,222.33,1.0,2.0,1.0,0,1.0,
518579,M,False,False,usa,seattle,SEA,44,,1.0,2.0,1.0,2104.0,1017.3399999999999,1.3333333333333333,4.0,0.5,0,2.0,
518585,F,True,True,usa,chicago,UGN,45,,,3.0,1.0,864.0,1172.164,1.0,2.3333333333333335,0.6666666666666666,0,2.0,
518645,F,True,False,usa,newark,EWR,25,,,,,,,,,,0,,
518694,F,False,False,usa,los angeles,LAX,43,,1.0,1.0,1.0,3622.0,674.92,1.0,12.0,0.0,0,1.0,
518711,F,True,False,usa,salt lake city,SLC,46,,1.0,1.0,1.0,1073.0,429.92,1.0,2.5,1.0,0,1.0,
518735,F,False,True,usa,san francisco,SFO,30,,1.0,,,1190.0,,1.0,5.0,,0,,
518743,F,False,False,usa,washington,DCA,36,,,3.0,1.3333333333333333,3579.0,2993.38,1.3333333333333333,4.0,0.0,0,3.0,
518747,F,True,True,usa,los angeles,LAX,52,,,2.0,2.0,914.0,2621.488,2.0,2.0,0.5,0,2.0,
518751,F,False,False,usa,indianapolis,IND,35,2.0,,3.0,1.2,939.0,2831.54,1.0,1.0,0.2,0,4.0,
518756,F,False,False,usa,boston,BOS,54,,,2.0,1.0,955.0,1234.69,1.0,3.5,0.5,1,2.0,
518826,F,False,True,canada,montreal,YUL,41,,,1.0,1.0,514.0,222.37,1.0,2.0,0.0,0,1.0,
518827,M,True,True,usa,los angeles,LAX,51,,2.0,2.0,1.0,6906.0,868.8975,1.0,5.0,0.5,0,2.0,
518865,F,False,True,usa,long beach,LGB,29,,,3.0,1.0,1362.0,1142.97,1.0,2.6666666666666665,0.6666666666666666,0,2.0,Shangri-La
518866,F,True,False,usa,los angeles,LAX,57,,,3.0,1.0,752.0,1874.88,1.0,2.3333333333333335,0.0,0,3.0,
518870,F,False,False,usa,los angeles,LAX,40,,1.0,2.0,1.0,994.0,929.3399999999999,1.0,3.3333333333333335,0.0,0,2.0,
518896,F,True,False,usa,chicago,MDW,59,,1.0,2.0,1.0,7129.0,633.77,1.0,10.666666666666666,0.5,1,2.0,
518922,F,True,False,usa,sacramento,SAC,86,,1.0,,,4332.0,,1.0,15.0,,0,,
518956,F,True,False,usa,houston,IAH,50,,1.0,1.0,1.0,1064.9,420.84,1.0,4.0,0.0,0,1.0,
518971,F,False,False,canada,quebec,YQB,41,,,2.0,1.0,139.0,592.412,1.0,1.0,0.5,0,2.0,
519059,F,False,True,canada,victoria,YYJ,29,,,2.0,1.0,697.8,1253.1025,1.0,2.0,0.5,0,2.0,
519079,F,False,False,usa,phoenix,PHX,52,1.0,1.0,3.0,1.0,5776.0,1871.752,1.0,5.5,0.5,0,3.0,
519091,F,True,False,usa,san francisco,SFO,56,,1.0,1.0,2.0,6504.0,3174.4,2.0,14.0,1.0,0,1.0,
519205,F,True,False,usa,santa ana,SNA,46,,,2.0,1.0,662.5999999999999,991.5,1.0,1.5,0.5,0,2.0,
519248,F,True,True,usa,richmond,RIC,28,,,1.0,3.0,3505.5,1022.25,2.0,9.0,2.0,0,1.0,
519254,F,False,False,usa,tucson,TUS,33,,1.0,6.0,1.1666666666666667,4781.8,4326.860000000001,1.1428571428571428,2.857142857142857,0.3333333333333333,0,4.0,
519285,F,False,False,usa,portland,PDX,32,,1.0,3.0,1.0,1181.0,1620.17,1.0,3.5,0.3333333333333333,0,3.0,
519313,M,False,True,usa,san diego,NZY,25,,,1.0,1.0,452.0,482.88,1.0,2.0,0.0,0,1.0,
519335,F,True,True,usa,tucson,TUS,66,,2.0,,,1534.0,,1.5,4.0,,0,,
519348,M,False,False,usa,new york,LGA,47,,,3.0,1.0,737.5,671.48,1.0,2.0,0.6666666666666666,0,3.0,Fairmont
519368,F,False,True,usa,atlanta,ATL,22,,,1.0,1.0,198.0,207.24,1.0,1.0,0.0,0,1.0,
519393,F,False,True,usa,chicago,MDW,52,1.0,1.0,1.0,1.0,538.0,903.29,1.0,3.5,0.5,0,2.0,
519406,F,False,False,canada,halifax,YHZ,25,,,,,,,,,,0,,
519446,F,True,False,usa,los angeles,LAX,50,1.0,,3.0,1.0,1596.0,1710.98,1.0,5.0,1.25,0,4.0,
519469,M,False,False,usa,nashville,BNA,37,,1.0,1.0,1.0,1078.65,244.6,1.0,3.5,1.0,1,1.0,
519532,F,False,False,canada,quebec,YQB,46,,,3.0,1.6666666666666667,588.0,2146.13,1.6666666666666667,1.6666666666666667,1.3333333333333333,0,3.0,
519541,M,True,False,usa,san francisco,SFO,49,,,2.0,1.0,453.9,978.64,1.0,1.5,0.5,0,2.0,
519561,F,True,False,usa,new york,LGA,74,,,,,,,,,,0,,
519595,M,False,False,usa,los angeles,LAX,44,1.0,,3.0,1.0,674.0,2048.3745,1.0,2.6666666666666665,0.25,0,2.0,
519596,F,True,True,usa,fayetteville,POB,43,,,2.0,1.0,801.0,773.9300000000001,1.0,3.0,0.0,0,2.0,
519604,F,False,False,usa,burlington,BTV,56,,,3.0,1.0,1400.0,374.51,1.0,3.3333333333333335,0.3333333333333333,0,3.0,Rosewood
519687,F,True,True,usa,laredo,LRD,27,,,,,,,,,,0,,
519694,F,False,False,canada,ottawa,YOW,35,,,4.0,1.0,994.0,1513.15,1.0,1.25,0.5,0,4.0,
519706,F,False,True,canada,victoria,YYJ,64,,1.0,,,5443.200000000001,,2.0,27.0,,0,,
519726,F,True,False,usa,milwaukee,MKE,45,,,2.0,1.0,772.0,438.40999999999997,1.0,3.0,0.0,0,2.0,Conrad 
519747,M,True,False,usa,columbus,LCK,47,,,5.0,1.2,3483.7,2015.2920000000001,1.2,3.6,0.2,1,2.0,
519769,O,True,True,usa,atlanta,ATL,43,,,3.0,1.0,968.0,859.7879999999999,1.0,2.3333333333333335,0.3333333333333333,0,3.0,
519787,F,False,True,canada,edmonton,YEG,19,,1.0,,,1792.0,,2.0,7.0,,1,,
519799,F,False,True,usa,bakersfield,BFL,39,2.0,,3.0,1.0,1874.0,2123.036,1.0,3.0,0.4,0,5.0,Shangri-La
519846,F,False,True,usa,brownsville,BRO,59,,1.0,3.0,1.3333333333333333,7592.0,2275.4615,1.5,3.5,0.0,0,3.0,Marriott 
519848,F,False,False,usa,los angeles,LAX,45,,,4.0,1.5,2223.0,2374.31,1.5,2.0,0.0,0,3.0,NH Hotel 
519853,F,False,True,usa,new york,LGA,44,1.0,,1.0,1.5,580.0,765.808,1.0,2.0,0.0,0,2.0,
519888,F,False,False,usa,las vegas,LSV,41,,1.0,3.0,1.0,1154.5,1071.8,1.0,3.75,1.0,0,3.0,
519896,F,True,False,usa,miami,OPF,49,,,3.0,1.3333333333333333,5760.3,11321.28,1.0,9.0,0.6666666666666666,0,3.0,
519897,F,False,False,usa,tulsa,TUL,20,,,,,,,,,,0,,
519905,F,True,False,canada,montreal,YUL,43,,,2.0,1.0,2818.0,712.21,1.0,3.0,1.0,0,2.0,Conrad 
519911,F,False,False,canada,toronto,YYZ,42,,,6.0,1.0,3298.0,1869.354,1.0,4.0,0.16666666666666666,0,6.0,
519961,F,False,False,usa,new york,LGA,33,,,3.0,1.0,676.0,847.33,1.0,1.6666666666666667,0.6666666666666666,0,3.0,
519965,M,False,True,usa,oakland,OAK,40,,,3.0,1.0,2121.0,1275.743,1.0,2.0,0.6666666666666666,0,3.0,
519982,F,False,True,usa,memphis,MEM,23,,,,,,,,,,1,,
520054,F,False,True,usa,fort worth,FTW,37,,,1.0,1.0,287.0,51.23,1.0,1.0,0.0,0,1.0,
520063,F,False,True,usa,san antonio,SKF,39,,,2.0,1.0,140.0,522.58,1.0,1.0,0.0,0,2.0,
520097,F,True,False,usa,louisville,LOU,54,1.0,,3.0,1.0,464.0,743.652,1.0,1.3333333333333333,0.5,0,4.0,
520141,F,False,False,usa,new york,JFK,45,,1.0,2.0,1.0,1876.0,514.03,1.0,3.6666666666666665,0.5,0,2.0,
520152,F,True,True,usa,phoenix,PHX,49,,1.0,3.0,1.0,2662.0,703.9159999999999,1.25,4.25,1.0,0,3.0,
520193,F,False,False,usa,el paso,BIF,51,,,3.0,1.0,1429.0,1555.85,1.0,2.6666666666666665,1.0,0,3.0,Accor
520225,F,False,True,usa,san jose,SJC,44,,,5.0,1.0,1707.0,1839.6635,1.0,2.6,0.6,0,5.0,Extended Stay 
520265,F,True,True,usa,fresno,FAT,44,,1.0,4.0,1.0,3847.5,2326.0600000000004,1.0,5.0,0.25,0,4.0,Best Western
520277,F,False,False,usa,omaha,OFF,41,,,2.0,1.0,265.0,484.4,1.0,1.5,0.0,0,2.0,
520291,M,True,False,usa,los angeles,LAX,38,,,4.0,1.0,2783.6,2023.15,1.0,5.5,1.25,0,4.0,
520311,F,True,True,usa,milwaukee,MKE,50,3.0,1.0,1.0,1.25,2771.0,1119.6395,1.0,6.5,1.0,0,4.0,
520397,F,True,False,usa,austin,AUS,46,1.0,,2.0,1.0,644.0,1394.06,1.0,2.0,0.3333333333333333,1,3.0,
520411,F,True,False,usa,detroit,DTW,41,,,2.0,1.0,1228.0,273.78,1.0,3.0,0.5,0,2.0,
520429,M,True,True,usa,winston-salem,INT,53,,,2.0,1.0,1174.0,1082.3700000000001,1.0,3.0,1.0,1,1.0,
520436,F,True,False,usa,chicago,MDW,49,,1.0,5.0,1.0,2942.0,1942.7000000000003,1.0,3.5,0.8,0,5.0,
520440,F,True,False,usa,new york,JFK,37,,,,,,,,,,0,,
520480,F,False,False,canada,vancouver,YVR,40,1.0,,2.0,1.0,511.8,1969.6100000000001,1.0,4.5,0.3333333333333333,0,2.0,
520532,F,True,False,usa,washington,DCA,49,,,4.0,1.0,1455.5,1385.72,1.0,4.0,0.75,0,4.0,
520539,F,True,True,usa,little rock,LIT,54,,,3.0,1.0,549.0,852.2715,1.0,1.6666666666666667,0.3333333333333333,1,3.0,
520556,F,False,True,usa,austin,AUS,36,1.0,1.0,3.0,1.0,9659.1,988.359,1.25,10.0,0.75,0,4.0,
520558,F,False,False,usa,rochester,ROC,38,,,1.0,1.0,590.0,376.12,1.0,5.0,0.0,0,1.0,
520603,F,False,False,usa,milwaukee,MKE,27,,,,,,,,,,0,,
520680,F,True,False,usa,winston-salem,INT,45,,,2.0,1.0,940.0,522.588,1.0,2.0,0.0,0,2.0,
520719,M,False,False,usa,new york,JFK,27,,,4.0,1.0,3923.0,2473.45,1.0,3.25,0.5,0,4.0,
520733,F,True,False,usa,honolulu,HNL,43,,,3.0,1.0,1144.0,3186.2509999999997,1.0,2.6666666666666665,0.3333333333333333,0,3.0,
520762,F,False,False,usa,baton rouge,BTR,31,,1.0,1.0,1.0,1081.0,108.89,1.0,5.0,1.0,0,1.0,
520770,F,False,False,usa,sacramento,SAC,42,2.0,,2.0,1.5,360.5,8270.67,1.0,1.0,0.5,0,4.0,
520771,F,True,True,usa,laredo,LRD,60,,1.0,,,1760.0,,1.0,11.0,,0,,
520780,F,False,False,usa,new york,JFK,72,,,,,,,,,,0,,
520819,F,True,True,usa,jacksonville,NZC,52,,,2.0,1.0,2228.0,472.88,1.0,2.0,0.0,0,2.0,
520821,F,False,False,usa,boston,BOS,44,,,2.0,1.0,1095.0,1429.6399999999999,1.0,4.5,0.5,0,2.0,
520844,F,False,True,usa,long beach,LGB,22,,1.0,1.0,1.0,2112.0,93.77,1.0,4.5,0.0,0,1.0,
520851,F,True,True,usa,san antonio,RND,55,,,5.0,1.8,2586.0,7083.789999999999,1.8,2.4,0.4,0,4.0,
520898,F,True,True,usa,santa ana,SNA,44,,1.0,2.0,1.5,5760.0,3442.1195,1.6666666666666667,6.0,0.5,0,1.0,
520902,F,False,False,usa,kansas city,MCI,41,,,4.0,1.25,1452.0,2352.6705,1.25,2.0,1.0,0,3.0,Radisson 
520959,F,False,False,usa,new york,LGA,51,,,1.0,1.0,115.6,105.77,1.0,1.0,0.0,0,1.0,
521000,F,True,False,usa,charlotte,CLT,49,,,3.0,1.0,885.0,620.9100000000001,1.0,1.3333333333333333,0.3333333333333333,0,3.0,Rosewood
521009,F,True,False,usa,new york,LGA,70,,1.0,,,872.0,,2.0,4.0,,0,,
521031,F,False,False,canada,hamilton,YHM,45,,1.0,5.0,1.6,3457.05,3661.2900000000004,1.5,4.0,0.4,0,5.0,Hyatt
521033,M,True,True,usa,chicago,ORD,44,1.0,,3.0,1.25,2464.1000000000004,1242.92,1.3333333333333333,6.0,0.5,0,4.0,
521060,F,False,False,usa,burlington,BTV,41,,1.0,4.0,1.25,2593.4,3051.6800000000003,1.4,3.6,1.0,0,4.0,Rosewood
521065,F,True,True,usa,new york,LGA,46,1.0,,2.0,1.3333333333333333,331.25,2845.0275,1.0,1.0,0.0,1,3.0,
521127,F,True,False,usa,chicago,MDW,44,,2.0,3.0,1.0,5108.2,1040.032,1.0,6.2,0.6666666666666666,0,3.0,Best Western
521152,F,True,False,canada,winnipeg,YWG,47,,,3.0,1.6666666666666667,6496.0,3370.4900000000002,1.6666666666666667,5.333333333333333,0.0,0,3.0,Hyatt
521185,F,True,True,usa,los angeles,LAX,48,,2.0,2.0,1.0,2739.95,1075.31,1.0,3.75,1.0,0,2.0,Crowne Plaza
521186,F,False,False,usa,boston,BOS,55,,,3.0,1.0,4079.2,1825.72,1.0,5.0,0.6666666666666666,0,2.0,
521187,F,True,False,usa,orlando,ORL,76,,,,,,,,,,0,,
521212,M,True,True,usa,dallas,DAL,44,,,3.0,1.3333333333333333,3259.1,590.0525,1.3333333333333333,3.6666666666666665,1.3333333333333333,1,3.0,
521259,F,False,False,usa,knoxville,TYS,37,,,2.0,1.0,436.8,736.0205,1.0,2.5,0.0,0,2.0,
521282,F,False,False,usa,columbus,CMH,35,1.0,,1.0,1.0,448.0,788.26,1.0,4.0,1.0,0,2.0,
521295,F,False,True,usa,baton rouge,BTR,43,,,2.0,1.0,1027.5,508.58000000000004,1.0,6.0,0.5,0,2.0,
521298,F,False,False,usa,san jose,SJC,40,1.0,,2.0,2.0,2961.7,2140.77,2.5,2.5,0.3333333333333333,0,3.0,
521309,F,False,True,usa,detroit,YIP,52,,,2.0,1.0,184.0,863.2139999999999,1.0,1.5,1.0,0,1.0,
521316,F,False,False,usa,nashville,BNA,46,,1.0,2.0,1.0,1490.2,448.5195,1.0,6.0,0.5,0,2.0,
521335,F,False,False,usa,denver,DEN,36,,1.0,2.0,1.0,1244.0,383.83,1.3333333333333333,3.0,0.0,1,2.0,
521343,F,False,False,usa,charlotte,CLT,39,2.0,,3.0,1.2,1493.0,1024.811,1.0,1.6666666666666667,0.6,0,3.0,
521379,F,True,False,usa,new york,JFK,58,,,2.0,1.0,542.0,1347.47,1.0,2.5,0.0,0,2.0,
521434,F,True,False,usa,los angeles,LAX,51,1.0,,3.0,1.25,1677.0,3653.392,1.3333333333333333,3.0,1.25,0,4.0,
521462,F,True,True,usa,indianapolis,IND,60,1.0,,2.0,1.6666666666666667,1104.0,2276.5899999999997,2.0,2.5,1.0,0,2.0,
521509,F,True,False,usa,new york,LGA,57,,,4.0,1.25,3343.0,1435.26,1.25,3.25,0.5,0,4.0,Extended Stay 
521514,F,False,True,usa,nashville,BNA,31,,,2.0,1.0,1248.3,265.02700000000004,1.0,4.5,0.5,0,2.0,
521587,F,False,False,usa,new york,LGA,35,,,4.0,1.25,657.0,3494.77,1.25,1.5,0.5,0,4.0,
521607,F,False,False,usa,bakersfield,BFL,43,,,3.0,1.0,758.2,1433.3775,1.0,2.3333333333333335,0.3333333333333333,0,3.0,Choice Hotels
521609,M,True,True,canada,toronto,YYZ,53,,,2.0,1.5,2352.0,334.79999999999995,1.5,3.5,0.5,0,2.0,
521642,F,True,False,usa,lubbock,LBB,61,,2.0,,,1747.6,,1.0,8.0,,0,,
521663,M,False,False,usa,san francisco,SFO,36,,,,,,,,,,0,,
521695,M,True,False,canada,halifax,YAW,41,,1.0,3.0,1.0,2919.8,715.6899999999999,1.0,2.75,0.3333333333333333,0,3.0,
521708,F,True,False,usa,nashville,BNA,49,1.0,,3.0,1.0,1332.0,1123.164,1.0,4.0,0.75,0,4.0,
521719,F,False,False,usa,new york,JFK,23,,,1.0,1.0,232.0,236.02,1.0,2.0,0.0,0,1.0,
521720,M,False,False,usa,indianapolis,IND,46,,,4.0,1.0,3719.8,1403.8899999999999,1.0,4.5,0.75,0,4.0,
521743,F,False,False,canada,calgary,YYC,41,1.0,,6.0,1.0,1702.1,2716.31,1.0,3.5,0.2857142857142857,0,6.0,Extended Stay 
521748,M,False,False,usa,philadelphia,PNE,42,,1.0,2.0,1.0,2181.4,212.32999999999998,1.3333333333333333,3.6666666666666665,0.5,0,2.0,
521768,F,False,False,usa,omaha,OFF,49,1.0,,2.0,1.0,1323.0,804.41,1.0,1.5,0.6666666666666666,0,3.0,
521818,F,False,False,usa,boston,BOS,19,,,1.0,1.0,93.60000000000001,125.66,1.0,1.0,0.0,1,1.0,
521865,F,True,True,usa,richmond,RIC,47,,,4.0,1.0,2008.0,1090.237,1.0,2.25,0.5,0,4.0,
521956,F,False,False,canada,toronto,YTZ,30,,,4.0,1.25,1978.0,1810.8600000000001,1.25,2.5,0.5,0,4.0,
521963,M,True,False,canada,toronto,YZD,27,,1.0,1.0,2.0,1512.0,341.7,1.5,4.5,0.0,0,1.0,
521986,M,True,True,usa,omaha,OMA,53,,1.0,1.0,1.0,1864.0,318.84,1.0,5.0,1.0,0,1.0,
522001,F,True,False,usa,sacramento,MCC,68,,,,,,,,,,0,,
522005,F,False,True,usa,nashville,BNA,48,,2.0,3.0,1.0,5875.6,971.35,1.2,5.0,0.0,0,3.0,
522062,F,True,False,canada,edmonton,YEG,52,1.0,,3.0,1.0,1075.0,2053.37,1.0,2.6666666666666665,0.5,0,3.0,
522086,F,True,True,usa,corpus christi,CRP,41,,,2.0,1.0,1382.0,716.606,1.0,4.0,0.0,0,2.0,
522112,F,True,True,canada,toronto,YKZ,46,,,2.0,1.0,290.0,775.19,1.0,1.5,0.5,0,2.0,
522118,F,True,False,usa,des moines,DSM,53,1.0,,2.0,1.0,790.0,685.4100000000001,1.0,2.0,0.6666666666666666,0,3.0,
522184,F,False,True,usa,reno,RNO,26,,,,,,,,,,0,,
522201,F,True,False,usa,minneapolis,MSP,48,,1.0,,,2310.0,,1.0,11.0,,0,,
522233,M,False,False,usa,norfolk,NGU,43,,1.0,3.0,1.3333333333333333,2851.8,2621.502,1.5,3.75,1.0,1,3.0,
522237,F,False,False,usa,louisville,LOU,31,,2.0,2.0,2.0,3420.0,887.71,1.5,5.0,1.0,0,2.0,Conrad 
522315,F,False,False,usa,baltimore,BWI,36,,,2.0,1.0,787.0,229.81,1.0,1.0,0.0,0,2.0,
522364,F,False,False,usa,memphis,MEM,35,,,3.0,1.0,912.6,751.8,1.0,2.6666666666666665,0.6666666666666666,0,3.0,
522373,F,False,True,usa,new york,LGA,39,,,2.0,1.5,319.0,2573.02,1.5,1.0,0.0,0,2.0,
522375,F,False,False,usa,kansas city,MCI,53,1.0,,2.0,1.0,2739.6,791.74,1.0,4.0,0.6666666666666666,0,3.0,
522402,M,False,False,usa,san antonio,RND,46,1.0,,2.0,1.3333333333333333,659.0,520.721,1.5,1.0,0.3333333333333333,0,3.0,
522426,M,False,True,canada,toronto,YYZ,46,,,4.0,1.25,423.0,735.9300000000001,1.25,1.5,0.25,0,4.0,
522427,M,False,False,usa,san antonio,SAT,26,,1.0,2.0,1.0,4294.0,850.5794999999999,1.0,6.333333333333333,0.5,0,1.0,
522438,M,True,True,canada,vancouver,YVR,57,,,5.0,1.2,1996.7,3610.1800000000003,1.2,2.2,0.4,0,4.0,
522441,M,True,False,usa,new york,LGA,36,,,3.0,1.0,560.8,891.46,1.0,1.3333333333333333,0.6666666666666666,0,3.0,
522476,F,True,False,usa,austin,AUS,50,1.0,,4.0,1.2,2010.0,1744.57,1.25,2.25,0.8,0,5.0,
522513,F,False,False,canada,winnipeg,YWG,43,,2.0,2.0,1.0,2206.0,669.02,1.0,5.25,0.5,0,2.0,
522523,F,False,True,usa,fayetteville,POB,35,,,1.0,1.0,166.0,188.13,1.0,1.0,0.0,0,1.0,
522532,F,False,False,usa,los angeles,LAX,39,,2.0,3.0,1.3333333333333333,2128.85,2656.3599999999997,1.4,3.4,0.3333333333333333,0,3.0,Rosewood
522624,F,False,False,usa,bakersfield,BFL,31,,1.0,,,4617.0,,2.0,30.0,,0,,
522631,F,False,False,usa,santa ana,SNA,33,,,1.0,1.0,96.0,620.07,1.0,2.0,3.0,0,1.0,
522634,F,False,False,usa,fresno,FAT,36,1.0,1.0,2.0,1.0,6409.0,1234.2649999999999,1.0,4.333333333333333,0.6666666666666666,0,3.0,
522639,F,False,False,usa,chicago,MDW,38,,,2.0,1.0,2652.0,575.5,1.0,5.0,0.5,0,2.0,
522654,F,False,True,usa,new york,LGA,43,,1.0,2.0,1.0,2953.0,775.173,1.0,7.0,0.5,0,2.0,
522687,F,True,True,usa,new york,LGA,47,1.0,1.0,2.0,1.6666666666666667,1430.0,2446.66,1.3333333333333333,4.666666666666667,0.6666666666666666,0,3.0,Conrad 
522745,F,False,False,usa,new york,LGA,51,,1.0,2.0,1.5,2599.0,1176.79,1.6666666666666667,3.6666666666666665,0.0,0,2.0,
522788,F,True,False,usa,lincoln,LNK,50,,2.0,,,896.1,,1.5,4.5,,0,,
522809,F,True,True,canada,victoria,YYJ,55,,,1.0,1.0,1155.0,565.09,1.0,3.0,2.0,0,1.0,
522911,M,True,True,usa,orlando,ORL,41,,,,,,,,,,0,,
522927,F,False,False,usa,new york,LGA,38,,,1.0,1.0,464.0,800.95,1.0,4.0,1.0,0,1.0,
522937,F,False,False,usa,phoenix,LUF,48,2.0,,5.0,1.0,1186.0,2572.56,1.0,2.6,0.8571428571428571,0,7.0,Hilton
522939,F,False,True,usa,cleveland,CLE,46,,,2.0,1.0,698.0,455.19,1.0,3.0,0.5,0,2.0,Conrad 
522944,F,True,False,usa,new york,JFK,57,,,2.0,1.0,343.0,1189.016,1.0,1.0,1.5,0,2.0,
522999,F,True,False,usa,montgomery,MXF,38,,1.0,2.0,1.5,4435.0,2181.4700000000003,1.3333333333333333,6.333333333333333,0.0,0,2.0,
523077,F,False,False,usa,corpus christi,CRP,34,,3.0,1.0,1.0,4804.200000000001,551.81,1.25,6.5,1.0,0,1.0,
523090,F,False,True,usa,tucson,TUS,37,,,2.0,1.0,1014.0,832.21,1.0,3.0,1.0,0,2.0,
523228,F,True,False,canada,montreal,YMX,35,,1.0,3.0,1.0,2191.95,1204.824,1.0,2.75,0.6666666666666666,0,3.0,Wyndham
523256,F,False,False,usa,indianapolis,IND,39,,1.0,2.0,1.0,11545.0,714.26,1.3333333333333333,7.333333333333333,0.0,0,2.0,
523290,F,False,False,usa,rochester,ROC,37,,1.0,2.0,1.0,4081.0,166.04,1.3333333333333333,2.3333333333333335,0.5,0,2.0,
523301,F,False,True,usa,phoenix,LUF,41,,,3.0,1.0,1411.0,1554.61,1.0,4.0,0.3333333333333333,0,3.0,
523338,F,True,True,usa,new york,LGA,40,,,4.0,1.0,5482.3,592.54,1.0,3.25,1.0,0,3.0,Hilton
523454,F,False,False,usa,cleveland,CLE,59,,,3.0,1.0,2758.8,945.557,1.0,6.666666666666667,1.0,0,3.0,
523484,F,False,False,usa,new york,LGA,43,2.0,1.0,2.0,1.0,2945.0,1892.852,1.0,3.3333333333333335,0.75,0,4.0,
523503,F,True,False,usa,denver,DEN,73,1.0,,,2.0,,551.28,,,1.0,0,1.0,
523505,F,False,False,usa,chicago,UGN,50,,2.0,3.0,1.0,3482.0,1137.13,1.2,2.8,0.3333333333333333,0,2.0,
523511,M,False,True,usa,new york,JFK,40,2.0,1.0,,1.0,494.0,617.951,1.0,2.0,0.0,0,2.0,
523517,F,False,False,usa,houston,HOU,31,,1.0,1.0,1.0,2681.0,377.7,1.0,13.5,1.0,0,1.0,
523559,M,True,False,usa,san antonio,SKF,48,1.0,,2.0,1.0,1520.0,1022.15,1.0,5.5,0.0,0,3.0,
523612,F,True,True,usa,seattle,SEA,48,,3.0,2.0,1.0,4726.0,1250.3200000000002,1.0,4.0,0.0,0,2.0,
523666,M,True,False,usa,bakersfield,BFL,56,,,4.0,1.0,1829.0,2015.753,1.0,3.25,0.25,0,4.0,
523690,M,False,False,usa,lincoln,LNK,45,,2.0,2.0,1.0,5547.9,378.56000000000006,1.25,4.75,0.5,0,2.0,
523700,F,True,True,usa,charlotte,CLT,61,,,1.0,2.0,1346.4,312.48,2.0,1.0,0.0,0,1.0,
523710,F,False,False,usa,fort worth,FTW,44,,,3.0,1.0,1189.0,1157.6,1.0,4.0,0.6666666666666666,0,3.0,
523715,F,True,True,usa,portland,PWM,45,,1.0,1.0,1.0,1026.0,149.96,1.0,4.0,1.0,1,1.0,
523746,F,False,False,usa,new york,JFK,27,1.0,,1.0,1.0,199.0,1333.7130000000002,1.0,1.0,0.5,0,2.0,
523768,F,True,False,canada,montreal,YMX,58,,1.0,1.0,1.0,603.0,195.42,1.0,3.0,0.0,1,1.0,
523771,F,False,True,usa,new york,JFK,38,,2.0,1.0,2.0,4924.0,910.86,1.6666666666666667,7.0,1.0,0,1.0,
523787,F,True,True,usa,milwaukee,MKE,43,,,1.0,1.0,119.0,470.9,1.0,1.0,0.0,0,1.0,
523800,F,False,False,usa,san diego,SAN,40,1.0,2.0,1.0,1.0,4124.8,715.5699999999999,1.0,12.0,0.0,0,2.0,
523807,F,True,True,usa,san francisco,SFO,55,,,2.0,1.5,936.0,1940.21,1.5,3.0,0.0,0,2.0,
523819,F,True,False,usa,riverside,RIV,45,,3.0,2.0,1.0,3807.5,768.3,1.0,2.6,0.0,0,2.0,
523841,F,True,False,usa,san jose,SJC,49,,,3.0,1.0,1495.0,503.35,1.0,3.0,0.6666666666666666,0,3.0,
523860,F,True,True,usa,knoxville,TYS,42,1.0,1.0,1.0,2.5,2445.6,4454.639999999999,3.0,4.5,0.0,0,2.0,
523866,F,False,False,canada,toronto,YKZ,19,1.0,,2.0,1.0,567.0,1300.26,1.0,2.0,0.3333333333333333,0,3.0,
523887,F,False,False,usa,indianapolis,IND,26,,1.0,,,1188.0,,1.0,11.0,,0,,
523913,M,False,True,usa,memphis,MEM,38,1.0,,3.0,1.0,1123.0,1619.628,1.0,2.0,0.5,0,4.0,
523981,F,False,False,canada,edmonton,YEG,54,1.0,1.0,3.0,1.0,1714.0,1962.4499999999998,1.25,2.75,0.5,0,4.0,
524001,F,False,False,canada,toronto,YYZ,47,,,4.0,1.0,1168.6,2296.69,1.0,1.75,0.25,0,4.0,Hyatt
524038,F,False,False,canada,montreal,YUL,43,,,4.0,1.0,422.5,1567.75,1.0,1.25,0.0,0,4.0,
524043,F,True,False,usa,wichita,IAB,57,,1.0,5.0,1.2,3248.1000000000004,2658.26,1.1666666666666667,4.666666666666667,0.8,0,4.0,Shangri-La
524046,F,True,False,usa,austin,AUS,60,1.0,1.0,2.0,1.6666666666666667,12913.6,3382.783,1.3333333333333333,11.666666666666666,1.0,0,3.0,
524057,F,True,False,usa,new york,JFK,74,,1.0,,,426.0,,1.0,3.0,,0,,
524076,F,True,False,usa,tucson,DMA,57,,1.0,2.0,1.0,801.0,579.56,1.0,2.0,0.5,0,2.0,
524098,F,False,False,usa,houston,HOU,46,,,,,,,,,,0,,
524116,M,False,False,usa,seattle,BFI,57,1.0,2.0,3.0,1.0,5961.0,2482.42,1.0,6.4,0.5,0,4.0,Best Western
524167,M,False,True,usa,san antonio,SAT,44,,,4.0,1.75,3548.0,1921.128,1.75,1.75,0.0,0,3.0,
524169,F,True,True,usa,long beach,LGB,41,1.0,,2.0,1.3333333333333333,255.0,3970.07,1.0,1.0,0.6666666666666666,0,2.0,
524172,F,False,False,usa,chicago,UGN,23,,,,,,,,,,0,,
524180,F,False,False,canada,montreal,YUL,58,,,5.0,1.4,4505.75,5154.98,1.4,1.8,1.0,0,5.0,Best Western
524211,F,False,False,usa,new york,JFK,35,,,3.0,1.6666666666666667,1571.0,2214.13,1.6666666666666667,2.6666666666666665,0.3333333333333333,0,2.0,
524244,F,False,False,usa,las vegas,LAS,38,,1.0,2.0,1.0,2216.5,1092.3,1.0,5.666666666666667,0.5,0,2.0,
524251,F,True,True,usa,chicago,UGN,51,,1.0,2.0,1.0,3077.8,210.34,1.0,5.666666666666667,1.0,0,2.0,
524313,F,True,False,usa,san diego,SAN,53,,,2.0,2.5,6951.0,8421.19,2.5,4.5,0.5,0,2.0,
524365,F,True,False,usa,phoenix,LUF,50,,1.0,5.0,1.0,1835.0,2258.3995,1.0,1.6666666666666667,0.2,0,4.0,
524383,F,False,False,canada,montreal,YUL,36,,,1.0,1.0,150.0,87.04,1.0,1.0,0.0,0,1.0,
524412,F,True,False,usa,stockton,SCK,55,,1.0,4.0,1.25,5856.2,1631.0720000000001,1.4,3.2,0.75,0,4.0,
524419,F,True,False,usa,columbus,CMH,76,1.0,,1.0,1.0,1053.0,578.12,1.0,3.0,0.0,0,2.0,
524484,F,False,False,canada,hamilton,YHM,24,1.0,,,2.0,,8587.7,,,1.0,0,1.0,
524572,F,True,True,usa,san antonio,SAT,47,,1.0,2.0,1.0,2249.0,914.74,1.0,3.6666666666666665,0.0,0,2.0,
524606,F,False,False,usa,laredo,LRD,35,2.0,,,1.0,,887.31,,,0.5,0,2.0,
524668,F,False,False,usa,new york,JFK,48,,1.0,4.0,1.0,1886.5,1168.18,1.2,2.6,1.0,0,4.0,
524722,M,True,True,usa,dallas,DAL,54,,,3.0,1.0,591.6,659.7284999999999,1.0,1.6666666666666667,0.6666666666666666,0,3.0,Banyan Tree 
524728,F,True,False,usa,los angeles,LAX,48,1.0,,,1.0,,286.09,,,1.0,0,1.0,
524739,F,False,False,usa,shreveport,BAD,74,,,1.0,1.0,278.1,332.5,1.0,3.0,1.0,0,1.0,
524766,M,False,True,canada,ottawa,YOW,37,,,2.0,2.5,624.0,2439.4259999999995,2.5,1.5,1.0,0,2.0,
524797,F,False,True,usa,philadelphia,PNE,33,,,,,,,,,,0,,
524807,F,False,True,canada,calgary,YYC,32,,,3.0,1.0,682.0,1303.51,1.0,1.3333333333333333,0.3333333333333333,0,3.0,
524834,F,True,True,usa,phoenix,LUF,46,,,2.0,1.0,511.9,387.7025,1.0,1.5,0.5,0,2.0,
524842,F,True,True,usa,corpus christi,CRP,36,,1.0,,,3729.6,,2.0,14.0,,0,,
524861,F,False,False,canada,calgary,YYC,33,,1.0,3.0,1.0,6658.0,1257.4099999999999,1.5,4.5,0.3333333333333333,0,3.0,Crowne Plaza
524895,F,False,False,usa,chicago,ORD,43,,,3.0,1.0,1560.0,408.39,1.0,3.6666666666666665,0.3333333333333333,0,3.0,Accor
524909,M,False,False,usa,el paso,BIF,52,,,3.0,1.0,814.0,973.09,1.0,2.3333333333333335,0.3333333333333333,0,2.0,
524926,F,False,False,usa,san francisco,SFO,45,1.0,,3.0,1.25,2474.0,4090.413,1.0,3.3333333333333335,0.25,0,4.0,
524940,F,True,True,usa,houston,HOU,28,,1.0,,,2468.0,,1.0,4.0,,0,,
524980,F,True,False,usa,chicago,UGN,51,,,2.0,1.0,301.0,636.0029999999999,1.0,1.5,0.5,1,2.0,NH Hotel 
525022,F,True,False,usa,st. louis,STL,50,,1.0,1.0,1.0,594.0,210.48,1.5,2.0,1.0,1,1.0,Four Seasons
525034,F,True,False,canada,gatineau,YND,55,,1.0,1.0,1.0,1325.0,628.0,1.0,5.0,1.0,0,1.0,
525081,F,True,True,usa,anchorage,ANC,58,,3.0,1.0,1.0,6489.4,908.4564999999999,1.5,8.75,0.0,0,1.0,
525106,F,False,False,usa,houston,IAH,37,,,1.0,1.0,610.0,234.54,1.0,5.0,0.0,0,1.0,
525168,F,True,False,canada,calgary,YYC,60,,,2.0,1.0,483.0,886.6300000000001,1.0,1.0,0.5,0,2.0,
525176,F,False,False,usa,washington,IAD,72,,,1.0,1.0,244.0,117.16,1.0,1.0,1.0,0,1.0,
525201,M,False,False,usa,norfolk,ORF,52,1.0,3.0,2.0,1.3333333333333333,1714.0,3169.14,1.2,3.8,1.0,0,3.0,
525212,M,False,False,usa,memphis,MEM,19,,1.0,2.0,1.0,807.6,816.3299999999999,1.0,3.0,0.5,0,2.0,
525227,F,True,False,usa,jacksonville,LRF,41,,1.0,4.0,1.0,2966.0,1514.22,1.0,2.8,0.5,0,4.0,
525308,M,True,True,usa,amarillo,AMA,50,1.0,1.0,,1.0,573.0,382.98,1.0,3.0,0.0,0,1.0,
525377,F,False,False,usa,birmingham,BHM,28,,,,,,,,,,0,,
525379,F,False,False,usa,long beach,LGB,19,,,,,,,,,,0,,
525389,F,False,False,usa,corpus christi,CRP,39,,,2.0,2.0,1118.8,1247.4499999999998,2.0,3.5,0.0,0,2.0,
525405,F,False,False,usa,phoenix,LUF,27,,,1.0,1.0,498.0,686.15,1.0,2.0,1.0,0,1.0,
525415,F,True,True,canada,edmonton,YED,40,,,3.0,1.0,951.65,1334.6,1.0,3.0,0.3333333333333333,0,3.0,
525488,F,False,True,usa,long beach,LGB,30,,,1.0,2.0,928.0,3077.74,2.0,4.0,0.0,1,1.0,
525529,F,False,False,canada,montreal,YMX,52,,,3.0,1.0,7915.0,969.25,1.0,3.6666666666666665,0.6666666666666666,0,2.0,Extended Stay 
525546,F,True,True,usa,cincinnati,LUK,47,,2.0,4.0,1.0,6677.0,971.44,1.1666666666666667,5.833333333333333,0.5,0,4.0,
525591,F,False,False,usa,new york,JFK,47,1.0,2.0,1.0,1.0,5635.0,937.78,1.0,16.0,0.5,0,2.0,
525610,M,False,False,usa,portland,PWM,41,,,4.0,1.0,1587.1,2010.5700000000002,1.0,2.5,1.0,1,4.0,
525671,F,True,False,usa,baltimore,BWI,47,1.0,,3.0,1.5,979.5,3312.76,1.6666666666666667,2.0,0.5,0,4.0,
525761,F,False,False,usa,los angeles,LAX,26,,1.0,,,548.25,,1.0,5.0,,0,,
525769,F,False,False,usa,charlotte,CLT,38,1.0,1.0,4.0,1.0,5643.0,1331.78,1.0,5.2,0.6,0,5.0,Accor
525804,F,False,True,usa,new york,LGA,51,,2.0,2.0,1.0,2872.0,540.45,1.5,2.25,0.5,0,2.0,Wyndham
525806,F,False,True,usa,lincoln,LNK,40,1.0,,1.0,1.0,1712.0,417.39,1.0,8.0,0.5,0,2.0,
525842,F,True,False,usa,jacksonville,LRF,44,,1.0,2.0,1.0,1871.0,190.23000000000002,1.0,4.0,1.0,0,2.0,
525844,M,False,False,usa,fort worth,FTW,37,,,3.0,1.0,1023.0,655.24,1.0,2.0,0.3333333333333333,1,3.0,
525848,F,True,True,usa,new york,LGA,61,,1.0,,,1674.0,,2.0,9.0,,0,,
525920,M,False,False,usa,madison,MSN,45,1.0,2.0,2.0,2.0,3627.0,4120.08,2.0,3.25,1.0,0,3.0,
525975,F,True,False,usa,austin,AUS,45,,,4.0,1.0,887.7,1242.521,1.0,1.25,0.75,0,4.0,
525996,M,False,False,usa,winston-salem,INT,47,,2.0,4.0,1.0,4036.85,1167.24,1.0,3.3333333333333335,0.5,0,4.0,
526036,F,True,False,usa,san diego,SAN,72,,,,,,,,,,0,,
526062,M,True,False,usa,montgomery,MXF,47,1.0,1.0,3.0,1.25,7138.6,1420.548,1.25,6.0,0.5,0,4.0,
526084,F,False,False,usa,new york,LGA,43,,,3.0,1.3333333333333333,640.0,2974.56,1.3333333333333333,1.3333333333333333,0.3333333333333333,0,3.0,
526102,F,True,False,usa,denver,DEN,49,1.0,1.0,3.0,1.75,4954.0,3502.5654999999997,1.75,4.75,0.5,0,4.0,
526154,F,False,True,usa,new york,LGA,41,1.0,1.0,2.0,1.0,1158.0,473.28999999999996,1.0,3.0,0.0,0,3.0,
526174,F,False,False,usa,lubbock,LBB,53,,1.0,1.0,1.0,1196.6,349.50499999999994,1.5,3.5,0.0,0,1.0,
526206,M,False,True,usa,new orleans,MSY,19,,,1.0,1.0,328.0,571.03,1.0,2.0,0.0,0,1.0,
526235,M,False,False,usa,tallahassee,TLH,47,,,2.0,2.5,2172.0,3962.29,2.5,2.0,0.5,0,1.0,Rosewood
526239,F,True,True,usa,oakland,OAK,39,,1.0,1.0,1.0,1512.0,628.62,1.0,10.0,1.0,0,1.0,
526256,F,False,False,usa,washington,IAD,41,,,6.0,1.1666666666666667,2339.2,4235.59,1.1666666666666667,1.5,0.6666666666666666,0,6.0,Wyndham
526258,F,True,False,canada,victoria,YYJ,58,,,3.0,1.0,1442.0,885.8800000000001,1.0,3.0,0.3333333333333333,0,3.0,
526297,F,False,False,usa,newport news,PHF,42,1.0,,4.0,1.0,1361.0,1576.4615000000001,1.0,2.0,0.4,0,5.0,
526332,F,False,False,canada,vancouver,YVR,31,,,2.0,1.5,7637.799999999999,1727.41,1.5,6.5,1.0,0,1.0,
526365,F,False,False,usa,nashville,BNA,31,,,3.0,2.0,2644.5,2884.7329999999997,2.0,3.3333333333333335,1.0,0,3.0,
526367,F,True,False,usa,birmingham,BHM,46,,1.0,2.0,1.0,7930.0,656.17,1.0,11.333333333333334,1.0,0,2.0,
526372,F,False,True,usa,colorado springs,COS,49,,,2.0,1.0,878.0,677.8,1.0,6.5,0.5,0,2.0,
526378,F,False,True,canada,toronto,YKZ,50,1.0,1.0,3.0,1.0,1192.0,1260.4,1.0,3.25,0.75,0,4.0,
526409,M,False,False,usa,riverside,RIV,55,1.0,,3.0,1.0,873.0,1563.02,1.0,2.3333333333333335,0.5,0,4.0,
526443,F,True,True,usa,san jose,SJC,46,1.0,,,1.0,,675.697,,,1.0,0,1.0,
526490,F,False,False,usa,richmond,RIC,46,,,2.0,1.0,161.10000000000002,376.53,1.0,1.0,0.5,0,1.0,
526495,M,False,True,usa,tallahassee,TLH,39,1.0,,1.0,1.5,980.0,1126.56,2.0,2.0,0.5,0,2.0,
526540,F,True,False,canada,edmonton,YED,52,,,4.0,1.25,2034.2,2567.02,1.25,2.25,0.75,0,4.0,NH Hotel 
526565,F,False,False,usa,little rock,LIT,31,,1.0,2.0,1.5,1282.1999999999998,1128.383,1.3333333333333333,2.3333333333333335,1.0,0,2.0,
526668,M,False,True,usa,san jose,SJC,40,,,3.0,1.0,601.0,1592.97,1.0,3.6666666666666665,0.3333333333333333,0,3.0,
526676,F,False,True,canada,calgary,YYC,39,,,2.0,1.0,375.85,679.71,1.0,2.5,0.5,1,2.0,
526690,F,False,True,usa,cleveland,CLE,24,,,2.0,1.0,2400.0,381.9,1.0,4.0,1.0,0,2.0,
526711,F,False,False,usa,san francisco,SFO,36,,,2.0,1.0,214.4,713.778,1.0,2.5,0.0,0,2.0,
526740,F,False,False,usa,philadelphia,PNE,28,,,,,,,,,,0,,
526789,F,False,False,usa,baltimore,BWI,31,2.0,1.0,1.0,1.3333333333333333,913.6,1373.529,1.0,3.0,0.3333333333333333,0,3.0,
526837,F,True,False,usa,honolulu,HNL,49,,,2.0,1.0,911.0,2038.9850000000001,1.0,2.0,0.5,1,2.0,
526855,F,False,False,usa,los angeles,LAX,39,2.0,,2.0,1.0,452.0,2672.88,1.0,3.0,0.25,0,3.0,
526858,F,True,True,usa,miami,TNT,53,,,,,,,,,,0,,
526867,F,False,False,usa,des moines,DSM,52,,,4.0,1.0,799.7,1408.744,1.0,2.5,0.25,0,4.0,
526901,F,True,False,usa,dallas,DAL,53,,,4.0,1.0,2315.0,1689.0445,1.0,3.25,0.5,0,3.0,
526916,F,True,False,usa,omaha,OMA,59,,,,,,,,,,0,,
526925,F,False,False,usa,madison,MSN,19,,3.0,,,6054.0,,1.0,8.666666666666666,,0,,
526950,F,True,False,usa,akron,AKR,32,,1.0,2.0,1.0,6812.0,406.97,1.3333333333333333,9.666666666666666,0.5,0,2.0,
526959,F,False,False,usa,seattle,SEA,45,,,3.0,1.3333333333333333,614.0,3833.59,1.3333333333333333,3.0,1.0,0,3.0,
527001,F,False,True,usa,indianapolis,IND,67,,1.0,,,1424.0,,1.0,16.0,,0,,
527046,F,True,True,usa,newark,EWR,42,,,3.0,1.3333333333333333,2171.0,2234.09,1.3333333333333333,3.0,0.3333333333333333,0,3.0,Best Western
527081,F,False,True,usa,miami,MIA,30,,,2.0,1.0,478.0,651.2505,1.0,2.0,0.0,0,2.0,
527082,M,False,False,usa,el paso,BIF,41,,1.0,2.0,1.0,1466.4,415.51,1.0,3.6666666666666665,1.0,0,2.0,
527109,F,True,False,usa,austin,AUS,47,1.0,,3.0,1.0,3618.0,1151.92,1.0,5.0,0.5,0,4.0,
527141,F,False,False,usa,nashville,BNA,43,2.0,1.0,2.0,1.25,1941.0,1203.52,1.3333333333333333,1.3333333333333333,0.25,0,3.0,Choice Hotels
527142,F,False,False,usa,jacksonville,NZC,37,,,6.0,1.0,2999.25,2117.52,1.0,2.8333333333333335,0.5,0,5.0,
527150,F,False,False,usa,indianapolis,IND,34,,,3.0,1.0,1384.0,1198.07,1.0,3.3333333333333335,0.3333333333333333,0,3.0,
527158,F,True,False,canada,victoria,YYJ,53,,,2.0,2.0,733.0,2594.3500000000004,2.0,1.5,1.0,1,2.0,
527187,M,False,True,usa,brownsville,BRO,33,,,3.0,1.0,1627.8,795.31,1.0,3.3333333333333335,0.6666666666666666,0,3.0,
527280,F,False,False,usa,norfolk,ORF,50,1.0,1.0,,1.0,820.0,610.3,1.0,4.0,1.0,0,1.0,
527321,F,False,False,canada,halifax,YHZ,19,,1.0,,,340.0,,1.0,5.0,,0,,
527354,F,True,False,usa,las vegas,LSV,58,,1.0,2.0,1.5,7315.0,390.35,1.6666666666666667,4.666666666666667,1.0,0,2.0,Banyan Tree 
527359,F,True,True,usa,fort worth,FTW,38,,,1.0,1.0,414.0,460.36,1.0,3.0,1.0,0,1.0,
527365,F,False,True,usa,dallas,DAL,19,,,1.0,1.0,429.0,373.98,1.0,3.0,1.0,0,1.0,
527393,F,False,False,canada,winnipeg,YWG,34,,,2.0,1.0,971.0,626.06,1.0,2.5,0.5,0,2.0,
527401,F,False,False,usa,baltimore,BWI,39,,,4.0,1.0,1999.0,1960.923,1.0,2.5,0.75,1,4.0,
527452,M,False,False,usa,new orleans,MSY,45,,,2.0,2.0,2033.6,2511.303,2.0,4.5,0.0,0,2.0,
527455,F,True,False,canada,winnipeg,YWG,30,,,1.0,1.0,448.2,430.0,1.0,6.0,1.0,1,1.0,
527464,F,False,False,usa,denver,DEN,49,,1.0,5.0,1.0,3803.0,1482.02,1.1666666666666667,3.8333333333333335,1.2,0,2.0,Hilton
527467,F,True,False,usa,san antonio,SAT,42,1.0,,1.0,1.0,488.0,389.46000000000004,1.0,2.0,0.0,0,2.0,
527470,F,False,True,usa,wichita,IAB,33,,1.0,1.0,1.0,2436.0,320.44,1.5,9.5,1.0,0,1.0,
527490,F,False,True,usa,new york,LGA,44,,,3.0,1.0,1454.0,1531.754,1.0,2.6666666666666665,0.6666666666666666,0,3.0,Extended Stay 
527508,F,True,False,usa,san antonio,SAT,56,1.0,,2.0,1.0,1585.0,1107.73,1.0,4.0,1.0,0,3.0,
527518,F,False,False,usa,cleveland,CLE,31,,,1.0,1.0,1026.0,594.68,1.0,2.0,0.0,0,1.0,
527560,F,False,True,usa,winston-salem,INT,56,,2.0,,,1318.0,,1.0,5.5,,0,,
527690,F,False,False,usa,long beach,LGB,32,1.0,1.0,2.0,1.0,1817.0,1522.72,1.0,2.6666666666666665,0.6666666666666666,0,2.0,
527726,F,True,True,usa,charlotte,CLT,50,2.0,,,1.0,,945.538,,,0.5,0,2.0,
527750,F,True,True,usa,new york,JFK,45,,2.0,,,5880.0,,1.5,7.0,,0,,
527801,F,True,True,usa,modesto,MOD,60,,,,,,,,,,0,,
527857,M,True,True,usa,winston-salem,INT,44,,1.0,,,5460.0,,1.0,14.0,,0,,
527928,M,True,False,usa,omaha,OFF,37,,,2.0,1.5,1236.0,1642.77,1.5,2.5,0.5,0,2.0,
527945,F,False,True,usa,sacramento,MCC,32,,,,,,,,,,0,,
527984,F,False,True,usa,winston-salem,INT,52,,1.0,3.0,1.6666666666666667,2863.1,1989.25,1.5,3.5,0.6666666666666666,0,3.0,Marriott 
527995,F,True,True,usa,nashville,BNA,54,1.0,1.0,1.0,1.0,699.8000000000001,955.49,1.0,2.5,1.0,0,2.0,
528020,F,True,False,usa,laredo,LRD,53,,,4.0,1.0,3098.0,1626.77,1.0,5.25,0.5,0,4.0,
528028,F,True,False,usa,long beach,LGB,41,2.0,,2.0,1.25,4803.0,3767.9424999999997,1.5,4.5,0.5,0,4.0,
528046,F,False,False,usa,long beach,LGB,37,1.0,,1.0,1.5,596.0,1918.7910000000002,1.0,4.0,0.0,0,2.0,
528061,M,False,False,usa,new york,LGA,44,,,3.0,1.6666666666666667,5303.6,6707.34,1.6666666666666667,3.6666666666666665,0.3333333333333333,0,3.0,
528098,F,True,True,usa,santa ana,SNA,53,,,,,,,,,,0,,
528179,F,True,True,usa,columbus,LCK,35,,2.0,,,3975.0,,1.5,10.5,,0,,
528193,F,False,False,usa,new york,JFK,42,,,3.0,1.0,2268.2,1340.82,1.0,3.3333333333333335,0.3333333333333333,0,3.0,Choice Hotels
528244,F,False,False,usa,omaha,OMA,34,,,2.0,1.0,1335.0,465.81000000000006,1.0,3.0,0.5,0,2.0,
528248,F,False,False,usa,tampa,TPA,34,,1.0,2.0,1.0,1437.7,671.76,1.6666666666666667,2.3333333333333335,1.0,0,2.0,
528281,F,False,False,canada,calgary,YYC,54,,2.0,3.0,1.6666666666666667,4442.5,3354.771,1.6,4.0,0.3333333333333333,0,3.0,
528322,F,True,False,canada,toronto,YZD,52,1.0,,3.0,1.0,3269.0,1342.48,1.0,4.0,0.25,0,3.0,
528330,F,True,True,canada,edmonton,YED,49,,,1.0,1.0,686.0,372.54,1.0,2.0,1.0,0,1.0,
528378,M,False,False,canada,calgary,YYC,44,,,1.0,1.0,376.0,363.06,1.0,4.0,1.0,0,1.0,
528413,F,True,False,usa,miami,MIA,71,,,,,,,,,,0,,
528421,F,False,False,canada,winnipeg,YAV,38,2.0,1.0,4.0,1.1666666666666667,6839.0,2649.5815,1.4,5.2,0.5,0,5.0,Rosewood
528461,F,False,False,usa,phoenix,LUF,28,,,,,,,,,,0,,
528490,M,False,False,usa,san diego,NZY,45,,,4.0,1.25,1348.7,3920.0305,1.25,2.25,0.25,0,4.0,
528522,F,True,True,usa,richmond,RIC,52,,1.0,1.0,1.0,2216.0,88.12,1.5,7.5,2.0,0,1.0,
528542,F,False,False,usa,philadelphia,PNE,58,,,3.0,1.6666666666666667,5673.0,1969.7799999999997,1.6666666666666667,4.0,1.0,0,3.0,
528567,F,False,False,canada,hamilton,YHM,38,,1.0,5.0,1.4,2977.0,4327.03,1.3333333333333333,3.3333333333333335,0.6,0,5.0,Banyan Tree 
528580,F,True,False,usa,new york,JFK,50,1.0,1.0,1.0,1.5,2473.4,3103.0,1.5,6.0,1.0,0,2.0,
528661,M,False,False,usa,corpus christi,CRP,42,,,2.0,1.0,674.0,641.37,1.0,2.5,0.5,0,2.0,
528688,F,False,False,usa,new york,LGA,36,,1.0,,,2960.0,,1.0,10.0,,0,,
528690,F,True,True,usa,chicago,UGN,39,,,3.0,1.6666666666666667,1189.0,1414.1000000000001,1.6666666666666667,2.3333333333333335,0.6666666666666666,0,3.0,
528706,F,True,False,usa,new york,JFK,49,,,2.0,1.0,154.0,1084.513,1.0,1.0,1.0,0,2.0,
528735,F,True,True,usa,tulsa,TUL,51,,,2.0,1.5,1543.0,1251.55,1.5,3.0,0.0,0,2.0,
528743,F,False,False,usa,riverside,RIV,53,,,2.0,1.0,1248.0,1400.88,1.0,1.5,0.5,1,2.0,
528828,F,False,False,usa,san francisco,SFO,44,2.0,1.0,2.0,1.0,1535.0,2107.432,1.3333333333333333,3.0,0.75,0,4.0,
528829,F,False,False,usa,shreveport,BAD,30,,2.0,2.0,1.0,8423.0,789.74,1.25,7.0,0.5,0,2.0,
528842,M,False,False,usa,honolulu,HNL,69,1.0,,1.0,1.0,133.6,2256.702,1.0,1.0,0.0,0,2.0,
528909,F,False,False,usa,new york,JFK,19,,2.0,,,17120.0,,1.5,11.5,,0,,
528936,F,False,True,usa,boston,BOS,26,,,,,,,,,,0,,
528942,F,True,True,usa,new york,JFK,57,,,6.0,1.0,1274.0,1676.32,1.0,1.6666666666666667,0.5,0,6.0,NH Hotel 
528953,F,True,False,canada,saskatoon,YXE,54,,1.0,2.0,1.0,8521.7,650.71,1.6666666666666667,10.0,0.0,1,2.0,Shangri-La
528967,F,False,False,usa,nashville,BNA,21,,1.0,2.0,2.0,1372.0,2112.564,2.0,2.3333333333333335,1.0,0,2.0,
528999,F,True,False,canada,calgary,YYC,46,1.0,,2.0,1.0,1865.0,1369.989,1.0,3.5,0.6666666666666666,0,3.0,Radisson 
529019,F,True,False,usa,philadelphia,PNE,50,2.0,,3.0,1.2,1665.0,11155.918500000002,1.0,5.666666666666667,1.0,0,4.0,
529023,F,True,True,usa,honolulu,HNL,39,,,2.0,1.0,883.0,2180.17,1.0,2.5,0.5,0,2.0,
529082,F,False,False,usa,austin,AUS,35,,,1.0,1.0,783.0,470.12,1.0,3.0,0.0,0,1.0,
529205,F,False,False,usa,fort worth,FTW,41,,,4.0,1.0,1627.0,1330.955,1.0,2.25,1.0,1,4.0,Starwood 
529284,F,False,False,canada,ottawa,YOW,27,,,,,,,,,,0,,
529332,F,False,False,usa,los angeles,LAX,35,,,3.0,1.0,1124.0,1982.6399999999999,1.0,3.3333333333333335,0.3333333333333333,0,2.0,
529338,O,False,False,usa,new york,LGA,43,,,5.0,1.4,2289.4,5353.889999999999,1.4,1.4,0.6,0,5.0,
529406,F,False,False,usa,new york,LGA,42,,,4.0,1.0,1318.0,1057.08,1.0,2.75,0.75,0,4.0,
529420,M,True,False,usa,oakland,OAK,76,,,,,,,,,,0,,
529422,F,True,False,usa,baltimore,BWI,58,1.0,,1.0,2.0,489.0,2355.27,1.0,3.0,1.0,0,2.0,
529424,M,True,True,usa,rochester,ROC,52,1.0,,2.0,1.0,1470.0,668.826,1.0,4.5,0.3333333333333333,0,2.0,
529428,F,False,True,usa,newport news,PHF,46,,1.0,1.0,1.0,600.0,79.15,1.0,4.0,1.0,0,1.0,
529436,F,False,False,usa,new york,LGA,49,2.0,1.0,3.0,1.2,2076.0,10112.068000000001,1.0,2.0,0.2,0,5.0,Banyan Tree 
529501,M,True,True,usa,houston,HOU,50,,,4.0,1.0,1560.6,918.4164999999999,1.0,2.75,0.75,0,4.0,Hilton
529510,F,False,True,usa,new york,JFK,46,1.0,,1.0,1.0,200.0,734.01,1.0,2.0,0.5,0,2.0,
529566,F,False,True,usa,fayetteville,FYV,42,,,1.0,1.0,1778.4,328.37,1.0,4.0,0.0,0,1.0,
529704,F,True,False,usa,dallas,DAL,69,,1.0,,,1530.0,,1.0,6.0,,1,,
529734,F,True,False,usa,philadelphia,PNE,41,,1.0,4.0,1.25,4428.0,3852.728,1.4,2.4,1.0,0,4.0,
529737,F,True,False,usa,los angeles,LAX,48,,,,,,,,,,0,,
529768,M,True,False,usa,los angeles,LAX,45,1.0,,3.0,1.0,757.0,1926.814,1.0,2.3333333333333335,0.25,0,3.0,
529857,F,True,False,usa,jacksonville,NIP,71,,1.0,,,5376.0,,1.0,24.0,,0,,
529879,F,False,False,usa,philadelphia,PNE,40,,,4.0,1.0,1301.0,1222.38,1.0,2.75,0.75,0,4.0,
529887,F,False,True,usa,houston,IAH,41,,,1.0,1.0,118.0,590.21,1.0,1.0,1.0,0,1.0,
529972,F,True,True,usa,wichita,IAB,58,,1.0,2.0,2.0,3060.0,3565.4439999999995,1.6666666666666667,11.666666666666666,1.0,0,2.0,
530039,F,False,False,canada,ottawa,YOW,44,1.0,,3.0,1.5,3812.0,2984.7,1.6666666666666667,2.6666666666666665,0.5,0,4.0,
530118,F,False,False,usa,indianapolis,IND,45,,,5.0,1.0,1418.0,1160.7495,1.0,1.4,1.0,0,4.0,
530188,F,False,False,usa,san antonio,SKF,39,,,4.0,1.5,3274.0,4493.459999999999,1.5,3.75,1.25,0,4.0,
530223,F,True,False,usa,tampa,TPA,42,,1.0,2.0,1.0,1270.8,654.85,1.3333333333333333,2.0,0.5,0,1.0,
530240,F,False,True,usa,san antonio,SKF,48,,,2.0,1.5,1959.0,2057.958,1.5,3.5,1.0,0,2.0,
530277,F,False,True,usa,austin,AUS,48,,,5.0,1.2,3220.0,2759.89,1.2,4.0,0.6,0,5.0,Hyatt
530278,F,False,False,usa,portland,PDX,56,1.0,,3.0,1.5,1886.0,1787.058,1.6666666666666667,1.0,0.25,0,4.0,
530282,F,False,False,usa,chicago,MDW,40,1.0,1.0,3.0,1.0,1539.0,724.47,1.25,3.75,0.25,0,3.0,
530298,F,False,True,canada,winnipeg,YWG,38,,1.0,2.0,1.0,1451.6,657.7755,1.3333333333333333,3.0,0.0,0,2.0,
530315,M,False,False,usa,san antonio,SAT,58,,,2.0,1.0,419.09999999999997,753.15,1.0,2.5,0.5,0,1.0,
530322,M,False,True,canada,windsor,YQG,47,,,2.0,1.0,1436.0,406.87,1.0,2.0,1.5,0,2.0,
530329,F,True,True,usa,sacramento,MHR,54,1.0,,,1.0,,494.05299999999994,,,1.0,0,1.0,
530365,F,True,False,usa,san antonio,RND,53,,,2.0,1.0,581.0,377.259,1.0,3.0,0.5,0,2.0,
530371,F,True,True,usa,new york,LGA,33,,2.0,1.0,1.0,1897.0,668.52,1.3333333333333333,2.0,0.0,0,1.0,
530374,F,True,False,usa,burlington,BTV,35,,,2.0,1.0,928.2,534.95,1.0,3.5,0.5,0,2.0,
530379,F,True,False,usa,des moines,DSM,45,,,1.0,1.0,138.0,222.8,1.0,1.0,0.0,0,1.0,
530385,F,True,False,canada,quebec,YQB,45,,,3.0,1.0,754.0,1053.695,1.0,2.0,0.3333333333333333,0,3.0,
530427,M,False,False,usa,seattle,SEA,47,,1.0,2.0,1.0,1399.7,1270.67,1.3333333333333333,3.0,1.0,0,2.0,
530514,F,True,True,usa,san francisco,SFO,55,,1.0,2.0,1.0,871.0,583.1324999999999,1.0,1.6666666666666667,1.0,1,2.0,
530543,M,False,True,usa,charlotte,CLT,40,1.0,,4.0,1.0,4062.0,2084.665,1.0,2.75,0.8,0,4.0,
530585,F,False,False,usa,new york,LGA,49,,1.0,3.0,1.0,696.0,1078.21,1.0,2.5,0.6666666666666666,0,3.0,
530592,F,False,False,canada,toronto,YYZ,26,,2.0,2.0,1.5,5003.549999999999,1934.98,1.5,4.25,1.0,0,2.0,Wyndham
530607,M,False,False,canada,hamilton,YHM,30,,,2.0,1.0,1045.0,695.36,1.0,2.5,0.5,0,2.0,
530633,M,True,False,usa,madison,MSN,65,,,,,,,,,,0,,
530666,F,False,False,usa,las vegas,LAS,32,1.0,,1.0,1.0,113.0,783.23,1.0,1.0,1.0,0,2.0,
530667,F,True,True,usa,san francisco,SFO,41,1.0,2.0,1.0,1.5,4030.0,3185.83,1.3333333333333333,8.0,0.5,1,2.0,
530672,F,False,False,usa,knoxville,TYS,61,,,,,,,,,,0,,
530673,M,True,True,usa,newark,EWR,62,,,,,,,,,,0,,
530687,F,True,True,usa,lubbock,LBB,52,,,4.0,1.5,1789.8,3116.245,1.5,2.25,0.5,0,3.0,
530719,F,False,False,usa,baltimore,BWI,51,,,4.0,1.0,1120.6,589.8505,1.0,2.0,0.75,0,4.0,
530720,F,True,False,canada,london,YXU,44,1.0,,2.0,1.0,1142.8000000000002,775.48,1.0,2.0,0.6666666666666666,1,3.0,
530773,F,True,True,canada,calgary,YYC,47,1.0,,2.0,1.3333333333333333,5428.0,2434.8160000000003,1.5,6.5,0.6666666666666666,0,3.0,
530775,F,True,False,usa,new york,JFK,52,1.0,,2.0,1.0,731.2,1741.65,1.0,3.0,1.0,0,3.0,
530801,M,False,True,canada,toronto,YKZ,46,,1.0,2.0,1.0,1308.75,1304.47,1.0,2.0,1.0,0,1.0,Starwood 
530810,F,True,False,canada,montreal,YMX,41,,,3.0,1.0,1452.0,1068.52,1.0,2.3333333333333335,0.3333333333333333,0,3.0,
530833,F,True,True,usa,houston,IAH,50,,1.0,1.0,1.0,1332.0,393.98,1.0,6.0,1.0,0,1.0,
530869,F,False,True,usa,amarillo,AMA,35,,1.0,,,780.0,,1.0,3.0,,0,,
530873,M,False,True,usa,phoenix,PHX,22,,,,,,,,,,0,,
530881,F,False,True,usa,jacksonville,NCA,39,,,4.0,1.0,1767.0,1205.82,1.0,3.0,0.25,0,4.0,
530978,F,True,False,usa,houston,EFD,56,,1.0,5.0,1.0,3161.0,1734.504,1.1666666666666667,2.1666666666666665,0.8,0,5.0,NH Hotel 
531027,F,True,True,usa,new york,LGA,47,1.0,,2.0,1.3333333333333333,621.0,2074.16,1.5,2.0,1.3333333333333333,0,3.0,
531031,F,True,False,usa,san francisco,SFO,81,,1.0,1.0,2.0,2784.0,6807.28,1.5,6.0,1.0,0,1.0,
531054,F,False,False,usa,tampa,TPA,42,1.0,,3.0,1.25,2014.9,2314.02,1.0,2.3333333333333335,0.25,0,4.0,Wyndham
531073,F,False,False,usa,phoenix,LUF,34,1.0,1.0,2.0,1.0,1627.0,1149.43,1.3333333333333333,3.3333333333333335,0.3333333333333333,0,3.0,
531144,F,True,True,usa,indianapolis,IND,58,,,3.0,2.0,1269.3,2465.86,2.0,1.3333333333333333,1.0,0,2.0,
531158,F,False,False,usa,newark,EWR,42,,,5.0,1.2,2325.2,3086.36,1.2,1.6,0.8,0,5.0,Marriott 
531253,F,True,True,usa,new york,LGA,53,,1.0,4.0,1.75,3360.6,12810.18,1.6,3.6,1.0,0,4.0,
531255,F,True,True,usa,buffalo,BUF,38,,,,,,,,,,0,,
531447,F,True,False,usa,newport news,PHF,58,1.0,,4.0,1.0,2088.0,2940.082,1.0,2.5,0.2,0,5.0,
531456,F,False,False,canada,vancouver,YVR,21,,2.0,,,928.0,,2.0,2.5,,0,,
531467,F,False,False,usa,san antonio,RND,36,1.0,,4.0,1.4,4594.2,4578.22,1.5,4.25,0.2,0,5.0,
531475,M,False,False,canada,toronto,YTZ,19,,,,,,,,,,0,,
531500,F,True,False,usa,dallas,DAL,80,,1.0,,,378.0,,1.0,9.0,,0,,
531568,F,False,False,usa,austin,AUS,43,,1.0,4.0,1.5,1772.0,3591.1105,1.4,2.0,0.25,0,4.0,
531615,F,False,True,usa,oakland,OAK,22,1.0,,,1.0,,406.27,,,0.0,0,1.0,
531654,F,False,False,usa,honolulu,HNL,49,1.0,,1.0,1.0,948.0,2080.04,1.0,6.0,1.0,1,2.0,
531670,F,True,False,usa,los angeles,LAX,58,,1.0,2.0,1.0,3740.0,988.05,1.0,6.666666666666667,0.0,0,2.0,
531735,F,False,False,usa,oakland,OAK,23,,,,,,,,,,0,,
531739,F,False,False,usa,tampa,TPA,41,,,4.0,1.25,2143.8,2046.4325,1.25,1.75,0.5,0,4.0,
531744,F,True,False,usa,columbus,CMH,55,,1.0,4.0,1.0,1344.0,1054.79,1.0,2.6,0.5,0,4.0,
531745,F,False,False,canada,edmonton,YEG,25,,,,,,,,,,1,,
531777,F,False,False,usa,columbus,CMH,41,,,1.0,1.0,614.0,144.52,1.0,2.0,0.0,0,1.0,
531795,F,False,False,usa,san francisco,SFO,72,,,1.0,1.0,984.0,472.69,1.0,12.0,1.0,0,1.0,
531803,F,False,False,usa,detroit,YIP,26,,,,,,,,,,0,,
531807,F,False,False,usa,phoenix,LUF,39,,,3.0,1.0,934.0,1590.5300000000002,1.0,2.6666666666666665,0.3333333333333333,0,3.0,
531834,F,False,False,usa,los angeles,LAX,20,,,1.0,1.0,148.0,490.71,1.0,1.0,1.0,0,1.0,
531857,F,False,False,usa,philadelphia,PHL,23,,,2.0,1.0,1072.0,698.9,1.0,5.0,0.5,0,2.0,
531921,F,False,False,canada,saskatoon,YXE,48,,1.0,1.0,1.0,1071.0,122.54,1.0,4.5,1.0,0,1.0,
531926,F,False,False,usa,san diego,NZY,30,2.0,,,2.0,,5143.253,,,0.5,0,2.0,
531931,F,False,False,usa,san jose,SJC,42,,,2.0,1.5,985.0,3353.26,1.5,2.5,0.5,0,2.0,
531959,F,False,False,usa,oakland,OAK,33,1.0,2.0,1.0,1.5,8206.0,3253.21,2.0,10.0,0.5,0,2.0,
531971,F,True,True,usa,burlington,BTV,61,,,2.0,1.0,456.0,762.62,1.0,3.0,1.0,0,2.0,
531994,F,True,False,canada,calgary,YYC,45,,,2.0,1.0,303.0,1185.97,1.0,2.0,0.5,0,1.0,
532063,F,True,False,usa,chicago,UGN,55,,,6.0,1.1666666666666667,1692.05,1836.98,1.1666666666666667,1.1666666666666667,0.3333333333333333,0,6.0,Banyan Tree 
532101,F,False,False,usa,oakland,OAK,28,,1.0,,,4738.0,,1.0,23.0,,0,,
532119,F,True,False,canada,toronto,YTZ,54,1.0,,5.0,1.5,2974.0,7883.780000000001,1.0,3.8,0.16666666666666666,0,5.0,
532215,F,True,False,usa,san francisco,SFO,51,,1.0,5.0,1.0,2772.2,2460.91,1.1666666666666667,4.0,0.6,0,4.0,Crowne Plaza
532258,F,False,True,canada,montreal,YUL,43,,,2.0,2.0,4211.0,913.55,2.0,2.0,0.5,0,2.0,
532259,M,True,True,usa,dallas,DAL,57,,1.0,5.0,1.4,3854.0,2785.873,1.3333333333333333,3.5,0.6,0,4.0,Rosewood
532279,F,False,False,usa,el paso,ELP,19,,1.0,,,4992.0,,2.0,12.0,,0,,
532312,F,True,False,usa,kansas city,MCI,47,,,3.0,1.0,444.4,454.244,1.0,1.3333333333333333,1.0,0,3.0,
532361,F,False,False,canada,montreal,YUL,47,1.0,1.0,2.0,1.0,1218.0,279.63,1.0,2.6666666666666665,0.6666666666666666,0,3.0,Crowne Plaza
532387,F,False,False,usa,denver,DEN,40,,,3.0,1.0,2375.0,1112.69,1.0,5.333333333333333,0.6666666666666666,0,3.0,
532390,F,True,True,usa,chicago,ORD,47,1.0,,3.0,1.25,1479.0,1475.4499999999998,1.0,3.0,0.5,0,4.0,Radisson 
532410,F,False,False,usa,denver,DEN,30,,2.0,1.0,1.0,2867.8999999999996,330.74,1.3333333333333333,7.333333333333333,0.0,1,1.0,
532432,F,True,False,usa,houston,IAH,71,,1.0,,,1963.0,,1.0,13.0,,0,,
532433,F,False,True,usa,portland,PDX,33,,1.0,2.0,1.5,1398.3,1884.69,1.3333333333333333,3.3333333333333335,0.5,0,2.0,
532500,F,False,True,canada,winnipeg,YWG,41,1.0,,3.0,1.25,2739.05,9674.890000000001,1.0,3.0,0.5,0,4.0,
532519,F,True,False,usa,tulsa,TUL,51,,1.0,2.0,1.5,1586.0,964.94,1.3333333333333333,4.666666666666667,2.0,0,2.0,Hilton
532622,F,True,False,usa,kansas city,MCI,52,,,3.0,1.0,1004.0,725.0455,1.0,1.3333333333333333,0.3333333333333333,0,3.0,
532651,F,False,True,canada,toronto,YKZ,37,,1.0,1.0,1.0,1753.0,100.45,1.0,3.5,0.0,0,1.0,
532653,F,False,False,usa,los angeles,LAX,50,,,4.0,1.25,3030.9,4602.55,1.25,5.5,0.0,0,4.0,
532656,F,False,False,usa,reno,RNO,35,,,2.0,1.0,392.0,1346.607,1.0,1.0,1.0,0,2.0,
532705,F,True,False,canada,halifax,YHZ,44,,1.0,1.0,1.0,540.0,647.94,1.0,4.0,0.0,0,1.0,
532710,M,False,False,canada,toronto,YZD,27,,,1.0,1.0,396.0,312.38,1.0,1.0,1.0,0,1.0,
532711,F,True,False,usa,new york,JFK,25,,1.0,1.0,1.0,4238.0,98.31,1.0,9.5,1.0,0,1.0,Banyan Tree 
532725,F,False,False,usa,corpus christi,CRP,41,,,,,,,,,,1,,
532730,F,False,False,usa,detroit,YIP,19,,1.0,1.0,1.0,3144.0,147.56,1.0,8.0,1.0,0,1.0,
532748,F,False,True,usa,austin,AUS,43,,1.0,4.0,1.0,1004.25,1561.7800000000002,1.0,1.4,1.0,0,3.0,Best Western
532835,M,False,True,canada,vancouver,YVR,45,1.0,1.0,,1.0,273.0,630.46,1.0,3.0,1.0,0,1.0,
532843,F,True,False,canada,windsor,YQG,42,,1.0,2.0,1.0,1379.3,848.2,1.0,3.0,0.0,0,2.0,
532866,F,True,True,usa,san antonio,SKF,53,,,4.0,1.25,2074.6,2986.21,1.25,2.25,1.5,0,4.0,Conrad 
532905,F,False,False,usa,washington,IAD,25,,,,,,,,,,0,,
533048,M,True,True,usa,chicago,ORD,50,,1.0,,,435.2,,2.0,2.0,,0,,
533117,F,False,False,usa,charlotte,CLT,52,1.0,,1.0,1.0,252.0,334.37,1.0,2.0,0.0,0,1.0,
533123,M,False,True,canada,edmonton,YED,43,1.0,,1.0,1.0,531.0,534.77,1.0,3.0,0.5,0,2.0,
533129,F,False,False,usa,new york,LGA,40,1.0,1.0,3.0,1.0,2260.95,1002.633,1.0,2.75,0.25,0,3.0,Wyndham
533187,F,True,False,usa,denver,DEN,71,,1.0,,,737.1999999999999,,1.0,8.0,,0,,
533204,F,False,False,usa,phoenix,LUF,24,,,,,,,,,,0,,
533211,M,False,True,usa,austin,AUS,55,1.0,,3.0,1.0,3278.0,1538.31,1.0,5.0,0.5,0,3.0,
533222,F,True,True,usa,seattle,SEA,56,,1.0,2.0,1.0,4884.6,942.6600000000001,1.0,5.333333333333333,2.0,0,2.0,
533283,F,False,False,usa,orlando,ORL,54,1.0,,3.0,1.75,719.0,4380.42,2.0,1.3333333333333333,0.5,0,4.0,
533291,F,True,False,usa,tucson,TUS,43,,,6.0,1.3333333333333333,2939.0,5435.03,1.3333333333333333,3.3333333333333335,1.0,0,5.0,Banyan Tree 
533302,F,False,False,usa,corpus christi,CRP,43,,1.0,2.0,1.0,1145.15,716.782,1.0,3.0,0.0,0,2.0,
533327,F,True,True,usa,winston-salem,INT,61,,3.0,1.0,1.0,9127.0,559.224,1.0,6.5,1.0,0,1.0,
533357,M,False,False,usa,san francisco,SFO,43,1.0,1.0,3.0,1.0,898.6,2164.0,1.0,2.25,0.5,0,4.0,
533378,F,True,True,usa,long beach,LGB,42,1.0,,2.0,1.0,1256.0,1172.2335,1.0,5.5,1.0,0,3.0,
533393,F,True,True,usa,columbus,LCK,61,,1.0,,,624.0,,1.0,4.0,,0,,
533402,F,False,False,usa,chicago,UGN,31,1.0,1.0,1.0,1.0,3111.0,455.51,1.0,8.0,1.0,0,2.0,
533404,F,True,False,canada,ottawa,YOW,41,1.0,,2.0,1.0,1278.0,1696.1399999999999,1.0,2.0,0.3333333333333333,1,3.0,
533411,F,False,False,usa,new york,JFK,37,1.0,,3.0,1.0,1268.0,1397.07,1.0,1.6666666666666667,0.5,0,4.0,
533464,F,True,True,usa,washington,DCA,59,1.0,,1.0,1.0,120.0,907.21,1.0,1.0,1.0,0,2.0,
533490,F,False,False,usa,baltimore,BWI,42,1.0,,3.0,1.0,1701.0,955.252,1.0,4.0,0.25,0,3.0,
533497,F,False,False,usa,madison,MSN,38,2.0,,3.0,1.0,1026.4,1856.085,1.0,1.6666666666666667,0.6,0,5.0,
533518,F,True,False,usa,los angeles,LAX,53,,,3.0,1.6666666666666667,3140.5,6738.94,1.6666666666666667,3.6666666666666665,0.3333333333333333,0,2.0,
533527,F,True,False,usa,los angeles,LAX,27,,,1.0,1.0,471.75,182.377,1.0,5.0,2.0,0,1.0,
533542,F,True,False,usa,las vegas,LAS,49,1.0,,4.0,1.4,3229.0,3996.5495,1.25,2.5,0.8,0,5.0,
533550,F,True,True,usa,new york,LGA,36,,,2.0,1.0,428.0,630.6385,1.0,2.0,0.5,0,2.0,
533617,F,True,True,usa,dallas,DAL,48,,,3.0,1.0,1310.0,1279.09,1.0,3.6666666666666665,0.6666666666666666,0,3.0,
533759,F,True,True,usa,louisville,LOU,47,,1.0,2.0,1.0,4779.0,465.97,1.0,9.666666666666666,0.5,0,2.0,
533827,F,False,False,canada,edmonton,YXD,51,,1.0,,,512.0,,1.0,8.0,,0,,
533846,F,True,False,usa,chicago,UGN,37,1.0,1.0,1.0,1.0,1249.0,669.3299999999999,1.0,3.5,1.0,0,2.0,
533859,F,True,False,canada,edmonton,YED,59,,,4.0,1.25,2328.0,3229.8724999999995,1.25,4.5,0.5,0,4.0,
533908,F,False,False,usa,austin,AUS,28,,,1.0,1.0,447.0,263.68,1.0,3.0,0.0,0,1.0,
533932,F,True,True,usa,corpus christi,CRP,36,,1.0,1.0,1.0,1053.1999999999998,339.61,1.5,5.5,1.0,1,1.0,
533985,F,False,False,usa,los angeles,LAX,35,1.0,,1.0,1.5,1576.0,2287.58,2.0,4.0,1.0,0,2.0,
534045,F,True,False,usa,newport news,PHF,44,1.0,,1.0,1.5,508.0,1240.17,2.0,2.0,0.5,0,2.0,
534082,F,True,True,usa,nashville,BNA,63,,,,,,,,,,0,,
534179,F,True,False,usa,san francisco,SFO,42,,1.0,3.0,1.0,1895.4,1015.0,1.0,3.75,0.6666666666666666,0,2.0,
534190,M,True,True,canada,windsor,YQG,40,,1.0,1.0,1.0,1724.0,136.34,1.0,6.0,0.0,0,1.0,
534254,F,False,False,canada,calgary,YYC,25,,,1.0,1.0,558.0,515.745,1.0,3.0,0.0,0,1.0,
534351,F,False,False,usa,houston,IAH,43,,,7.0,1.0,7090.0,2899.063,1.0,8.142857142857142,0.7142857142857143,0,5.0,Fairmont
534360,F,False,True,canada,montreal,YUL,44,1.0,,4.0,1.2,1366.25,2973.516,1.0,2.5,0.2,0,4.0,
534445,F,True,False,usa,jacksonville,NZC,46,1.0,,1.0,1.5,210.0,2919.9500000000003,2.0,1.0,0.0,1,2.0,
534474,M,False,False,usa,stockton,SCK,46,1.0,,3.0,1.0,5350.0,2210.17,1.0,12.333333333333334,0.75,0,4.0,
534586,F,False,True,canada,quebec,YQB,40,,,,,,,,,,0,,
534604,F,False,False,canada,vancouver,YVR,28,1.0,,,2.0,,2201.54,,,2.0,0,1.0,
534607,F,False,False,usa,milwaukee,MKE,37,1.0,,3.0,1.25,1291.0,1682.1799999999998,1.3333333333333333,2.0,2.0,0,4.0,
534608,F,True,False,usa,baton rouge,BTR,39,,,4.0,1.0,754.0,1380.1135,1.0,1.75,0.75,0,4.0,
534661,F,False,True,usa,austin,AUS,20,,1.0,,,1039.5,,1.0,7.0,,0,,
534688,F,False,True,usa,louisville,LOU,39,,1.0,4.0,1.25,3697.2000000000003,748.52,1.2,4.0,1.0,0,4.0,Accor
534703,F,False,False,usa,tampa,TPA,36,,,1.0,1.0,193.0,409.513,1.0,1.0,0.0,1,1.0,
534747,F,False,False,usa,san jose,SJC,39,,1.0,3.0,1.0,834.0,1097.943,1.25,2.25,0.3333333333333333,0,3.0,
534782,F,False,False,usa,kansas city,MCI,28,,2.0,2.0,1.0,6410.0,612.21,1.0,5.5,1.0,0,2.0,
534793,F,False,True,canada,edmonton,YEG,19,,,1.0,1.0,163.0,549.37,1.0,1.0,0.0,0,1.0,
534825,F,False,True,canada,toronto,YKZ,31,1.0,,,1.0,,97.51,,,0.0,0,1.0,
534840,F,False,False,usa,indianapolis,IND,48,1.0,,3.0,1.25,1944.4,1563.098,1.3333333333333333,2.0,0.0,0,4.0,
534957,F,True,False,canada,calgary,YYC,51,2.0,,2.0,1.25,490.0,2289.31,1.0,2.0,0.0,0,4.0,
535003,F,True,False,usa,brownsville,BRO,59,,,,,,,,,,0,,
535007,F,False,False,canada,toronto,YZD,45,,,5.0,1.0,3667.0,2021.1999999999998,1.0,2.8,0.2,1,4.0,
535024,F,False,False,usa,san antonio,RND,39,,,2.0,1.0,717.0,896.74,1.0,2.5,1.0,1,2.0,
535035,F,False,True,usa,new york,LGA,54,,1.0,3.0,1.6666666666666667,6474.0,2160.83,1.75,7.25,0.3333333333333333,0,3.0,Wyndham
535051,F,True,False,usa,new york,LGA,51,,1.0,3.0,1.0,2608.1,1302.49,1.0,5.0,0.3333333333333333,0,3.0,
535063,F,False,False,usa,los angeles,LAX,40,,1.0,3.0,1.3333333333333333,1557.2,2535.1855,1.25,2.75,0.6666666666666666,0,3.0,
535099,M,False,False,usa,buffalo,BUF,39,,,5.0,1.0,2319.0,1761.31,1.0,2.8,1.2,0,5.0,Starwood 
535135,F,True,False,canada,winnipeg,YAV,50,,1.0,3.0,1.0,3997.0,708.98,1.0,4.75,0.3333333333333333,0,3.0,NH Hotel 
535229,M,False,False,usa,new york,LGA,43,,,3.0,1.0,2078.35,867.3785,1.0,4.333333333333333,0.0,0,3.0,
535266,F,True,True,canada,edmonton,YED,47,1.0,1.0,,4.0,1192.0,35780.6,1.0,4.0,3.0,0,1.0,
535311,F,True,True,usa,houston,IAH,44,1.0,,1.0,1.0,2223.0,753.1700000000001,1.0,9.0,0.0,0,2.0,
535341,F,True,False,usa,tulsa,TUL,49,,,3.0,1.6666666666666667,2559.0,1897.3000000000002,1.6666666666666667,5.666666666666667,0.0,0,3.0,
535398,M,False,False,usa,omaha,OFF,42,,,3.0,1.3333333333333333,1650.0,1263.8999999999999,1.3333333333333333,3.6666666666666665,0.6666666666666666,0,3.0,
535441,M,True,True,canada,calgary,YYC,48,,,4.0,1.25,2464.0,2285.66,1.25,3.0,0.5,0,4.0,Starwood 
535459,M,False,False,usa,lincoln,LNK,30,1.0,1.0,2.0,1.0,1437.0,637.178,1.0,2.6666666666666665,0.0,0,3.0,
535473,F,True,False,usa,chicago,MDW,62,1.0,,,2.0,,8665.92,,,1.0,0,1.0,
535502,F,False,True,usa,columbus,LCK,41,,,3.0,1.3333333333333333,1846.0,528.74,1.3333333333333333,1.6666666666666667,0.6666666666666666,0,3.0,
535553,F,False,False,canada,london,YXU,42,,,2.0,1.0,1012.0,708.37,1.0,4.0,0.5,0,2.0,
535595,F,True,True,usa,atlanta,ATL,55,1.0,,1.0,3.0,1956.0,56986.829999999994,1.0,6.0,2.0,0,2.0,
535610,F,True,False,usa,kansas city,MCI,39,,1.0,2.0,1.0,508.1,464.97,1.0,2.0,1.0,0,2.0,
535625,F,False,True,canada,hamilton,YHM,31,1.0,,4.0,1.0,1636.0,904.59,1.0,2.25,0.6,0,5.0,
535706,F,False,True,usa,los angeles,LAX,57,,,1.0,1.0,153.0,187.062,1.0,1.0,1.0,0,1.0,
535737,F,False,False,canada,edmonton,YEG,24,,,,,,,,,,0,,
535746,F,True,False,usa,new orleans,MSY,45,,1.0,2.0,1.0,1804.0,826.174,1.0,4.333333333333333,1.0,0,2.0,
535791,F,True,False,usa,orlando,MCO,43,,,2.0,2.0,1750.0,2566.1349999999998,2.0,3.0,0.5,0,2.0,
535795,F,True,True,usa,dallas,DAL,56,,,5.0,1.0,2296.8,1698.355,1.0,2.6,0.8,0,5.0,Hilton
535885,F,True,False,usa,new york,JFK,47,,2.0,1.0,1.0,4828.0,66.3,1.3333333333333333,7.0,0.0,0,1.0,
535896,F,True,True,usa,indianapolis,IND,43,,,2.0,1.0,319.0,802.8299999999999,1.0,1.0,0.5,0,2.0,
535912,F,False,False,usa,austin,AUS,43,,,5.0,1.0,1879.0,1582.26,1.0,2.2,0.2,0,4.0,Starwood 
535942,F,True,True,usa,boston,BOS,46,,,2.0,1.0,857.0,1362.52,1.0,3.5,0.5,0,2.0,
535983,F,False,True,usa,honolulu,HNL,53,1.0,,,1.0,,1301.14,,,1.0,0,1.0,
536000,M,False,False,canada,edmonton,YXD,33,,,3.0,1.0,885.0,1546.44,1.0,2.0,0.3333333333333333,1,3.0,
536016,F,True,True,usa,oakland,OAK,37,1.0,,1.0,1.5,2016.0,2411.66,2.0,7.0,0.0,0,1.0,
536034,F,True,True,canada,halifax,YAW,57,,1.0,1.0,1.0,2349.0,649.73,1.0,5.0,0.0,0,1.0,
536035,M,False,False,usa,new york,LGA,30,,,2.0,1.5,582.0,1863.4,1.5,1.5,0.5,0,2.0,
536066,F,False,False,usa,rochester,ROC,44,,,3.0,1.3333333333333333,1463.0,1305.17,1.3333333333333333,2.3333333333333335,0.3333333333333333,0,3.0,
536086,F,True,True,usa,miami,OPF,56,,,3.0,1.3333333333333333,1564.0,3747.84,1.3333333333333333,1.3333333333333333,0.6666666666666666,0,3.0,
536135,F,False,False,usa,minneapolis,MSP,69,,,,,,,,,,0,,
536212,M,False,False,usa,st. louis,STL,29,,,,,,,,,,1,,
536228,F,False,False,usa,orlando,ORL,19,,1.0,,,1376.0,,2.0,8.0,,0,,
536229,M,False,True,usa,sacramento,MCC,46,1.0,1.0,,1.0,2912.0,130.49200000000002,2.0,14.0,0.0,0,1.0,
536313,F,True,True,usa,houston,IAH,30,,1.0,1.0,1.0,5234.4,246.2,1.0,5.0,0.0,0,1.0,Starwood 
536387,F,False,False,usa,chicago,ORD,53,1.0,1.0,2.0,1.0,1436.0,2571.6980000000003,1.0,3.0,0.6666666666666666,0,3.0,
536467,F,True,False,usa,chicago,UGN,37,,,2.0,1.0,1338.0,583.28,1.0,3.5,0.5,0,2.0,
536469,F,False,False,usa,cleveland,CLE,34,,,1.0,1.0,928.0,90.78,1.0,4.0,1.0,0,1.0,
536474,F,False,False,usa,reno,RNO,40,,,1.0,1.0,810.0,453.73,1.0,3.0,0.0,2,1.0,
536488,F,False,False,usa,new york,JFK,19,,,,,,,,,,0,,
536489,F,True,False,usa,oklahoma city,TIK,49,1.0,1.0,4.0,1.2,3267.4,2493.618,1.0,5.6,0.8,0,5.0,Choice Hotels
536574,F,True,True,canada,calgary,YYC,54,,1.0,3.0,1.0,3392.0,1123.4340000000002,1.0,4.5,0.6666666666666666,0,3.0,
536594,F,False,False,usa,mobile,BFM,71,,2.0,,,3619.0,,1.5,7.0,,0,,
536604,F,False,False,usa,cleveland,CLE,54,1.0,,1.0,1.0,238.0,698.9,1.0,1.0,0.5,0,2.0,
536622,F,False,False,usa,chicago,ORD,51,1.0,,3.0,1.0,1013.0,1107.92,1.0,2.6666666666666665,0.5,0,4.0,
536651,F,False,False,usa,long beach,LGB,39,,,3.0,1.3333333333333333,1116.1,4184.8150000000005,1.3333333333333333,1.0,1.0,0,3.0,
536656,F,False,True,usa,houston,IAH,43,,,3.0,1.3333333333333333,1574.0,2134.0739999999996,1.3333333333333333,1.6666666666666667,0.3333333333333333,0,3.0,Starwood 
536672,F,False,True,usa,boston,BOS,36,1.0,,4.0,1.2,2132.0,5622.056,1.25,2.75,0.0,0,5.0,
536763,F,True,False,usa,new york,LGA,42,1.0,,1.0,1.0,222.0,865.5699999999999,1.0,2.0,0.5,0,2.0,
536764,F,True,False,canada,montreal,YUL,55,1.0,,4.0,1.0,2575.0,737.08,1.0,2.5,0.8,0,4.0,
536782,F,True,True,canada,windsor,YQG,47,,,4.0,1.0,1381.0,958.925,1.0,2.75,0.5,0,4.0,
536843,F,True,False,canada,vancouver,YVR,47,,1.0,3.0,1.0,3136.0,1135.05,1.5,2.0,0.6666666666666666,0,3.0,
536951,F,False,False,canada,quebec,YQB,44,,,5.0,1.0,1056.0,1496.82,1.0,2.2,0.6,0,4.0,
536964,F,False,True,usa,jacksonville,NIP,36,,,1.0,1.0,81.0,538.01,1.0,1.0,0.0,0,1.0,
536995,F,False,False,canada,london,YXU,34,,,2.0,1.0,1974.0,1245.5900000000001,1.0,6.0,0.5,0,2.0,
537038,F,True,True,usa,san jose,SJC,53,,,1.0,1.0,104.0,361.08,1.0,2.0,0.0,0,1.0,
537121,F,True,False,usa,san diego,SAN,56,1.0,,,1.0,,586.88,,,1.0,0,1.0,
537123,F,False,False,usa,detroit,DET,46,,,3.0,1.0,11974.0,824.1400000000001,1.0,9.333333333333334,1.0,0,3.0,
537212,F,False,True,usa,san antonio,SAT,24,,1.0,1.0,1.0,429.45,212.03,1.0,4.0,0.0,0,1.0,
537227,F,False,True,usa,montgomery,MXF,32,,,1.0,1.0,131.0,85.23,1.0,1.0,0.0,0,1.0,
537289,F,True,True,usa,el paso,ELP,51,,1.0,3.0,1.6666666666666667,2277.0,4056.5,1.5,2.75,0.0,0,3.0,Extended Stay 
537412,M,True,False,usa,new york,JFK,55,,1.0,3.0,1.0,2727.0,2077.393,1.25,5.75,0.3333333333333333,0,2.0,Marriott 
537413,F,True,False,canada,montreal,YMX,50,2.0,,1.0,1.0,340.0,1494.22,1.0,2.0,0.6666666666666666,1,3.0,
537414,F,True,False,canada,ottawa,YOW,41,,,3.0,2.0,2517.0,1962.0900000000001,2.0,1.6666666666666667,0.3333333333333333,0,3.0,Radisson 
537580,F,False,False,usa,portland,PDX,19,,2.0,2.0,1.0,5628.6,424.32000000000005,1.0,5.75,0.5,0,2.0,
537586,F,False,True,usa,tallahassee,TLH,49,,,3.0,1.3333333333333333,1087.6,1386.3500000000001,1.3333333333333333,2.3333333333333335,0.0,0,3.0,
537659,F,False,True,usa,long beach,LGB,28,,1.0,,,286.0,,1.0,2.0,,0,,
537676,F,True,False,usa,birmingham,BHM,50,1.0,1.0,2.0,1.0,2326.0,900.4430000000001,1.3333333333333333,3.6666666666666665,0.6666666666666666,1,3.0,
537688,F,False,False,usa,rochester,ROC,62,,,1.0,1.0,197.0,361.49,1.0,1.0,1.0,0,1.0,
537776,F,False,False,usa,houston,EFD,37,,2.0,,,2768.0,,1.5,9.0,,0,,
537834,F,False,False,usa,little rock,LIT,40,,,2.0,1.0,402.0,415.14750000000004,1.0,1.0,0.5,0,2.0,
537860,F,False,False,usa,des moines,DSM,29,,,1.0,1.0,190.0,246.76,1.0,5.0,0.0,0,1.0,
537904,F,False,True,canada,toronto,YZD,34,,1.0,4.0,1.0,4538.0,469.0,1.6,2.0,1.0,0,4.0,
537922,F,True,False,canada,montreal,YUL,56,,1.0,2.0,1.0,2486.0,774.56,1.0,6.666666666666667,1.0,0,2.0,
537926,F,True,False,canada,ottawa,YOW,72,,2.0,,,2926.0,,1.5,6.5,,0,,
538084,M,False,False,usa,denver,DEN,58,,1.0,4.0,1.25,4065.0,1888.45,1.2,3.0,0.0,0,4.0,
538112,F,True,False,usa,new york,LGA,53,,,2.0,1.0,1014.0,555.386,1.0,3.5,0.5,0,2.0,
538131,O,False,True,usa,kansas city,MCI,52,,,2.0,1.0,592.0,579.63,1.0,1.5,0.0,0,2.0,
538147,F,True,True,usa,los angeles,LAX,53,1.0,,2.0,1.0,2481.0,1335.6,1.0,3.5,0.3333333333333333,1,3.0,
538260,F,False,False,usa,louisville,LOU,52,,1.0,2.0,1.5,3897.0,1995.88,1.3333333333333333,4.666666666666667,1.0,0,2.0,
538270,F,False,False,usa,fort worth,FTW,36,,,2.0,1.0,289.0,444.84000000000003,1.0,1.0,0.5,0,2.0,
538274,F,True,False,usa,boston,BOS,62,,,1.0,1.0,325.0,129.12,1.0,5.0,0.0,0,1.0,
538279,O,False,False,usa,dallas,DAL,51,,,3.0,2.0,2390.65,7367.96,2.0,3.0,0.6666666666666666,0,3.0,
538319,F,False,False,usa,los angeles,LAX,40,,,3.0,1.3333333333333333,1886.4,4308.194,1.3333333333333333,2.3333333333333335,1.0,0,3.0,
538349,F,True,False,usa,birmingham,BHM,58,1.0,1.0,3.0,1.0,1903.7,1216.0900000000001,1.0,5.5,0.5,0,3.0,
538350,F,False,True,usa,lincoln,LNK,38,,,1.0,1.0,528.0,154.16,1.0,3.0,0.0,1,1.0,
538432,F,True,False,usa,fort worth,FTW,50,,,4.0,1.25,1256.0,1691.48,1.25,2.25,0.75,0,4.0,
538438,F,False,False,usa,milwaukee,MKE,51,,,3.0,1.0,375.0,626.22,1.0,1.6666666666666667,0.3333333333333333,0,2.0,
538441,F,True,False,canada,montreal,YHU,43,,1.0,1.0,1.0,1622.0,210.32,1.0,3.0,0.0,1,1.0,
538458,F,True,True,usa,cincinnati,LUK,54,1.0,,3.0,1.25,1213.0,3259.4305,1.3333333333333333,2.6666666666666665,0.25,0,4.0,
538463,F,False,True,usa,jacksonville,JAX,24,,,,,,,,,,0,,
538511,F,False,True,usa,dallas,DAL,25,,,,,,,,,,0,,
538529,F,False,False,usa,philadelphia,PHL,43,,,3.0,1.0,922.0,645.5659999999999,1.0,2.0,1.6666666666666667,0,2.0,
538538,F,True,False,usa,spokane,SKA,54,,,3.0,1.3333333333333333,1108.0,3386.2175,1.3333333333333333,2.6666666666666665,0.6666666666666666,0,3.0,
538608,F,False,True,usa,riverside,RAL,43,,,4.0,1.25,1351.0,2478.2435,1.25,2.5,0.75,0,4.0,
538666,M,True,False,usa,new york,LGA,35,1.0,,1.0,1.0,109.0,149.88,1.0,1.0,0.5,1,1.0,
538680,F,True,False,usa,tulsa,TUL,43,1.0,,2.0,1.0,217.0,662.4525,1.0,1.0,1.0,0,3.0,
538788,F,False,False,usa,st. louis,STL,29,,,2.0,1.0,540.4,798.08,1.0,1.5,1.0,0,2.0,
538944,F,True,False,usa,houston,HOU,54,1.0,,4.0,1.0,2617.0,1919.1275,1.0,3.0,0.8,0,5.0,
538976,F,False,False,usa,phoenix,PHX,51,,2.0,3.0,1.0,2074.0,1693.01,1.0,2.4,0.6666666666666666,0,3.0,
539135,M,False,False,usa,indianapolis,IND,59,1.0,,4.0,1.2,1424.4,1715.1,1.25,2.0,0.2,0,5.0,Rosewood
539209,M,True,False,usa,houston,IAH,50,1.0,,3.0,1.25,1572.7,2273.6405,1.3333333333333333,2.3333333333333335,1.0,0,4.0,
539221,F,True,True,usa,new york,JFK,55,,3.0,3.0,1.0,10327.0,1328.76,1.3333333333333333,2.8333333333333335,0.6666666666666666,0,3.0,Extended Stay 
539267,F,True,False,usa,philadelphia,PHL,44,,,2.0,2.0,351.0,758.87,2.0,1.0,0.5,0,2.0,
539283,F,True,False,usa,las vegas,LSV,55,,1.0,1.0,1.0,1338.0,240.17,1.0,3.0,0.0,0,1.0,
539304,F,False,False,usa,san jose,SJC,20,,2.0,,,2232.0,,2.0,3.5,,0,,
539307,F,False,True,usa,new york,LGA,40,,,,,,,,,,0,,
539320,F,False,False,usa,birmingham,BHM,43,,2.0,3.0,1.0,4100.0,831.38,1.2,3.0,0.3333333333333333,0,2.0,Radisson 
539337,F,False,True,usa,los angeles,LAX,30,2.0,,1.0,1.0,3015.0,1022.44,1.0,3.0,0.6666666666666666,0,2.0,
539338,F,False,False,usa,new york,LGA,40,1.0,,2.0,1.0,687.0,1477.6299999999999,1.0,2.5,0.3333333333333333,0,3.0,
539426,F,True,False,canada,toronto,YKZ,70,,1.0,2.0,1.0,3062.0,640.38,1.3333333333333333,5.333333333333333,0.5,0,2.0,
539453,F,False,True,usa,philadelphia,PNE,20,,1.0,,,1024.0,,1.0,8.0,,0,,
539460,M,False,False,canada,toronto,YTZ,50,,,3.0,1.0,358.0,919.68,1.0,1.0,1.0,0,3.0,
539542,F,False,False,usa,san antonio,SKF,84,1.0,1.0,,1.0,6996.0,2252.99,2.0,11.0,0.0,0,1.0,
539625,F,True,False,usa,winston-salem,INT,48,,,2.0,1.0,442.0,661.26,1.0,1.5,0.5,0,2.0,
539627,F,False,False,usa,new york,JFK,52,,,2.0,1.0,474.0,453.346,1.0,1.5,0.0,0,2.0,
539648,F,False,False,usa,new york,LGA,45,,1.0,3.0,1.0,1880.0,868.57,1.0,3.0,1.0,0,3.0,
539710,F,False,False,usa,los angeles,LAX,53,,,4.0,1.0,22610.4,1594.4499999999998,1.0,6.5,0.25,0,4.0,Best Western
539729,F,False,False,usa,new orleans,MSY,37,,,1.0,2.0,1520.0,1357.94,2.0,8.0,0.0,0,1.0,
539782,F,True,False,usa,phoenix,LUF,39,1.0,,,1.0,,93.97,,,1.0,0,1.0,
539794,M,True,True,usa,new york,LGA,44,,,4.0,1.0,3235.0,1256.84,1.0,3.75,0.5,0,4.0,
539855,F,False,False,usa,chicago,MDW,44,,,2.0,1.0,831.0,766.96,1.0,3.0,0.5,0,1.0,
539864,F,False,False,usa,little rock,LIT,49,1.0,1.0,2.0,1.0,4508.0,756.588,1.3333333333333333,5.0,0.3333333333333333,0,3.0,
539866,F,True,False,usa,chicago,MDW,25,,,,,,,,,,0,,
539868,F,False,True,canada,victoria,YYJ,38,1.0,,2.0,1.0,780.0,1592.87,1.0,1.0,0.3333333333333333,0,3.0,
539883,F,False,False,usa,new york,JFK,49,1.0,1.0,3.0,1.0,1873.0,556.005,1.0,2.75,1.25,0,4.0,Best Western
539888,F,False,False,usa,philadelphia,PNE,27,,1.0,,,1288.0,,1.0,7.0,,0,,
539912,F,True,False,usa,fresno,FAT,58,1.0,,4.0,1.2,2160.0,3881.9700000000003,1.0,4.25,0.4,0,5.0,
539916,F,False,False,usa,jacksonville,LRF,40,1.0,1.0,1.0,1.5,1848.0,2308.717,1.0,9.5,0.5,0,2.0,
539919,F,True,False,canada,vancouver,YVR,82,,2.0,,,2262.0,,1.0,6.0,,1,,
539953,M,True,True,usa,new york,LGA,38,,,2.0,1.0,920.0,593.39,1.0,2.5,0.0,0,2.0,
540029,F,True,True,usa,columbus,LCK,65,,,2.0,3.0,2820.0,15739.044000000002,2.5,5.0,1.5,0,2.0,
540043,M,False,False,usa,austin,AUS,34,,,,,,,,,,0,,
540138,M,True,True,usa,miami,TNT,50,,1.0,,,988.2,,1.0,6.0,,0,,
540147,M,False,True,usa,el paso,ELP,45,,,5.0,1.8,3682.4,6195.294,1.8,1.4,0.8,0,5.0,
540180,F,True,False,usa,los angeles,LAX,55,1.0,,4.0,1.0,4269.0,2513.8885,1.0,5.5,0.6,0,5.0,
540199,F,False,False,usa,shreveport,SHV,54,,,3.0,1.3333333333333333,798.8,2580.02,1.3333333333333333,2.3333333333333335,0.3333333333333333,0,2.0,
540244,F,False,False,canada,montreal,YMX,40,1.0,,3.0,1.0,1027.6,1697.5,1.0,2.0,1.0,0,3.0,
540302,F,True,False,usa,louisville,LOU,58,1.0,1.0,3.0,1.75,2155.85,4131.5915,1.75,2.75,0.75,0,2.0,
540306,F,False,False,canada,toronto,YTZ,32,,,3.0,1.0,961.5,1061.4,1.0,2.0,1.0,0,3.0,
540319,F,True,True,usa,anchorage,MRI,53,2.0,,1.0,1.0,73.0,2990.44,1.0,1.0,0.6666666666666666,0,3.0,
540347,F,False,True,usa,san antonio,SKF,29,,,6.0,1.0,2238.05,2204.79,1.0,1.6666666666666667,0.3333333333333333,0,5.0,Starwood 
540348,F,True,True,usa,philadelphia,PHL,40,,,2.0,1.0,359.0,865.4099999999999,1.0,2.5,0.5,0,2.0,
540413,F,False,False,usa,nashville,BNA,33,,,2.0,1.0,402.0,691.71,1.0,2.0,0.0,0,2.0,
540455,F,False,False,usa,los angeles,LAX,36,,,2.0,1.0,1366.2,800.24,1.0,4.0,1.0,0,2.0,
540502,F,True,False,usa,denver,DEN,41,,1.0,3.0,1.0,2377.0,833.39,1.0,4.75,0.3333333333333333,0,3.0,
540527,F,False,False,usa,san diego,SAN,45,,,4.0,1.0,1017.0,925.295,1.0,2.0,0.25,0,4.0,
540557,M,True,True,usa,detroit,DTW,55,,1.0,3.0,1.3333333333333333,1206.2,1771.2139999999997,1.25,3.5,0.6666666666666666,0,2.0,
540580,F,True,True,usa,san antonio,SAT,48,1.0,1.0,2.0,1.0,1410.0,864.57,1.3333333333333333,2.3333333333333335,0.6666666666666666,0,3.0,
540605,F,False,False,usa,los angeles,LAX,25,,,1.0,1.0,977.55,562.3470000000001,1.0,7.0,0.0,0,1.0,
540614,F,False,False,usa,new york,JFK,33,,,3.0,1.3333333333333333,1245.2,3633.17,1.3333333333333333,2.0,0.3333333333333333,1,3.0,
540622,F,False,False,usa,chicago,ORD,49,,,3.0,1.0,2750.0,847.9195,1.0,5.333333333333333,0.3333333333333333,0,3.0,
540652,F,True,True,usa,boston,BOS,57,,,,,,,,,,0,,
540653,F,True,True,canada,london,YXU,43,,1.0,,,1385.0,,1.0,5.0,,0,,
540654,F,False,True,usa,san antonio,SKF,51,,,4.0,1.5,2440.0,3663.4199999999996,1.5,2.75,0.5,0,4.0,
540656,F,True,False,canada,calgary,YYC,41,,1.0,5.0,1.4,4344.6,5520.54,1.5,3.3333333333333335,0.4,0,4.0,
540664,F,True,True,canada,windsor,YQG,36,1.0,,1.0,1.0,705.0,802.52,1.0,3.0,0.5,0,2.0,
540718,F,True,False,usa,los angeles,LAX,43,1.0,1.0,1.0,1.0,2408.0,911.6199999999999,1.0,8.0,0.5,0,2.0,
540777,F,True,False,usa,new york,LGA,69,,1.0,,,2822.4,,1.0,28.0,,0,,
540837,F,True,True,canada,toronto,YZD,52,,,1.0,1.0,106.0,265.08,1.0,1.0,0.0,0,1.0,
540857,F,True,False,usa,lubbock,LBB,39,,,,,,,,,,0,,
540863,F,True,True,usa,los angeles,LAX,49,1.0,1.0,,6.0,1880.0,3750.6000000000004,1.0,8.0,5.0,0,1.0,
540924,F,False,False,canada,ottawa,YOW,50,,3.0,,,4157.0,,1.3333333333333333,9.333333333333334,,0,,
541001,F,False,True,canada,victoria,YYJ,43,1.0,,1.0,1.0,282.0,1277.3899999999999,1.0,2.0,0.5,0,2.0,
541034,F,False,False,usa,san antonio,SAT,20,,1.0,,,1021.5,,1.0,5.0,,0,,
541040,F,False,False,usa,los angeles,LAX,30,,1.0,1.0,1.0,1133.0,734.91,1.0,4.0,1.0,1,1.0,
541041,F,False,False,canada,montreal,YMX,21,,,1.0,1.0,1650.0,124.73,1.0,5.0,0.0,0,1.0,
541061,F,False,True,usa,milwaukee,MKE,41,1.0,1.0,,1.0,1544.0,178.34349999999998,4.0,2.0,1.0,0,1.0,
541084,F,False,False,usa,memphis,MEM,54,,3.0,2.0,1.0,5399.4,403.36,1.2,5.8,0.5,0,2.0,Crowne Plaza
541150,F,False,False,usa,akron,AKR,36,,1.0,2.0,1.0,2731.0,676.39,1.0,5.666666666666667,1.0,0,2.0,
541162,M,False,True,usa,houston,IAH,45,1.0,,3.0,1.0,843.0,1100.2,1.0,1.3333333333333333,0.5,1,3.0,
541168,F,True,False,usa,los angeles,LAX,41,2.0,1.0,3.0,1.0,2033.0,1756.0259999999998,1.0,3.25,0.6,0,5.0,
541176,F,False,True,usa,new york,LGA,42,,,3.0,1.0,1107.3,768.302,1.0,2.0,0.6666666666666666,0,3.0,
541216,F,False,False,usa,charlotte,CLT,27,,,1.0,1.0,258.0,507.025,1.0,2.0,0.0,0,1.0,
541235,F,True,False,usa,san diego,SAN,50,,,5.0,1.6,1735.9,13531.03,1.6,2.6,0.4,0,3.0,Hyatt
541240,F,True,False,usa,lincoln,LNK,28,,1.0,1.0,1.0,588.8,341.2,1.0,2.5,0.0,0,1.0,
541259,F,False,False,canada,edmonton,YXD,47,2.0,1.0,2.0,1.25,2568.8,2290.81,1.6666666666666667,3.6666666666666665,0.25,0,4.0,
541262,F,True,True,canada,calgary,YYC,40,,,3.0,1.0,912.4000000000001,1063.7925,1.0,1.6666666666666667,1.0,1,3.0,Rosewood
541289,F,True,False,usa,orlando,ORL,47,,,4.0,1.25,2704.8,2125.274,1.25,5.75,0.5,0,4.0,Radisson 
541326,F,True,False,canada,london,YXU,47,1.0,,1.0,1.0,413.0,554.804,1.0,7.0,0.0,0,2.0,
541382,F,True,True,usa,new york,JFK,42,,,5.0,1.0,1468.6,1575.6499999999999,1.0,2.6,0.4,0,5.0,
541389,F,False,False,usa,detroit,YIP,31,2.0,,3.0,1.0,1068.0,2105.02,1.0,3.6666666666666665,0.8,0,4.0,
541454,F,False,True,usa,boston,BOS,58,,,5.0,1.2,3320.0,3088.499,1.2,3.6,1.2,0,5.0,Starwood 
541505,F,False,False,usa,los angeles,LAX,45,,,3.0,1.0,997.0,849.091,1.0,2.3333333333333335,0.6666666666666666,0,3.0,
541540,M,True,True,usa,san diego,NZY,54,1.0,,3.0,1.5,2961.0,2159.779,1.6666666666666667,5.0,0.75,0,4.0,
541649,F,False,False,usa,houston,HOU,39,,,6.0,1.3333333333333333,2182.6,5028.2945,1.3333333333333333,1.3333333333333333,0.3333333333333333,0,5.0,
541672,F,True,False,usa,austin,AUS,46,,,4.0,1.25,2035.0,3177.7,1.25,2.5,0.5,0,3.0,
541699,F,True,False,usa,modesto,MOD,48,3.0,1.0,2.0,1.4,10211.3,6573.26,2.0,7.333333333333333,0.0,0,5.0,
541734,F,False,False,usa,los angeles,LAX,40,,,3.0,1.0,822.8,1751.78,1.0,2.0,1.0,0,3.0,
541752,F,False,False,usa,charlotte,CLT,41,,,4.0,1.0,2275.0,521.39,1.0,6.0,0.5,0,4.0,
541764,F,True,False,usa,baton rouge,BTR,49,,1.0,2.0,1.5,1743.0,698.878,1.3333333333333333,4.666666666666667,0.5,0,2.0,
541878,F,True,False,usa,milwaukee,MKE,28,,1.0,1.0,1.0,3099.0,214.92,1.0,4.5,1.0,0,1.0,
541921,F,False,False,usa,san antonio,SAT,57,,1.0,1.0,3.0,1254.0,4311.99,2.0,2.0,0.0,0,1.0,
541923,F,False,False,usa,oakland,OAK,49,,1.0,2.0,1.0,3580.8,780.1825,1.0,6.0,0.0,0,2.0,
541980,F,True,False,usa,jacksonville,NIP,65,,,1.0,1.0,763.8,258.87,1.0,3.0,0.0,0,1.0,
541988,F,False,False,usa,newport news,PHF,20,,,,,,,,,,0,,
541998,F,False,False,canada,ottawa,YOW,44,,,3.0,1.0,1004.0,265.54,1.0,3.0,0.6666666666666666,0,2.0,
541999,F,True,False,usa,denver,DEN,74,,2.0,,,5241.0,,1.0,16.5,,0,,
542012,F,False,False,usa,nashville,BNA,47,,,3.0,1.0,1655.0,995.2195,1.0,2.3333333333333335,1.0,0,3.0,Rosewood
542059,F,True,False,canada,calgary,YYC,53,1.0,,2.0,1.0,195.0,1475.5819999999999,1.0,1.5,0.3333333333333333,0,3.0,
542065,M,True,False,canada,toronto,YZD,50,,,1.0,1.0,723.6,582.894,1.0,3.0,0.0,1,1.0,
542080,F,False,False,usa,lubbock,LBB,59,,,3.0,1.0,2367.4,882.1980000000001,1.0,4.666666666666667,0.3333333333333333,0,3.0,
542142,M,True,True,usa,long beach,LGB,45,1.0,1.0,3.0,1.5,9519.0,20134.094999999998,1.25,6.75,1.0,1,4.0,
542194,F,True,True,usa,el paso,ELP,39,2.0,,1.0,1.6666666666666667,210.0,2825.61,1.0,2.0,0.3333333333333333,0,3.0,
542196,F,True,False,usa,burlington,BTV,60,1.0,1.0,,1.0,1536.0,46.062,2.0,12.0,1.0,0,1.0,
542208,F,True,True,usa,san diego,SAN,40,,,5.0,1.2,2864.0,3363.622,1.2,4.0,0.4,0,4.0,
542254,F,True,False,usa,montgomery,MXF,46,,,2.0,1.0,841.0,997.22,1.0,3.5,1.0,0,2.0,
542270,F,False,False,usa,tulsa,TUL,44,,1.0,2.0,2.0,2058.0,1920.453,1.6666666666666667,2.6666666666666665,0.5,0,2.0,
542282,F,False,False,usa,san jose,SJC,50,,,4.0,1.25,1033.6,1690.56,1.25,1.0,0.5,0,4.0,
542316,F,False,False,usa,phoenix,LUF,25,,2.0,,,1662.0,,1.0,13.0,,0,,
542326,F,True,True,canada,quebec,YQB,39,,,3.0,1.0,962.0,905.12,1.0,1.6666666666666667,0.0,0,3.0,
542334,F,True,True,canada,gatineau,YND,57,,1.0,1.0,1.0,8543.0,644.53,2.0,4.5,1.0,0,1.0,
542358,M,True,False,usa,columbus,CMH,40,,1.0,2.0,1.0,4335.0,738.79,1.0,6.333333333333333,0.0,0,2.0,Conrad 
542451,F,True,False,usa,new york,LGA,37,,,2.0,1.0,380.0,1050.68,1.0,1.0,1.0,0,2.0,
542471,F,True,True,usa,san francisco,SFO,43,1.0,,3.0,1.0,3440.9500000000003,1982.14,1.0,5.666666666666667,0.5,0,4.0,
542482,F,True,False,usa,san diego,SAN,59,1.0,,,1.0,,333.46,,,1.0,0,1.0,
542638,F,True,True,usa,chicago,ORD,21,,,,,,,,,,0,,
542657,M,True,False,usa,new york,LGA,43,1.0,,3.0,1.75,417.0,4694.658,1.6666666666666667,1.0,0.5,0,4.0,
542663,F,False,True,usa,las vegas,LAS,34,,,5.0,1.0,2240.6,2291.81,1.0,2.4,0.4,0,5.0,
542752,F,True,False,usa,san diego,NZY,45,,,3.0,1.3333333333333333,959.0,2435.171,1.3333333333333333,1.6666666666666667,0.6666666666666666,0,2.0,
542760,F,False,False,usa,los angeles,LAX,40,,1.0,4.0,1.25,8010.0,1302.6599999999999,1.2,3.6,0.0,0,4.0,
542795,F,True,True,canada,gatineau,YND,51,,,4.0,1.0,1037.0,626.384,1.0,2.0,0.25,0,4.0,Radisson 
542805,F,False,False,usa,new york,JFK,34,,,4.0,1.0,1846.0,1457.848,1.0,2.75,1.0,0,4.0,
542812,F,False,False,usa,new york,JFK,27,,1.0,,,908.8000000000001,,1.0,8.0,,0,,
542815,F,False,False,usa,riverside,RIV,19,,,,,,,,,,0,,
542843,F,True,True,usa,mobile,BFM,57,,,2.0,2.0,5118.0,2963.01,2.0,5.0,1.5,0,2.0,Shangri-La
542874,F,True,False,usa,milwaukee,MKE,86,,,,,,,,,,1,,
542914,F,False,False,usa,seattle,BFI,40,1.0,1.0,1.0,1.0,4224.0,1336.78,1.0,11.0,0.5,0,2.0,
542918,F,True,True,canada,toronto,YYZ,38,1.0,,3.0,2.0,1916.0,52038.896,1.0,4.0,1.5,0,4.0,
542965,F,False,False,canada,quebec,YQB,26,,1.0,,,330.0,,1.0,3.0,,0,,
542976,F,True,True,usa,san diego,NZY,46,,1.0,2.0,1.0,1328.1999999999998,1093.38,1.0,3.3333333333333335,1.0,0,2.0,
543038,F,False,False,usa,memphis,MEM,50,,,3.0,1.0,652.0,881.26,1.0,2.0,0.0,0,3.0,
543222,F,True,False,usa,bakersfield,BFL,41,1.0,,1.0,1.5,260.0,1943.01,1.0,5.0,1.0,1,2.0,
543237,F,True,False,usa,denver,DEN,66,1.0,,2.0,1.3333333333333333,1590.0,1341.102,1.5,5.0,1.0,0,3.0,
543273,F,True,True,usa,omaha,OFF,47,,2.0,3.0,1.0,20292.0,755.04,1.4,8.6,0.3333333333333333,0,3.0,
543306,F,False,True,usa,houston,IAH,39,1.0,1.0,1.0,1.0,1273.2,700.6800000000001,1.0,4.0,1.0,0,2.0,
543352,F,False,False,usa,wichita,ICT,46,1.0,1.0,2.0,1.0,2521.0,610.84,1.0,2.0,0.6666666666666666,0,3.0,Best Western
543497,F,True,False,canada,montreal,YMX,53,1.0,,4.0,1.4,1618.0,3725.072,1.5,2.25,0.4,0,4.0,
543620,F,False,False,usa,modesto,MOD,39,,,,,,,,,,0,,
543660,F,False,False,canada,toronto,YZD,22,1.0,1.0,,2.0,3757.0,1488.6,1.0,13.0,1.0,0,1.0,
543666,F,True,False,usa,houston,IAH,38,,,4.0,1.25,1799.0,1969.5900000000001,1.25,1.75,0.0,0,4.0,
543668,F,False,False,canada,hamilton,YHM,35,,,5.0,1.2,1598.6,3477.24,1.2,2.4,0.4,0,5.0,
543694,F,True,False,usa,houston,EFD,60,,,1.0,1.0,120.0,417.86,1.0,1.0,0.0,0,1.0,
543696,F,False,False,canada,toronto,YYZ,20,,,,,,,,,,0,,
543713,M,False,True,usa,omaha,OFF,37,,1.0,2.0,1.0,3847.0,583.088,1.0,6.333333333333333,0.0,0,2.0,
543723,F,False,False,usa,new york,LGA,60,,,,,,,,,,0,,
543728,F,False,False,usa,seattle,SEA,44,,,5.0,1.0,1938.0,2715.8345,1.0,3.2,0.4,0,4.0,
543816,F,False,False,usa,portland,PWM,26,,,,,,,,,,0,,
543817,F,False,False,usa,san antonio,RND,20,,,1.0,1.0,112.0,510.3,1.0,1.0,0.0,0,1.0,
543826,F,False,False,canada,gatineau,YND,41,,1.0,2.0,1.0,1659.0,349.11199999999997,1.0,4.333333333333333,0.5,0,2.0,
543900,F,False,False,usa,colorado springs,COS,41,,,2.0,1.0,2878.2,901.45,1.0,5.5,0.5,0,2.0,
543927,F,False,False,usa,new orleans,MSY,39,,,3.0,1.3333333333333333,1264.0,2115.77,1.3333333333333333,3.0,0.3333333333333333,0,3.0,Rosewood
543937,F,False,False,usa,san francisco,SFO,46,,1.0,2.0,1.0,2299.0,1490.97,1.0,3.0,1.0,0,2.0,Hyatt
544002,F,False,True,usa,denver,DEN,46,,,3.0,1.0,597.0,1046.76,1.0,1.3333333333333333,0.6666666666666666,0,3.0,
544015,F,False,False,usa,tampa,MCF,36,,,1.0,1.0,285.0,586.17,1.0,3.0,1.0,0,1.0,
544163,F,True,True,usa,new york,LGA,47,,2.0,2.0,1.5,6195.0,3076.23,1.5,4.5,1.0,0,2.0,
544207,F,True,False,usa,new york,JFK,56,,1.0,3.0,1.0,1693.0,1129.51,1.0,3.0,1.0,0,3.0,
544254,F,True,False,usa,phoenix,PHX,51,1.0,,3.0,2.0,2810.0,8104.346,2.0,3.0,0.25,0,3.0,
544271,F,True,True,usa,knoxville,TYS,59,,,1.0,1.0,129.0,542.21,1.0,1.0,1.0,0,1.0,
544367,F,False,False,usa,new orleans,NBG,49,1.0,,2.0,1.3333333333333333,692.0,1735.2600000000002,1.5,2.5,0.6666666666666666,0,3.0,
544406,F,True,False,usa,bakersfield,BFL,48,1.0,,2.0,1.0,1638.0,1080.867,1.0,3.0,0.6666666666666666,1,3.0,
544425,F,True,True,usa,winston-salem,INT,36,,,,,,,,,,0,,
544472,F,False,False,usa,oakland,OAK,20,,,,,,,,,,0,,
544480,F,True,False,usa,oklahoma city,TIK,30,,,3.0,1.0,583.75,975.684,1.0,2.0,0.6666666666666666,0,2.0,
544495,F,True,False,usa,new york,LGA,66,,1.0,1.0,2.0,1238.0,2849.96,2.0,2.0,0.0,1,1.0,
544497,F,False,False,usa,columbus,LCK,19,,1.0,,,1328.0,,1.0,4.0,,0,,
544507,M,False,False,usa,orlando,ORL,23,,,,,,,,,,0,,
544513,F,True,False,usa,new york,LGA,56,1.0,,3.0,1.0,961.2,1433.385,1.0,2.3333333333333335,1.0,0,4.0,
544536,F,False,False,usa,chicago,ORD,39,,1.0,,,882.0,,1.0,6.0,,0,,
544549,F,False,False,usa,houston,HOU,42,,,4.0,1.0,2610.0,1346.939,1.0,2.25,1.0,0,3.0,InterContinental 
544595,F,False,False,usa,sacramento,MHR,38,,,4.0,1.0,1929.45,1570.327,1.0,1.5,0.25,0,4.0,
544604,M,False,False,usa,lubbock,LBB,54,1.0,,1.0,1.5,462.0,366.09299999999996,1.0,3.0,0.5,0,2.0,
544640,M,False,False,usa,san antonio,RND,48,1.0,,4.0,1.0,3411.0,1450.67,1.0,5.0,0.8,0,4.0,
544680,F,False,False,usa,dallas,DAL,45,,,4.0,1.25,5156.0,2747.09,1.25,4.0,0.5,0,3.0,
544683,F,True,False,usa,new york,JFK,49,,,4.0,1.0,1540.0,1490.3,1.0,4.0,0.5,0,4.0,
544818,F,False,False,usa,anchorage,ANC,31,,,2.0,1.0,269.0,1521.1080000000002,1.0,1.0,1.0,0,2.0,
544839,F,False,False,usa,houston,IAH,47,1.0,,2.0,1.0,283.0,996.37,1.0,1.5,0.3333333333333333,0,3.0,
544926,F,False,True,usa,colorado springs,COS,40,,,3.0,1.0,1015.5,949.97,1.0,1.3333333333333333,0.0,0,3.0,Starwood 
545010,F,False,False,usa,omaha,OFF,59,1.0,,2.0,1.6666666666666667,688.0,2375.3,2.0,1.5,0.3333333333333333,0,3.0,
545012,F,True,True,usa,oakland,OAK,39,,1.0,2.0,2.0,2432.0,5237.38,1.6666666666666667,5.666666666666667,0.5,0,2.0,
545070,F,False,True,canada,toronto,YZD,36,,2.0,1.0,1.0,3562.0,543.08,1.0,6.666666666666667,0.0,0,1.0,
545089,F,False,False,usa,louisville,LOU,19,,,,,,,,,,1,,
545109,F,False,False,usa,chicago,ORD,34,,,2.0,1.0,1062.0,705.98,1.0,5.0,0.0,0,2.0,
545115,F,True,False,usa,new orleans,NBG,45,,,1.0,1.0,762.0,651.6,1.0,2.0,1.0,0,1.0,
545226,F,True,False,usa,new york,LGA,58,,1.0,2.0,1.0,1935.0,400.91999999999996,1.0,8.666666666666666,0.5,0,2.0,
545247,M,False,True,usa,santa ana,SNA,21,,1.0,,,4908.0,,2.0,6.0,,0,,
545249,F,True,True,canada,ottawa,YOW,54,1.0,1.0,3.0,1.0,2667.7,1458.4699999999998,1.0,3.75,0.5,0,4.0,Crowne Plaza
545281,F,False,False,usa,los angeles,LAX,19,,,,,,,,,,0,,
545300,F,False,True,usa,detroit,DTW,36,,,5.0,1.2,3742.9,1099.556,1.2,3.6,0.4,0,4.0,
545344,F,False,True,usa,houston,EFD,25,,1.0,,,930.0,,1.0,3.0,,1,,
545375,F,False,True,usa,detroit,DET,35,,1.0,1.0,2.0,736.0,302.1,2.0,3.5,2.0,0,1.0,
545399,F,False,False,usa,little rock,LIT,55,,,1.0,1.0,1386.0,215.58,1.0,7.0,1.0,0,1.0,
545446,F,True,True,usa,los angeles,LAX,57,1.0,1.0,1.0,2.0,1910.0,3984.36,2.0,9.0,0.0,0,2.0,
545510,F,True,False,usa,lubbock,LBB,47,1.0,1.0,1.0,1.5,2134.8,1582.63,1.5,5.5,0.0,0,2.0,
545629,F,False,False,usa,st. petersburg,PIE,50,,,5.0,1.0,1264.0,2126.45,1.0,1.2,0.6,0,5.0,Crowne Plaza
545633,M,False,False,usa,columbus,LCK,38,,,3.0,1.0,691.8,1100.019,1.0,3.0,0.3333333333333333,0,3.0,
545634,F,False,False,usa,providence,PVD,47,,,3.0,1.3333333333333333,2106.0,1245.511,1.3333333333333333,4.333333333333333,0.0,0,3.0,
545745,F,True,False,usa,jacksonville,NCA,42,1.0,,1.0,1.0,145.0,1173.01,1.0,1.0,0.5,0,2.0,
545748,F,True,True,canada,victoria,YYJ,52,1.0,,1.0,1.0,1205.0,1009.98,1.0,5.0,1.0,0,2.0,
545755,F,False,False,canada,montreal,YHU,40,1.0,1.0,3.0,1.0,7268.2,1214.08,1.0,12.25,0.25,0,4.0,
545758,M,True,False,canada,edmonton,YED,33,,,2.0,1.0,952.0,901.0155,1.0,3.0,0.5,0,2.0,
545763,F,True,False,usa,philadelphia,PNE,77,,1.0,,,1490.4,,1.0,12.0,,1,,
545879,F,False,False,usa,new york,LGA,28,,,2.0,1.0,645.0,841.2,1.0,1.5,0.0,1,2.0,
545936,F,False,False,usa,new york,LGA,45,,1.0,2.0,1.0,1583.9,1396.495,1.0,3.6666666666666665,0.0,0,2.0,
545981,F,False,False,canada,windsor,YQG,38,,2.0,3.0,1.3333333333333333,4956.0,718.7669999999999,1.2,5.4,0.3333333333333333,0,2.0,
546008,F,False,False,usa,colorado springs,COS,33,,,4.0,1.25,3934.6,979.7175,1.25,3.25,0.25,0,4.0,
546061,F,False,True,usa,new york,JFK,49,1.0,,3.0,1.0,676.4,2025.3690000000001,1.0,1.6666666666666667,0.0,0,4.0,Hyatt
546072,F,False,False,usa,washington,IAD,51,,1.0,3.0,1.3333333333333333,2905.0,1818.6,1.25,3.5,0.6666666666666666,0,3.0,
546127,F,True,False,usa,new york,LGA,57,,,4.0,1.0,1624.0,1563.07,1.0,4.25,0.25,0,4.0,Accor
546130,F,True,True,usa,bakersfield,BFL,51,1.0,,1.0,1.0,822.0,1316.0,1.0,6.0,1.0,0,2.0,
546131,F,False,False,usa,new york,JFK,58,,1.0,2.0,2.0,4823.5,6623.719999999999,1.6666666666666667,6.333333333333333,1.0,1,2.0,
546161,F,False,False,canada,saskatoon,YXE,58,,,3.0,1.0,3514.0,1188.442,1.0,6.333333333333333,0.0,0,3.0,
546190,F,True,True,usa,tucson,DMA,52,,,3.0,1.0,3203.0,902.8199999999999,1.0,3.0,0.6666666666666666,0,3.0,
546256,F,True,True,usa,charlotte,CLT,54,,2.0,3.0,1.3333333333333333,8309.0,1550.0449999999996,1.2,5.4,0.0,0,3.0,Marriott 
546282,F,False,False,canada,ottawa,YOW,47,,,2.0,1.0,828.0,1047.05,1.0,3.0,0.0,0,2.0,
546334,F,True,False,usa,las vegas,LAS,37,,,1.0,1.0,138.0,75.09,1.0,1.0,0.0,0,1.0,
546395,F,True,True,usa,houston,HOU,46,,,3.0,1.0,617.0,1048.2800000000002,1.0,1.6666666666666667,0.6666666666666666,1,3.0,
546437,F,False,False,usa,jacksonville,JAX,53,,,5.0,1.0,2974.4,1390.01,1.0,2.0,0.4,0,5.0,
546485,M,True,True,canada,winnipeg,YWG,45,,,4.0,1.0,1624.0,1363.46,1.0,2.5,1.0,0,4.0,
546509,F,False,False,usa,detroit,YIP,50,,,3.0,1.0,853.6,1002.836,1.0,2.0,0.3333333333333333,0,3.0,Wyndham
546587,F,True,False,usa,new york,LGA,43,3.0,,1.0,1.5,288.0,3993.7400000000002,1.0,4.0,0.5,0,4.0,
546612,F,False,True,usa,san antonio,SAT,28,,,1.0,1.0,560.0,454.8,1.0,1.0,0.0,0,1.0,
546671,F,True,False,usa,stockton,SCK,42,,,1.0,1.0,396.0,468.48,1.0,3.0,0.0,0,1.0,
546679,F,True,False,usa,houston,EFD,37,1.0,1.0,2.0,1.0,1085.0,898.38,1.0,3.6666666666666665,1.0,0,3.0,
546688,F,False,False,usa,new york,JFK,54,,,2.0,1.0,1020.0,1001.3000000000001,1.0,4.0,0.5,1,2.0,
546728,F,True,False,canada,montreal,YUL,55,,,2.0,1.5,1553.0,3719.95,1.0,6.5,0.5,0,1.0,
546774,F,True,True,usa,new york,JFK,59,1.0,1.0,1.0,1.5,3666.0,795.88,1.0,17.5,1.0,0,2.0,Rosewood
546842,F,True,False,usa,los angeles,LAX,47,,1.0,,,404.7,,1.0,6.0,,0,,
546847,F,True,False,usa,los angeles,LAX,56,,1.0,3.0,1.3333333333333333,5695.0,3882.4865,1.5,4.5,1.0,1,3.0,
546867,F,False,False,usa,san francisco,SFO,54,,,3.0,1.3333333333333333,3512.4,2838.5299999999997,1.3333333333333333,3.3333333333333335,0.6666666666666666,0,3.0,
546882,F,False,False,usa,san diego,SAN,27,1.0,,1.0,1.0,7792.0,3167.42,1.0,16.0,0.0,0,2.0,
546884,M,False,False,canada,toronto,YKZ,20,,1.0,,,564.0,,1.0,4.0,,0,,
546888,F,False,False,usa,orlando,MCO,31,,,1.0,2.0,4330.8,1334.44,2.0,6.0,0.0,1,1.0,
546937,F,False,False,usa,chicago,UGN,69,,,,,,,,,,0,,
546972,F,True,True,usa,los angeles,LAX,51,,1.0,2.0,1.0,1364.0,1031.162,1.0,1.6666666666666667,0.5,0,2.0,
547006,F,True,False,usa,new york,JFK,75,,,,,,,,,,1,,
547007,F,True,False,usa,new york,JFK,35,,1.0,4.0,1.0,5127.0,1079.25,1.2,5.4,0.25,0,3.0,
547037,F,False,False,usa,tampa,TPA,36,,1.0,2.0,1.0,1561.0,837.0999999999999,1.0,2.6666666666666665,0.0,0,2.0,Choice Hotels
547070,M,True,False,usa,fayetteville,FYV,53,1.0,1.0,4.0,1.4,4305.8,2417.795,1.2,4.0,0.6,0,4.0,
547150,F,True,True,usa,los angeles,LAX,46,,,2.0,1.0,709.3000000000001,962.24,1.0,6.0,0.5,1,2.0,
547164,F,False,False,canada,montreal,YMX,32,,,1.0,1.0,3425.0,145.035,1.0,25.0,0.0,1,1.0,
547180,F,True,True,usa,new york,LGA,48,,1.0,1.0,1.0,800.3,518.55,1.0,2.5,0.0,0,1.0,
547201,F,False,False,usa,los angeles,LAX,27,,1.0,,,2208.0,,1.0,16.0,,0,,
547266,F,True,False,canada,winnipeg,YWG,57,,1.0,2.0,1.5,981.6,1552.0099999999998,1.3333333333333333,2.0,1.0,0,2.0,
547301,F,False,True,usa,mobile,BFM,35,1.0,1.0,,2.0,1449.0,671.92,1.0,7.0,1.0,0,1.0,
547325,F,False,True,usa,oklahoma city,OKC,45,,,2.0,1.0,602.0,625.97,1.0,2.5,1.0,0,2.0,
547458,F,False,False,canada,gatineau,YND,45,1.0,1.0,2.0,1.3333333333333333,4814.0,2803.08,1.3333333333333333,5.0,0.6666666666666666,0,3.0,Shangri-La
547483,F,False,True,usa,new york,LGA,37,,,2.0,1.0,2165.0,541.56,1.0,3.5,1.0,0,2.0,
547512,F,True,False,canada,calgary,YYC,48,,,4.0,1.0,5355.8,1367.464,1.0,5.25,1.0,0,4.0,
547555,F,False,False,usa,san antonio,RND,48,1.0,,3.0,1.25,1199.0,2593.76,1.3333333333333333,1.3333333333333333,1.0,1,2.0,Shangri-La
547559,F,True,False,usa,washington,IAD,39,1.0,,5.0,1.3333333333333333,4053.0,1645.9865,1.0,4.6,0.8333333333333334,0,6.0,Fairmont
547594,F,False,False,canada,calgary,YYC,19,,,,,,,,,,1,,
547613,F,False,False,usa,phoenix,LUF,42,1.0,1.0,2.0,1.0,1133.0,1480.84,1.0,4.333333333333333,0.0,0,2.0,Best Western
547664,F,False,False,canada,winnipeg,YAV,43,2.0,,2.0,1.25,152.0,2245.8,1.0,1.5,0.5,0,4.0,
547776,F,False,False,usa,fort worth,FTW,45,,,3.0,1.3333333333333333,1794.35,1663.78,1.3333333333333333,2.3333333333333335,1.0,0,2.0,
547836,F,True,False,usa,los angeles,LAX,50,1.0,1.0,1.0,1.0,2401.0,1399.0900000000001,1.0,7.5,0.0,0,2.0,
547862,M,True,True,usa,houston,EFD,49,,1.0,3.0,1.0,3819.0,487.98,1.0,4.75,1.0,0,3.0,
547878,F,False,False,usa,santa ana,SNA,28,,2.0,,,2290.0,,1.5,4.0,,1,,
547938,M,False,True,usa,st. louis,STL,28,1.0,,,1.0,,1867.87,,,0.0,0,1.0,
547951,M,False,False,usa,minneapolis,MSP,53,,,4.0,1.5,1130.0,3368.346,1.5,1.5,0.5,0,4.0,Aman Resorts
548006,F,False,False,usa,dallas,DAL,38,,,2.0,1.0,378.0,673.1685,1.0,1.5,1.5,0,2.0,
548040,F,True,False,usa,portland,PDX,39,,,3.0,1.3333333333333333,1036.0,2380.73,1.3333333333333333,1.3333333333333333,0.3333333333333333,0,3.0,
548093,F,False,False,usa,charlotte,CLT,24,,1.0,,,1188.0,,2.0,6.0,,0,,
548109,F,False,False,usa,los angeles,LAX,42,1.0,,4.0,1.2,1324.0,4844.94,1.25,2.0,0.6,0,5.0,
548113,F,False,False,usa,houston,EFD,40,1.0,,3.0,1.0,928.0,1308.584,1.0,3.6666666666666665,0.5,0,4.0,Four Seasons
548190,F,True,False,usa,corpus christi,CRP,37,,1.0,2.0,1.0,3179.75,864.2,1.0,6.0,1.0,0,2.0,
548222,F,True,True,canada,calgary,YYC,54,1.0,1.0,2.0,2.0,3464.0,22516.906,1.0,5.333333333333333,1.3333333333333333,0,3.0,
548228,F,True,False,canada,calgary,YYC,69,,1.0,,,1090.0,,1.0,10.0,,0,,
548230,F,True,False,usa,akron,AKR,61,,2.0,1.0,1.0,5130.25,79.23,1.3333333333333333,6.666666666666667,0.0,0,1.0,
548307,F,True,True,usa,denver,DEN,53,,,2.0,1.0,770.0,741.2,1.0,5.0,0.0,0,2.0,
548310,F,False,False,usa,memphis,MEM,34,,,1.0,2.0,298.0,630.62,2.0,1.0,1.0,0,1.0,
548408,F,False,False,usa,new york,JFK,37,,,5.0,1.4,3701.75,2240.722,1.4,3.8,1.4,0,5.0,
548434,F,True,False,usa,indianapolis,IND,45,1.0,1.0,1.0,2.0,4719.6,2092.7124999999996,2.0,3.5,0.0,0,2.0,
548490,F,True,True,usa,el paso,BIF,56,,,2.0,1.0,1221.0,307.564,1.0,3.5,0.0,0,2.0,
548504,F,False,False,usa,houston,IAH,39,2.0,,5.0,1.1428571428571428,2572.0,2581.85,1.2,2.2,0.42857142857142855,0,6.0,
548560,F,True,True,usa,laredo,LRD,47,,,1.0,1.0,471.0,446.45,1.0,3.0,0.0,0,1.0,
548568,F,True,True,usa,philadelphia,PHL,58,,,4.0,1.75,5628.0,3441.79,1.75,2.25,0.75,0,4.0,
548587,F,False,False,usa,sacramento,SMF,37,,,2.0,1.0,2105.0,895.68,1.0,4.5,0.5,0,2.0,
548635,F,True,True,usa,houston,EFD,44,,,4.0,1.25,1910.0,2552.2200000000003,1.25,1.75,0.0,0,4.0,
548653,F,True,True,usa,jacksonville,JAX,45,,,5.0,1.4,4419.65,7021.1,1.4,2.6,0.4,0,5.0,
548672,M,False,False,usa,chicago,ORD,43,,,4.0,1.25,1331.0,1692.96,1.25,1.25,0.5,0,3.0,Accor
548743,F,True,False,canada,winnipeg,YWG,29,,1.0,1.0,1.0,477.75,376.89,1.0,2.0,1.0,0,1.0,
548859,F,True,False,usa,new york,JFK,50,,,3.0,1.0,2058.7,648.2099999999999,1.0,3.0,0.6666666666666666,0,3.0,
548967,F,False,False,canada,toronto,YTZ,41,,,6.0,1.1666666666666667,6223.0,1975.41,1.1666666666666667,4.666666666666667,0.3333333333333333,0,6.0,
548978,F,True,False,canada,gatineau,YND,39,,3.0,1.0,1.0,8493.2,780.46,1.5,7.75,1.0,0,1.0,
548988,F,True,False,usa,los angeles,LAX,50,,1.0,3.0,1.0,1643.5,1006.354,1.25,2.75,1.0,0,3.0,
549058,F,True,False,canada,toronto,YKZ,31,,,2.0,1.5,3812.0,8730.766,1.0,8.0,1.0,0,2.0,
549141,F,True,True,usa,santa ana,SNA,30,,2.0,,,11041.8,,2.0,4.0,,0,,
549202,F,False,False,usa,jacksonville,NZC,60,,2.0,3.0,1.0,3769.6,1077.4,1.0,4.6,0.3333333333333333,0,2.0,InterContinental 
549274,F,False,False,usa,st. louis,STL,52,,,1.0,1.0,81.0,75.22,1.0,1.0,1.0,0,1.0,
549281,F,False,True,usa,new york,JFK,29,,,5.0,1.0,4247.0,2165.0315,1.0,6.6,0.6,0,5.0,Four Seasons
549292,F,False,True,canada,edmonton,YED,48,,,3.0,1.3333333333333333,3306.0,2466.99,1.3333333333333333,2.0,0.6666666666666666,0,3.0,
549293,F,True,True,usa,cleveland,CLE,47,,,,,,,,,,0,,
549303,F,False,False,usa,nashville,BNA,39,,,3.0,1.6666666666666667,1205.0,1406.92,1.6666666666666667,1.6666666666666667,0.6666666666666666,0,2.0,
549367,F,True,True,usa,new york,LGA,44,,1.0,3.0,1.6666666666666667,3736.0,1424.184,1.5,3.75,0.3333333333333333,0,3.0,Extended Stay 
549377,F,True,False,usa,nashville,BNA,46,1.0,1.0,1.0,1.0,1336.45,230.986,1.5,3.0,1.5,1,2.0,Conrad 
549390,F,False,True,usa,spokane,SKA,27,,3.0,,,4495.6,,1.6666666666666667,10.333333333333334,,0,,
549482,F,False,False,canada,vancouver,YVR,44,,,5.0,1.0,3357.3500000000004,1867.93,1.0,3.2,1.0,0,4.0,
549611,F,False,False,usa,new york,JFK,50,,,6.0,1.3333333333333333,1896.6,3891.23,1.3333333333333333,2.3333333333333335,0.3333333333333333,0,6.0,
549631,F,True,True,usa,las vegas,LAS,52,,,4.0,1.0,2461.05,1657.8,1.0,4.25,0.75,0,4.0,
549714,M,True,True,canada,montreal,YUL,58,,,2.0,1.0,704.0,1343.0425,1.0,2.0,1.0,0,2.0,
549746,F,False,False,canada,montreal,YHU,45,,1.0,5.0,1.2,3361.0,2627.5245,1.1666666666666667,3.6666666666666665,1.0,0,5.0,
549764,F,False,False,usa,new york,JFK,40,1.0,1.0,1.0,1.0,1650.0,356.668,1.0,4.5,0.0,0,2.0,
549797,F,False,True,usa,philadelphia,PNE,38,1.0,1.0,3.0,1.0,7167.0,340.48,1.0,7.5,0.25,0,4.0,
549992,F,False,False,canada,halifax,YHZ,35,1.0,,1.0,1.0,136.0,912.4,1.0,1.0,0.5,0,2.0,
550017,F,False,False,usa,los angeles,LAX,41,,2.0,3.0,1.6666666666666667,4763.4,7428.52,1.4,5.0,0.6666666666666666,0,3.0,
550019,F,False,False,usa,richmond,RIC,34,,,4.0,1.25,3103.8,1313.9,1.25,2.0,0.75,0,4.0,
550028,M,False,False,canada,montreal,YHU,71,1.0,,,1.0,,467.37,,,1.0,0,1.0,
550068,F,False,True,usa,memphis,MEM,41,,2.0,2.0,1.0,6375.0,497.71000000000004,1.25,6.0,0.5,0,2.0,
550071,M,False,False,usa,burlington,BTV,40,,,5.0,1.0,1542.4,1771.92,1.0,1.8,0.4,0,4.0,
550105,F,False,False,usa,mobile,MOB,36,,1.0,1.0,1.0,1590.0,154.52,1.0,4.5,0.0,0,1.0,
550134,F,True,False,usa,fresno,FAT,46,,,2.0,1.0,430.7,900.7,1.0,1.0,0.0,0,2.0,
550193,F,True,True,usa,riverside,RIV,62,,1.0,,,115.2,,1.0,2.0,,0,,
550200,F,True,True,usa,corpus christi,CRP,45,,,2.0,1.0,4022.0,576.1015,1.0,6.5,0.5,0,2.0,
550202,F,False,False,canada,calgary,YYC,30,1.0,,4.0,1.2,1429.0,5019.62,1.0,3.25,0.2,0,5.0,
550221,F,True,False,usa,austin,AUS,40,,,3.0,1.3333333333333333,1008.0,3042.0065,1.3333333333333333,1.3333333333333333,0.6666666666666666,0,3.0,
550222,F,False,False,usa,indianapolis,IND,36,,,3.0,1.0,2478.0,1438.874,1.0,2.6666666666666665,1.0,0,3.0,
550233,F,False,False,usa,fayetteville,POB,42,,,4.0,1.0,4126.0,1104.925,1.0,2.75,0.75,0,4.0,Extended Stay 
550300,F,True,False,usa,dallas,DAL,54,,,4.0,1.5,726.0,2960.3365,1.5,1.25,0.0,0,4.0,Radisson 
550317,F,True,True,canada,toronto,YZD,45,,2.0,1.0,1.0,4432.0,123.17,1.3333333333333333,7.0,1.0,0,1.0,
550421,F,True,False,usa,orlando,MCO,47,,,1.0,1.0,292.0,244.44,1.0,2.0,0.0,0,1.0,
550442,F,False,False,usa,new york,JFK,29,,1.0,1.0,1.0,1052.0,402.35,1.0,5.5,0.0,0,1.0,
550459,F,False,False,usa,tulsa,TUL,45,1.0,,3.0,1.0,1550.0,917.48,1.0,4.0,0.5,0,3.0,Wyndham
550514,F,True,True,usa,montgomery,MXF,40,,1.0,,,1296.0,,1.0,4.0,,1,,
550572,F,True,True,usa,new york,LGA,60,,1.0,2.0,2.0,1379.8000000000002,6372.670000000001,1.6666666666666667,3.3333333333333335,1.0,0,2.0,
550599,F,True,True,usa,mobile,BFM,56,2.0,,,1.0,,421.03999999999996,,,0.5,0,2.0,
550627,F,True,False,usa,philadelphia,PNE,73,1.0,,,2.0,,10106.4,,,1.0,0,1.0,
550752,F,True,True,usa,charlotte,CLT,51,,,2.0,1.0,282.0,1059.69,1.0,3.0,0.0,0,1.0,
550796,F,False,True,usa,san diego,NZY,36,1.0,3.0,,2.0,5208.6,983.408,1.3333333333333333,6.0,1.0,0,1.0,
550805,F,False,False,usa,san francisco,SFO,42,2.0,1.0,3.0,1.0,2074.0,1215.392,1.25,3.5,0.8,0,5.0,
550871,F,True,True,usa,san antonio,RND,50,,,3.0,1.0,950.0,1210.96,1.0,2.0,0.3333333333333333,0,3.0,
550887,F,False,True,usa,new york,LGA,19,,2.0,,,5145.0,,1.0,15.0,,0,,
551032,F,False,False,usa,new york,JFK,37,,,3.0,1.0,1970.8000000000002,817.48,1.0,5.666666666666667,0.3333333333333333,0,3.0,
551042,F,True,False,usa,los angeles,LAX,47,,2.0,3.0,1.0,1985.4,1497.9740000000002,1.0,2.6,0.3333333333333333,0,3.0,
551088,F,False,False,usa,san jose,SJC,48,,2.0,3.0,1.6666666666666667,6836.0,7039.32,1.6,3.6,0.0,0,2.0,
551166,F,True,False,usa,los angeles,LAX,33,,1.0,1.0,1.0,1925.0,448.19100000000003,1.5,5.0,1.0,0,1.0,
551210,F,False,True,usa,newport news,PHF,19,,,,,,,,,,0,,
551211,F,True,True,usa,tulsa,TUL,30,,,,,,,,,,0,,
551217,F,False,False,usa,dallas,DAL,39,,,4.0,1.0,2915.0,1133.89,1.0,5.5,0.25,0,4.0,Choice Hotels
551245,F,True,True,usa,los angeles,LAX,26,,,,,,,,,,1,,
551473,F,True,False,usa,austin,AUS,80,,1.0,,,259.2,,1.0,2.0,,0,,
551488,F,False,False,usa,st. louis,STL,38,,2.0,,,9608.0,,1.5,16.0,,0,,
551627,F,False,False,usa,providence,PVD,34,1.0,,1.0,1.0,460.0,444.98,1.0,4.0,1.5,0,2.0,
551665,F,False,True,usa,fort worth,FTW,57,,1.0,3.0,1.0,1778.0,1033.511,1.0,4.0,0.3333333333333333,0,2.0,
551685,M,True,False,usa,san antonio,RND,68,,,1.0,1.0,675.0,295.01,1.0,3.0,0.0,0,1.0,
551729,F,False,False,canada,vancouver,YVR,19,,,1.0,1.0,138.7,540.81,1.0,1.0,0.0,0,1.0,
551804,M,True,False,usa,san antonio,SAT,47,,1.0,4.0,1.0,9486.0,1176.774,1.2,3.2,0.25,0,4.0,Banyan Tree 
551890,F,False,False,canada,saskatoon,YXE,34,1.0,1.0,2.0,1.3333333333333333,3194.0,2238.181,1.0,2.6666666666666665,1.0,0,3.0,
551908,F,False,False,usa,shreveport,BAD,25,,,,,,,,,,0,,
551935,F,True,False,usa,fort worth,FTW,71,,1.0,,,2160.0,,1.0,8.0,,0,,
551963,F,False,False,usa,fort worth,FTW,39,1.0,,3.0,1.5,794.6,3792.198,1.6666666666666667,1.3333333333333333,1.0,0,4.0,
551967,F,True,False,usa,omaha,OFF,42,,1.0,2.0,2.0,2940.0,2401.842,2.0,2.3333333333333335,1.0,0,2.0,
551978,F,False,True,usa,houston,HOU,19,,1.0,1.0,1.0,904.0,414.64,1.0,4.0,3.0,0,1.0,
552036,F,True,True,canada,montreal,YMX,56,,,1.0,3.0,2244.0,873.78,3.0,4.0,0.0,0,1.0,
552172,F,True,True,usa,las vegas,LSV,56,,1.0,2.0,1.0,1618.0,896.49,1.0,3.3333333333333335,0.0,1,2.0,
552302,F,False,False,usa,los angeles,LAX,26,,,,,,,,,,0,,
552313,F,False,False,usa,los angeles,LAX,47,1.0,,5.0,1.5,5420.0,6841.469999999999,1.6,3.4,0.6666666666666666,0,6.0,Marriott 
552348,F,True,False,usa,phoenix,LUF,59,,,4.0,1.0,1451.8,1626.39,1.0,1.75,0.5,0,4.0,Radisson 
552364,F,True,True,usa,omaha,OMA,39,,1.0,,,1596.0,,1.0,4.0,,0,,
552366,F,False,False,usa,reno,RNO,41,,1.0,3.0,2.6666666666666665,3010.6,15811.269,2.25,2.75,0.3333333333333333,0,3.0,
552384,F,False,False,usa,new york,LGA,60,,,3.0,1.0,2303.0,1194.17,1.0,2.3333333333333335,0.6666666666666666,0,3.0,Extended Stay 
552506,F,True,False,canada,winnipeg,YAV,51,1.0,,,1.0,,327.024,,,0.0,0,1.0,
552535,F,True,False,usa,new york,LGA,51,,,4.0,1.75,1722.0,6579.91,1.75,2.5,0.25,0,4.0,
552573,M,True,True,usa,st. petersburg,PIE,37,1.0,,1.0,2.5,262.0,45016.944,1.0,1.0,2.0,0,2.0,
552597,F,False,False,usa,los angeles,LAX,30,1.0,,2.0,1.6666666666666667,2415.6,6649.51,2.0,6.5,1.3333333333333333,0,3.0,
552649,F,False,False,usa,philadelphia,PNE,29,,,2.0,1.5,556.0,635.6165000000001,1.5,1.5,0.5,0,2.0,
552732,F,False,False,canada,vancouver,YVR,46,,,2.0,1.0,2863.0,914.97,1.0,3.5,1.0,0,2.0,
552760,F,True,False,usa,new york,LGA,54,2.0,,1.0,1.0,382.0,1211.22,1.0,2.0,0.6666666666666666,0,3.0,
552929,F,False,False,usa,memphis,MEM,32,,1.0,3.0,1.0,5321.0,510.28200000000004,1.25,4.25,1.0,0,2.0,
552944,M,False,False,usa,atlanta,ATL,54,,,3.0,1.6666666666666667,3836.2,6087.28,1.6666666666666667,2.6666666666666665,0.6666666666666666,0,3.0,
552945,F,False,False,usa,cleveland,CLE,46,1.0,1.0,3.0,1.0,6078.0,552.09,1.25,3.5,0.5,0,3.0,
553017,F,False,False,usa,san jose,SJC,45,,1.0,4.0,1.5,8656.0,2633.14,1.6,3.4,0.5,0,4.0,
553054,M,False,False,usa,new york,LGA,27,,,,,,,,,,1,,
553219,F,True,False,usa,washington,IAD,50,,1.0,4.0,1.0,3008.7,1216.15,1.4,3.6,0.75,0,4.0,Rosewood
553245,M,False,True,usa,norfolk,ORF,28,,,1.0,1.0,2068.0,85.66,1.0,11.0,0.0,0,1.0,
553361,F,True,False,usa,memphis,MEM,44,1.0,1.0,2.0,1.6666666666666667,2131.6,1424.27,1.3333333333333333,4.666666666666667,1.0,0,3.0,
553559,F,False,True,usa,los angeles,LAX,23,,1.0,1.0,1.0,1539.0,665.04,1.0,5.0,1.0,0,1.0,
553568,F,False,True,usa,los angeles,LAX,45,,,4.0,1.0,1487.0,1386.69,1.0,3.25,0.25,0,4.0,
553631,F,True,False,usa,denver,DEN,61,,,,,,,,,,0,,
553633,F,False,False,usa,birmingham,BHM,70,,,,,,,,,,0,,
553743,F,False,True,usa,dallas,DAL,20,1.0,,,1.0,,75.29,,,0.0,0,1.0,
553751,F,False,False,usa,new york,LGA,44,,,3.0,1.0,2158.55,544.37,1.0,3.3333333333333335,0.6666666666666666,0,3.0,
553773,F,True,True,usa,fort worth,FTW,50,,,3.0,1.3333333333333333,2853.0,1559.31,1.3333333333333333,3.6666666666666665,0.0,1,3.0,Banyan Tree 
553791,F,False,True,usa,new york,JFK,36,,,3.0,1.0,2076.0,1113.4,1.0,4.333333333333333,1.0,0,3.0,
553876,M,False,False,usa,winston-salem,INT,33,1.0,,2.0,1.3333333333333333,2210.0,948.373,1.5,4.0,0.3333333333333333,0,3.0,
553901,F,True,True,usa,omaha,OMA,57,,1.0,2.0,2.5,5676.1,2719.825,1.6666666666666667,7.0,2.0,0,2.0,
553904,F,False,False,canada,montreal,YUL,22,,,2.0,1.5,2618.0,2598.39,1.5,6.5,0.0,0,2.0,
553955,F,True,False,usa,san antonio,RND,51,,,6.0,1.0,1349.0,1445.1399999999999,1.0,1.6666666666666667,0.6666666666666666,0,6.0,
553984,F,True,False,usa,san antonio,SKF,50,,,1.0,1.0,700.0,351.027,1.0,4.0,1.0,0,1.0,
554026,F,True,True,usa,los angeles,LAX,56,,,4.0,1.25,1935.1999999999998,2672.69,1.25,2.25,0.25,0,4.0,
554079,F,False,False,usa,san diego,SAN,39,,2.0,3.0,1.0,3253.3,1472.3609999999999,1.0,4.0,0.6666666666666666,0,3.0,
554141,F,True,False,usa,new york,JFK,41,,1.0,3.0,1.3333333333333333,2001.45,1768.0099999999998,1.5,3.0,0.6666666666666666,0,3.0,
554155,F,False,False,canada,gatineau,YND,45,,1.0,1.0,1.0,2570.0,114.49,1.5,3.0,1.0,0,1.0,
554163,F,False,True,usa,tucson,DMA,40,1.0,,5.0,1.0,1479.0,2496.0,1.0,3.4,0.6666666666666666,0,4.0,
554269,F,True,True,usa,san diego,SAN,50,,,3.0,1.0,533.0,1777.081,1.0,2.3333333333333335,0.6666666666666666,0,3.0,
554357,M,True,False,usa,st. louis,STL,64,,,,,,,,,,0,,
554444,F,False,False,usa,fort worth,FTW,36,,,3.0,1.0,804.0,829.49,1.0,1.6666666666666667,1.0,0,3.0,
554507,F,True,False,usa,norfolk,ORF,37,,2.0,1.0,1.0,1164.0,81.46,1.0,2.3333333333333335,0.0,0,1.0,
554609,F,False,False,usa,baltimore,BWI,44,,,2.0,1.0,1102.0,1227.4099999999999,1.0,3.0,0.0,0,2.0,
554632,F,False,False,usa,san antonio,RND,19,,1.0,,,91.8,,1.0,1.0,,0,,
554724,F,False,False,usa,norfolk,ORF,23,,1.0,,,1090.0,,1.0,5.0,,0,,
554753,F,False,True,usa,wichita,IAB,42,1.0,,3.0,1.25,1485.2,10727.34,1.0,3.0,0.5,0,4.0,
554853,F,False,False,usa,new york,LGA,42,,1.0,1.0,1.0,5865.0,49.31,1.0,12.5,0.0,0,1.0,
554885,F,False,False,usa,phoenix,LUF,39,,,5.0,1.0,3827.2,1892.286,1.0,3.4,1.0,0,4.0,
554949,F,False,True,usa,new york,LGA,28,,,,,,,,,,0,,
554956,M,False,False,usa,houston,HOU,39,1.0,1.0,3.0,1.0,2253.0,1128.8919999999998,1.75,1.75,2.0,0,4.0,
554961,F,True,False,usa,des moines,DSM,47,1.0,2.0,1.0,1.0,5343.0,306.20000000000005,1.6666666666666667,7.0,0.5,0,2.0,Four Seasons
555058,F,False,False,usa,new york,JFK,19,1.0,,1.0,1.0,855.0,1306.46,1.0,3.0,0.5,0,2.0,
555151,F,False,False,usa,baton rouge,BTR,38,1.0,2.0,3.0,1.25,2107.8,3598.1,1.4,2.8,0.75,0,4.0,Shangri-La
555206,F,True,False,usa,riverside,RIV,46,,3.0,2.0,1.0,2622.0,1332.65,1.0,3.6,0.5,0,1.0,Extended Stay 
555250,F,False,False,usa,san diego,NZY,29,,,1.0,1.0,81.0,608.07,1.0,1.0,0.0,0,1.0,
555277,F,True,True,usa,oakland,OAK,61,,,1.0,1.0,428.0,760.9,1.0,1.0,1.0,0,1.0,
555299,F,True,False,usa,omaha,OMA,54,,,1.0,1.0,272.0,251.24,1.0,4.0,1.0,0,1.0,
555310,M,True,False,canada,toronto,YYZ,41,,1.0,4.0,1.0,2591.25,930.29,1.0,2.8,1.0,1,4.0,Best Western
555326,M,False,False,usa,atlanta,ATL,53,,,2.0,1.0,821.0,1107.9,1.0,2.5,0.5,0,2.0,
555334,F,False,False,usa,new orleans,MSY,28,1.0,,,3.0,,1709.0700000000002,,,0.0,0,1.0,
555428,F,True,True,usa,new york,LGA,55,,1.0,2.0,1.5,2417.0,3799.31,1.3333333333333333,4.0,0.5,0,2.0,
555563,F,True,True,usa,stockton,SCK,52,,1.0,3.0,1.0,3011.85,658.81,1.0,2.75,0.6666666666666666,0,2.0,
555600,F,True,False,usa,nashville,BNA,45,,,2.0,1.0,4481.05,326.27,1.0,4.0,0.0,0,2.0,
555698,M,False,False,usa,new york,LGA,53,,,2.0,1.0,337.0,688.675,1.0,1.5,0.0,1,2.0,
555712,F,True,False,usa,fresno,FAT,72,,,,,,,,,,0,,
555751,F,True,False,canada,toronto,YZD,42,1.0,,1.0,1.0,160.0,906.09,1.0,4.0,0.0,0,2.0,
555770,F,True,True,usa,boston,BOS,47,,2.0,2.0,1.0,2329.1,234.744,1.0,4.25,0.5,0,2.0,
555782,F,True,True,usa,jacksonville,NZC,58,,1.0,1.0,1.0,793.0,310.58,1.0,4.5,1.0,0,1.0,
555796,F,True,False,usa,houston,HOU,57,,1.0,3.0,1.0,2884.0,1081.76,1.25,4.5,0.0,0,3.0,Hilton
555852,F,True,False,usa,dallas,DAL,47,1.0,,3.0,1.25,7396.0,2062.16,1.3333333333333333,6.0,0.75,0,3.0,
555990,F,True,False,usa,san francisco,SFO,76,,1.0,,,548.0,,1.0,4.0,,0,,
556015,F,False,False,canada,toronto,YYZ,56,,,3.0,1.0,1222.0,249.55,1.0,2.3333333333333335,0.6666666666666666,0,2.0,
556043,F,False,False,usa,fort worth,FTW,20,1.0,,,2.0,,1585.14,,,0.0,0,1.0,
556052,F,False,False,canada,edmonton,YXD,39,,,3.0,1.0,888.0,1056.6815,1.0,2.3333333333333335,0.3333333333333333,0,3.0,
556067,F,True,True,canada,toronto,YZD,42,,,5.0,1.0,4797.0,1252.72,1.0,5.4,0.2,0,4.0,Hilton
556111,M,False,True,usa,san antonio,RND,51,1.0,,2.0,1.6666666666666667,7991.7,3184.3655,2.0,7.0,0.3333333333333333,0,3.0,
556119,F,False,False,usa,salt lake city,SLC,42,,,2.0,1.5,560.4,1049.01,1.5,1.5,0.5,0,2.0,
556127,F,False,False,usa,los angeles,LAX,36,,,3.0,1.0,1194.0,1390.1,1.0,2.6666666666666665,0.6666666666666666,0,3.0,
556199,M,False,True,usa,detroit,YIP,20,,,,,,,,,,0,,
556268,F,False,False,usa,colorado springs,COS,50,1.0,,1.0,1.0,157.0,401.98,1.0,1.0,0.5,0,2.0,
556274,M,False,False,usa,bakersfield,BFL,19,1.0,1.0,,1.0,1136.0,1672.54,1.0,4.0,0.0,0,1.0,
556314,F,True,False,usa,baton rouge,BTR,41,1.0,,1.0,1.5,4290.0,12760.4,1.0,6.0,0.5,0,2.0,
556347,F,False,False,usa,los angeles,LAX,43,2.0,,2.0,1.0,951.0,1864.03,1.0,2.5,0.75,0,4.0,
556391,F,True,True,usa,chicago,ORD,45,,,1.0,1.0,340.0,111.98,1.0,2.0,1.0,0,1.0,
556533,F,True,True,usa,winston-salem,INT,44,,1.0,2.0,1.0,2645.0,638.24,1.3333333333333333,4.666666666666667,1.0,0,2.0,
556579,F,True,False,usa,long beach,LGB,50,,2.0,,,1070.0,,1.0,5.0,,1,,
556673,F,True,False,usa,houston,IAH,68,1.0,1.0,1.0,1.0,2405.0,770.88,1.0,7.5,0.5,0,2.0,
556744,F,False,False,usa,dallas,DAL,48,,,3.0,1.6666666666666667,3910.0,2135.5915,1.6666666666666667,2.0,0.3333333333333333,0,3.0,
556824,F,False,False,usa,new york,JFK,45,,,4.0,1.0,918.0,815.17,1.0,2.5,0.25,0,3.0,
556827,F,True,False,usa,phoenix,PHX,67,2.0,1.0,,1.0,2088.0,995.1199999999999,1.0,12.0,0.0,0,2.0,
556887,F,True,True,usa,phoenix,PHX,49,1.0,,3.0,1.75,6797.2,9938.639,1.3333333333333333,6.333333333333333,1.0,0,4.0,
556906,F,False,False,usa,portland,PDX,42,,1.0,2.0,1.0,1257.0,1187.2065,1.0,3.0,0.0,0,1.0,Hilton
557036,M,False,False,usa,columbus,CMH,49,2.0,,1.0,1.0,106.0,1730.65,1.0,1.0,0.0,0,3.0,
557055,F,False,False,usa,tulsa,TUL,51,,,2.0,2.0,1566.0,3128.1,2.0,2.5,0.5,0,2.0,
557107,F,False,False,canada,winnipeg,YWG,46,,1.0,4.0,1.75,4187.2,4416.44,1.6,2.6,0.75,0,4.0,
557108,M,False,False,usa,houston,HOU,28,,,1.0,1.0,153.0,194.22000000000003,1.0,1.0,0.0,0,1.0,
557248,F,False,False,usa,wichita,ICT,38,,,,,,,,,,0,,
557282,F,True,False,canada,toronto,YTZ,42,,,2.0,1.0,2458.3,585.374,1.0,4.0,0.5,0,2.0,
557402,F,True,True,usa,los angeles,LAX,58,,,1.0,1.0,326.0,344.99,1.0,1.0,0.0,0,1.0,
557496,F,False,True,canada,toronto,YTZ,59,,,1.0,1.0,450.0,106.677,1.0,1.0,1.0,0,1.0,
557569,F,True,True,usa,los angeles,LAX,41,,1.0,,,4650.0,,2.0,15.0,,1,,
557672,F,False,False,usa,new york,JFK,36,1.0,,2.0,1.0,564.0,2021.6,1.0,2.0,0.6666666666666666,0,2.0,
557692,F,False,True,usa,seattle,BFI,44,,1.0,2.0,1.5,5642.0,1985.8650000000002,1.6666666666666667,6.666666666666667,1.5,0,2.0,Choice Hotels
557762,F,False,False,usa,san diego,NZY,71,,1.0,,,1104.0,,2.0,6.0,,2,,
557794,F,False,True,usa,new york,JFK,48,1.0,,3.0,1.0,2144.0,1572.8645,1.0,3.6666666666666665,1.0,0,4.0,Radisson 
557799,F,False,False,usa,dallas,DAL,78,,1.0,,,546.0,,1.0,7.0,,0,,
557875,F,True,True,canada,calgary,YYC,57,,,2.0,1.0,1456.0,889.8399999999999,1.0,4.5,0.0,0,2.0,
557879,F,False,False,usa,burlington,BTV,20,,,,,,,,,,1,,
557887,F,False,False,usa,detroit,YIP,26,,2.0,1.0,1.0,5744.0,545.1,1.3333333333333333,7.666666666666667,1.0,0,1.0,
557921,F,True,False,usa,tucson,DMA,44,,,4.0,1.0,1676.0,1155.29,1.0,2.0,0.75,0,4.0,
557932,F,False,True,usa,new york,LGA,32,1.0,,3.0,1.0,1790.3,1244.1975,1.0,2.3333333333333335,0.75,0,4.0,
557956,F,True,True,usa,shreveport,SHV,66,,2.0,1.0,1.0,4464.0,394.67,1.0,9.0,0.0,0,1.0,
557957,F,True,False,canada,montreal,YHU,50,1.0,,1.0,1.0,2075.0,1238.85,1.0,5.0,1.0,0,2.0,
557992,F,True,False,usa,sacramento,SAC,60,,,,,,,,,,0,,
558018,F,True,False,usa,memphis,MEM,50,,,2.0,1.0,576.0,982.26,1.0,2.5,0.5,0,2.0,
558114,F,True,False,usa,omaha,OFF,50,,1.0,2.0,1.0,3096.0,574.3199999999999,1.0,4.666666666666667,0.5,1,2.0,
558147,F,True,False,usa,cleveland,CLE,77,,1.0,,,10764.0,,2.0,13.0,,0,,
558204,F,False,False,usa,denver,DEN,62,1.0,,2.0,1.0,1664.0,1074.034,1.0,3.5,0.6666666666666666,0,3.0,
558251,F,True,True,usa,san antonio,SAT,51,,,3.0,1.6666666666666667,2865.0,3302.7180000000003,1.6666666666666667,2.0,0.3333333333333333,0,3.0,
558270,M,True,False,usa,denver,DEN,46,,,4.0,1.5,651.0,4532.9,1.5,1.25,0.5,0,4.0,
558277,M,False,False,usa,houston,HOU,52,,,5.0,1.2,9918.0,3956.38,1.2,3.2,1.4,0,3.0,
558294,F,True,False,usa,memphis,MEM,34,,,3.0,1.0,2140.9,1080.738,1.0,5.0,0.0,0,3.0,
558362,M,True,True,usa,new york,LGA,53,,,4.0,1.0,2030.0,1416.0,1.0,2.5,0.75,0,4.0,Marriott 
558395,F,False,True,usa,houston,IAH,38,,1.0,,,1224.0,,1.0,9.0,,0,,
558437,F,True,True,usa,louisville,LOU,46,,,1.0,1.0,782.8,159.41,1.0,4.0,0.0,0,1.0,
558466,F,False,False,canada,ottawa,YOW,42,,,2.0,1.0,550.0,672.82,1.0,1.0,0.0,0,2.0,
558489,F,False,False,usa,new york,JFK,27,1.0,,2.0,1.0,252.0,1105.1299999999999,1.0,1.0,0.6666666666666666,0,3.0,
558513,F,False,True,canada,quebec,YQB,47,,,3.0,1.3333333333333333,6236.0,1386.22,1.3333333333333333,4.0,0.3333333333333333,0,2.0,
558659,F,True,False,usa,winston-salem,INT,46,,,1.0,1.0,108.0,673.16,1.0,2.0,0.0,0,1.0,
558838,F,False,False,usa,orlando,ORL,41,1.0,,4.0,1.0,3183.2,2414.448,1.0,3.5,0.0,0,5.0,
558851,F,True,False,usa,memphis,MEM,35,,,,,,,,,,1,,
558919,F,False,True,usa,orlando,MCO,20,,,,,,,,,,0,,
558920,F,False,False,usa,houston,IAH,46,,,4.0,1.0,2390.0,1375.0775,1.0,3.25,0.75,0,4.0,Shangri-La
558987,M,False,False,canada,montreal,YMX,49,,1.0,2.0,1.0,2439.0,831.63,1.0,4.666666666666667,1.0,0,2.0,
558988,F,True,False,canada,calgary,YYC,65,,,3.0,1.0,5295.0,1314.3555,1.0,5.666666666666667,0.3333333333333333,0,3.0,
559068,F,True,False,canada,ottawa,YOW,39,1.0,,1.0,1.0,880.0,716.42,1.0,4.0,0.5,1,2.0,
559071,F,False,True,usa,los angeles,LAX,42,2.0,1.0,,1.0,1015.0,531.832,1.0,5.0,0.5,0,2.0,
559093,M,True,False,usa,new york,LGA,45,,2.0,3.0,1.0,1712.0,1823.5500000000002,1.0,2.8,0.3333333333333333,0,3.0,
559107,M,True,True,usa,san antonio,SKF,53,1.0,1.0,2.0,1.0,494.0,604.551,1.0,2.0,0.3333333333333333,0,3.0,
559112,F,False,True,canada,toronto,YTZ,46,1.0,,2.0,1.0,830.0,764.81,1.0,4.0,1.0,0,3.0,
559148,F,True,False,usa,chicago,UGN,54,1.0,,2.0,1.6666666666666667,323.2,1520.6299999999999,1.5,1.5,1.0,0,3.0,
559164,M,False,False,usa,new york,LGA,45,,,1.0,1.0,235.0,372.54,1.0,1.0,1.0,0,1.0,
559211,F,True,True,usa,columbus,LCK,45,,,4.0,1.0,1622.0,954.009,1.0,3.0,0.5,0,3.0,
559266,F,False,False,usa,new york,JFK,52,,,1.0,1.0,390.0,78.18,1.0,3.0,0.0,0,1.0,
559277,F,False,False,canada,edmonton,YEG,32,,3.0,1.0,1.0,4848.2,568.65,1.0,6.75,0.0,0,1.0,
559324,F,False,False,usa,shreveport,BAD,52,,1.0,2.0,1.0,4637.15,776.29,1.0,5.333333333333333,0.0,0,2.0,
559432,F,False,True,usa,knoxville,TYS,19,,,1.0,2.0,1166.0,459.3,1.0,11.0,1.0,0,1.0,
559464,F,False,False,usa,orlando,MCO,38,1.0,,1.0,1.0,1573.0,705.6700000000001,1.0,11.0,0.5,0,2.0,
559469,F,False,True,canada,montreal,YMX,45,1.0,,3.0,1.75,827.0,12253.96,2.0,1.6666666666666667,0.5,0,4.0,
559520,F,False,False,usa,riverside,RAL,32,,,1.0,1.0,1755.0,344.53,1.0,3.0,0.0,0,1.0,
559537,M,True,True,usa,los angeles,LAX,56,,,2.0,2.5,2270.0,11812.181999999999,2.5,3.0,1.5,0,2.0,
559695,F,True,True,usa,san antonio,RND,58,1.0,1.0,1.0,1.0,894.0,870.01,1.0,3.0,1.5,1,2.0,
559758,F,True,True,usa,chicago,ORD,50,,1.0,,,858.0,,1.0,6.0,,0,,
559772,F,False,False,usa,houston,EFD,48,,,6.0,1.3333333333333333,4401.0,5408.87,1.3333333333333333,2.1666666666666665,0.16666666666666666,0,5.0,
559782,F,False,False,usa,lubbock,LBB,41,,,4.0,1.25,2733.5,1909.013,1.25,3.25,0.25,0,4.0,
559794,F,True,False,usa,los angeles,LAX,40,1.0,,4.0,1.0,1819.1,2415.6,1.0,2.75,0.8,0,5.0,
559832,F,False,False,usa,philadelphia,PNE,22,,,,,,,,,,0,,
559834,F,True,True,usa,laredo,LRD,53,,,2.0,1.0,385.0,805.65,1.0,1.0,0.5,0,2.0,
559863,F,False,False,usa,indianapolis,IND,36,,,3.0,1.6666666666666667,1749.0,807.19,1.6666666666666667,4.0,0.6666666666666666,0,3.0,
559901,F,False,False,canada,montreal,YHU,39,,,4.0,1.0,665.0,1701.82,1.0,1.0,0.25,0,4.0,
559918,F,False,False,canada,calgary,YYC,44,,2.0,1.0,1.0,6459.0,417.71,1.3333333333333333,6.666666666666667,1.0,0,1.0,
559936,F,True,False,usa,kansas city,MCI,57,,,2.0,1.0,392.0,491.64,1.0,2.0,0.0,1,2.0,
559981,F,False,False,usa,columbus,LCK,47,,,6.0,1.1666666666666667,3551.0,1668.5794999999998,1.1666666666666667,2.5,0.6666666666666666,0,4.0,Fairmont
559995,F,True,False,usa,oklahoma city,TIK,53,,,1.0,2.0,2710.0,1007.8,2.0,5.0,1.0,0,1.0,
560125,M,False,False,canada,toronto,YZD,44,,,2.0,1.5,2542.3,2724.65,1.5,5.5,1.0,0,2.0,
560175,F,False,False,canada,toronto,YTZ,35,1.0,,1.0,1.0,174.0,153.39000000000001,1.0,2.0,0.0,0,2.0,
560195,F,False,False,usa,miami,OPF,45,1.0,1.0,4.0,1.4,3174.2,4506.74,1.4,3.6,0.4,0,5.0,
560213,F,True,True,usa,houston,HOU,51,,,2.0,1.0,667.0,584.2145,1.0,1.0,1.5,0,2.0,
560245,F,False,True,usa,san jose,SJC,45,,,3.0,2.3333333333333335,2268.0,13575.11,2.3333333333333335,2.6666666666666665,0.0,0,2.0,Banyan Tree 
560257,F,True,True,usa,bakersfield,BFL,57,,1.0,,,255.0,,1.0,3.0,,0,,
560273,M,True,False,usa,fresno,FAT,60,,1.0,2.0,1.0,1851.0,1191.84,1.3333333333333333,2.0,0.0,0,2.0,
560291,F,True,False,usa,el paso,BIF,48,1.0,,2.0,1.0,1363.0,1218.0629999999999,1.0,4.5,1.0,0,3.0,
560341,F,True,True,usa,omaha,OMA,49,,2.0,1.0,1.0,2052.0,322.31,1.3333333333333333,6.333333333333333,0.0,0,1.0,
560362,F,False,False,usa,new york,LGA,47,,,4.0,1.0,1101.0,1299.538,1.0,1.5,1.0,0,4.0,
560367,F,False,False,usa,houston,EFD,44,1.0,,4.0,1.4,6010.85,4376.994000000001,1.5,2.75,0.4,0,5.0,
560433,F,False,False,canada,toronto,YYZ,29,,,,,,,,,,0,,
560468,F,True,True,canada,toronto,YTZ,43,,,3.0,1.0,2514.0,295.25,1.0,5.333333333333333,0.3333333333333333,0,2.0,
560478,F,True,False,usa,modesto,MOD,44,,1.0,1.0,1.0,1724.0,519.37,1.0,6.0,3.0,0,1.0,
560497,F,True,False,usa,baton rouge,BTR,44,,,1.0,1.0,266.0,422.16,1.0,1.0,0.0,0,1.0,
560508,F,False,False,usa,minneapolis,MSP,55,1.0,,,1.0,,323.14,,,0.0,0,1.0,
560511,F,True,False,usa,new york,JFK,40,,1.0,5.0,1.0,4719.0,1670.4210000000003,1.0,4.5,0.6,0,5.0,Fairmont
560723,F,True,False,usa,nashville,BNA,49,,,,,,,,,,0,,
560803,F,True,False,usa,boston,BOS,46,,,5.0,1.4,3483.0,6365.467000000001,1.4,3.4,0.4,0,5.0,
560854,F,True,True,usa,new york,JFK,40,,,4.0,2.0,2577.0,3404.42,1.5,4.25,1.25,0,4.0,
560888,F,False,False,usa,cleveland,CLE,51,1.0,,2.0,1.3333333333333333,3258.0,978.4300000000001,1.5,3.0,0.6666666666666666,0,3.0,
560915,F,False,False,usa,fort worth,FTW,20,,,1.0,1.0,345.8,221.697,1.0,4.0,1.0,0,1.0,
560978,F,False,True,usa,los angeles,LAX,19,,1.0,1.0,2.0,5184.0,9178.88,1.0,13.0,1.0,0,1.0,
560991,F,True,True,usa,philadelphia,PNE,55,,,4.0,1.0,3896.0,1165.73,1.0,7.0,0.5,0,4.0,Banyan Tree 
561031,F,False,False,canada,winnipeg,YWG,38,,,4.0,1.0,3029.0,1336.8400000000001,1.0,3.75,0.5,1,4.0,
561033,F,True,True,canada,toronto,YTZ,56,,,4.0,1.25,1990.8,1407.8899999999999,1.25,2.0,1.0,0,4.0,
561037,F,False,False,usa,san antonio,RND,40,,1.0,1.0,1.0,3190.0,326.74,1.0,10.0,1.0,0,1.0,
561044,F,False,False,usa,cleveland,CLE,69,,,,,,,,,,0,,
561243,F,False,False,usa,san diego,NZY,46,1.0,,3.0,1.0,1646.4,2257.8900000000003,1.0,4.333333333333333,0.5,0,4.0,
561331,F,False,True,usa,sacramento,SMF,43,,,2.0,1.0,1113.9,722.6600000000001,1.0,6.0,0.0,0,2.0,
561333,F,False,False,usa,dallas,DAL,34,,,,,,,,,,0,,
561339,M,True,True,usa,chicago,MDW,45,,,2.0,1.0,564.0,1054.94,1.0,1.5,2.0,0,2.0,
561353,F,False,False,usa,milwaukee,MKE,42,1.0,,3.0,1.0,1138.0,951.44,1.0,2.6666666666666665,0.0,0,4.0,
561503,F,False,False,canada,toronto,YYZ,41,1.0,1.0,2.0,1.0,1530.0,1235.1205,1.3333333333333333,5.333333333333333,0.3333333333333333,0,2.0,
561519,F,True,False,canada,quebec,YQB,62,,2.0,,,14866.0,,2.5,14.5,,0,,
561642,F,False,True,usa,houston,EFD,55,,1.0,3.0,1.0,5649.2,1090.857,1.0,5.5,0.6666666666666666,0,3.0,Aman Resorts
561652,M,False,False,usa,lincoln,LNK,41,1.0,,2.0,1.3333333333333333,670.0,2130.58,1.5,2.0,0.3333333333333333,0,2.0,
561653,F,True,False,usa,charlotte,CLT,62,,1.0,3.0,1.0,1552.0,633.76,1.0,3.25,0.0,0,3.0,Hilton
561665,F,False,False,canada,victoria,YYJ,47,,,1.0,2.0,226.0,2823.36,2.0,1.0,0.0,0,1.0,
561687,F,False,False,canada,edmonton,YXD,23,,1.0,2.0,1.0,3383.0,740.37,1.0,6.666666666666667,0.0,0,1.0,
561707,F,True,True,usa,san jose,SJC,44,2.0,,,1.0,,1393.82,,,1.0,0,2.0,
561710,F,False,False,usa,los angeles,LAX,43,1.0,,2.0,1.0,1044.0,1335.28,1.0,3.0,1.0,0,3.0,
561798,F,True,False,usa,new york,LGA,51,,,3.0,1.0,970.0,1572.7400000000002,1.0,3.3333333333333335,0.0,0,3.0,
561846,F,True,False,usa,new york,JFK,42,,1.0,2.0,1.0,1155.8,947.29,1.3333333333333333,2.3333333333333335,0.5,1,2.0,
561864,F,False,False,usa,long beach,LGB,41,,1.0,2.0,1.0,3384.0,781.64,1.0,4.666666666666667,0.5,0,2.0,
561896,F,True,True,usa,new york,JFK,49,,,1.0,1.0,675.0,677.81,1.0,3.0,1.0,0,1.0,
561950,M,False,False,usa,chicago,UGN,44,,,6.0,1.1666666666666667,4058.0,1976.17,1.1666666666666667,4.333333333333333,0.8333333333333334,1,5.0,
561992,M,True,True,canada,montreal,YMX,45,,,2.0,1.0,1194.0,706.72,1.0,4.0,0.5,0,2.0,
561994,F,True,False,usa,laredo,LRD,51,,,3.0,1.0,932.0,1130.598,1.0,2.3333333333333335,0.0,0,3.0,
562010,M,False,True,usa,new york,LGA,43,2.0,,3.0,1.0,303.0,2205.24,1.0,1.0,0.6,0,5.0,
562148,F,True,False,usa,oklahoma city,TIK,40,,,4.0,1.75,2088.0,1986.318,1.75,2.25,0.5,0,3.0,NH Hotel 
562161,F,False,False,canada,vancouver,YVR,34,,,2.0,2.0,1324.8,6036.2699999999995,2.0,1.5,0.5,0,2.0,
562209,F,False,False,usa,winston-salem,INT,38,,,2.0,1.5,1854.3999999999999,2421.38,1.5,1.5,0.5,0,2.0,
562238,F,True,True,usa,new york,LGA,50,,,1.0,1.0,140.0,356.35,1.0,1.0,1.0,0,1.0,
562275,M,False,False,usa,chicago,UGN,57,,,4.0,1.0,2320.2,1141.8139999999999,1.0,3.75,0.25,1,3.0,
562315,F,True,False,usa,new york,LGA,49,,,2.0,1.0,429.0,534.3580000000001,1.0,1.0,0.0,0,2.0,
562398,F,False,False,usa,tacoma,TCM,41,,1.0,3.0,1.0,5027.4,1220.9625,1.25,5.0,0.3333333333333333,0,3.0,
562428,F,False,False,usa,colorado springs,COS,46,,,3.0,1.6666666666666667,4576.0,3486.868,1.6666666666666667,3.6666666666666665,0.3333333333333333,0,3.0,
562529,F,True,True,usa,oklahoma city,TIK,42,,,4.0,1.0,1486.6,1514.575,1.0,1.75,0.75,0,4.0,
562576,F,True,False,usa,chicago,UGN,50,1.0,2.0,,2.0,1654.6,1971.3,1.0,5.0,1.0,0,1.0,
562587,F,False,True,usa,little rock,LIT,32,,1.0,,,1017.0,,1.0,9.0,,0,,
562612,F,False,False,usa,chicago,MDW,44,,1.0,2.0,1.5,1507.0,1927.72,1.3333333333333333,4.666666666666667,1.0,1,2.0,
562708,F,True,False,usa,louisville,LOU,49,,,5.0,1.0,1882.0,926.107,1.0,1.8,0.6,0,5.0,
562814,M,False,False,usa,new york,JFK,19,,1.0,,,1518.0,,2.0,11.0,,0,,
562886,F,True,False,usa,san francisco,SFO,49,,,4.0,1.0,950.0,1213.84,1.0,1.5,1.0,0,3.0,
562888,F,True,False,usa,louisville,LOU,30,,,,,,,,,,0,,
563052,F,False,False,usa,houston,HOU,27,,1.0,,,312.0,,1.0,4.0,,0,,
563059,M,False,True,usa,cleveland,CLE,43,1.0,,3.0,1.25,1253.0,2909.23,1.3333333333333333,1.6666666666666667,0.5,1,4.0,
563162,F,False,True,canada,toronto,YKZ,36,,,3.0,1.0,411.2,1589.77,1.0,2.0,0.0,0,2.0,
563201,F,False,False,usa,los angeles,LAX,29,1.0,,2.0,1.6666666666666667,2096.0,6836.879999999999,2.0,7.5,0.0,0,3.0,
563254,F,False,False,usa,phoenix,PHX,20,,,2.0,1.0,1262.0,707.18,1.0,6.5,0.5,0,2.0,
563335,M,True,False,canada,quebec,YQB,62,,,1.0,1.0,125.0,489.69,1.0,1.0,3.0,0,1.0,
563342,F,False,False,usa,tulsa,TUL,33,,,1.0,2.0,740.0,1122.4,2.0,2.0,0.0,0,1.0,
563483,F,True,False,usa,akron,AKR,38,,1.0,4.0,1.0,3749.4,460.73,1.0,3.2,0.75,0,4.0,Aman Resorts
563489,F,False,False,usa,denver,DEN,46,1.0,1.0,3.0,1.25,1783.05,2448.5544999999997,1.25,3.75,0.25,0,4.0,
563544,F,True,True,usa,new york,LGA,52,,,3.0,1.0,2033.4,1054.62,1.0,3.6666666666666665,1.0,0,3.0,
563598,F,False,True,usa,fort worth,FTW,22,,1.0,1.0,1.0,2425.75,67.849,1.0,3.0,0.0,0,1.0,
563691,F,False,True,usa,san diego,SAN,20,,1.0,,,525.0,,1.0,5.0,,0,,
563731,F,True,False,usa,washington,IAD,51,1.0,1.0,3.0,1.25,5337.0,2870.1655,1.25,6.0,0.25,0,4.0,
563735,F,False,False,canada,vancouver,YVR,51,2.0,,3.0,1.4,3604.95,9360.2425,1.6666666666666667,5.333333333333333,0.6,0,4.0,
563736,F,True,True,usa,san jose,SJC,42,,1.0,2.0,2.0,4861.2,4890.22,1.6666666666666667,4.333333333333333,0.5,0,2.0,
563773,M,False,False,usa,mobile,MOB,32,,1.0,2.0,1.0,4429.0,416.66,1.0,5.666666666666667,0.5,0,2.0,
563787,F,False,False,usa,dallas,DAL,43,1.0,1.0,2.0,1.0,898.0,803.7195,1.0,2.6666666666666665,0.0,0,3.0,
563853,F,False,False,usa,chicago,UGN,30,1.0,,1.0,1.0,375.0,845.98,1.0,3.0,0.5,1,2.0,
563882,F,False,False,usa,portland,PDX,35,,,3.0,1.6666666666666667,3725.0,4829.929999999999,1.6666666666666667,3.6666666666666665,0.3333333333333333,0,3.0,
563956,F,False,False,usa,minneapolis,MSP,48,,,2.0,1.5,1350.0,785.85,1.5,2.0,0.5,0,2.0,
563974,F,True,True,usa,miami,MIA,59,,1.0,,,804.0,,1.0,6.0,,0,,
563995,M,False,True,usa,sacramento,MHR,29,,,2.0,2.0,2532.4,5254.1,2.0,4.0,1.0,0,2.0,
564100,F,True,False,usa,las vegas,LSV,40,1.0,1.0,4.0,1.2,4719.0,3645.8894999999998,1.6,3.2,0.6,0,5.0,Shangri-La
564219,F,False,True,usa,baltimore,BWI,44,,1.0,3.0,1.0,2258.0,707.84,1.0,3.5,0.6666666666666666,0,3.0,
564252,F,False,False,canada,calgary,YYC,44,,,3.0,1.6666666666666667,1485.0,1938.5695,1.6666666666666667,1.3333333333333333,0.3333333333333333,0,3.0,Crowne Plaza
564377,F,False,False,usa,new york,LGA,39,1.0,1.0,1.0,1.0,552.0,1016.8480000000002,1.0,3.0,0.5,0,2.0,
564430,F,False,True,canada,hamilton,YHM,44,1.0,1.0,4.0,1.8,2744.8,7076.889999999999,1.2,3.6,0.8,0,4.0,Hyatt
564495,F,False,True,usa,fresno,FAT,51,,1.0,2.0,1.0,1548.7,573.717,1.3333333333333333,2.3333333333333335,0.0,1,2.0,Wyndham
564498,F,False,False,canada,edmonton,YEG,23,,,,,,,,,,0,,
564517,F,True,False,usa,fort worth,FTW,59,,,4.0,1.0,2109.0,1249.547,1.0,4.0,1.0,0,4.0,
564534,F,True,False,usa,new york,LGA,47,,,3.0,1.0,2729.2,1259.72,1.0,4.333333333333333,0.0,0,3.0,
564588,F,False,True,usa,indianapolis,IND,20,,2.0,,,948.0,,1.0,4.0,,0,,
564593,F,False,False,usa,las vegas,LAS,30,,1.0,1.0,1.0,918.0,619.56,1.0,5.0,0.0,0,1.0,
564596,F,False,True,usa,austin,AUS,34,,,4.0,1.75,2863.0,7746.44,1.75,3.5,0.75,0,3.0,Best Western
564604,F,True,False,usa,reno,RNO,40,1.0,,2.0,1.0,818.0,797.919,1.0,1.5,1.0,0,2.0,
564606,F,False,False,usa,los angeles,LAX,38,,1.0,2.0,2.5,5008.0,6798.320000000001,2.3333333333333335,5.666666666666667,1.5,0,1.0,
564620,F,False,False,usa,fresno,FAT,44,1.0,,2.0,1.3333333333333333,2748.0,1562.6440000000002,1.5,6.0,0.3333333333333333,1,3.0,
564699,F,False,True,usa,new york,LGA,31,,,4.0,1.0,1373.0,828.63,1.0,2.25,0.5,0,4.0,
564713,F,True,True,usa,los angeles,LAX,42,2.0,,2.0,2.0,1085.0,5003.21,1.0,3.0,1.5,0,4.0,
564736,M,False,False,usa,denver,DEN,52,,,5.0,1.4,4643.6,4464.79,1.4,4.0,0.4,0,5.0,
564737,F,False,False,usa,charlotte,CLT,48,,,1.0,2.0,212.5,522.478,2.0,1.0,1.0,0,1.0,
564962,F,True,False,usa,long beach,LGB,55,,,4.0,1.0,1217.0,2034.0900000000001,1.0,1.5,0.25,0,4.0,Crowne Plaza
565070,F,False,False,canada,quebec,YQB,69,,,2.0,1.0,537.0,1181.59,1.0,2.0,1.0,0,2.0,
565076,F,False,False,usa,stockton,SCK,26,,,,,,,,,,0,,
565109,F,False,False,usa,chicago,UGN,31,1.0,,3.0,1.0,1518.0,1010.5155,1.0,2.3333333333333335,0.75,0,4.0,
565114,F,False,False,usa,philadelphia,PNE,36,2.0,1.0,1.0,1.0,1147.55,1377.2285,1.0,7.0,1.0,0,3.0,
565251,F,False,False,canada,calgary,YYC,36,,,3.0,1.0,1005.8000000000001,1540.104,1.0,2.3333333333333335,0.3333333333333333,0,3.0,
565280,F,False,False,usa,new york,JFK,22,1.0,,1.0,1.0,232.0,3286.5,1.0,2.0,0.5,0,2.0,
565419,F,False,False,usa,new york,JFK,48,2.0,,1.0,1.0,360.05,373.2415,1.0,1.0,0.6666666666666666,0,3.0,
565459,F,False,False,usa,new york,LGA,31,,,3.0,1.0,440.6,1725.701,1.0,1.6666666666666667,0.3333333333333333,0,2.0,Four Seasons
565460,F,False,True,usa,chicago,ORD,40,,1.0,2.0,1.0,2829.0,541.88,1.0,5.333333333333333,1.0,0,1.0,
565464,F,True,False,usa,san francisco,SFO,48,,,2.0,1.0,462.0,730.3299999999999,1.0,2.0,0.0,0,2.0,
565510,F,True,False,usa,houston,EFD,67,,,3.0,1.0,1127.9,957.5505,1.0,4.0,0.6666666666666666,0,3.0,
565511,F,False,False,usa,st. louis,STL,20,,,,,,,,,,1,,
565573,F,False,False,usa,fort worth,FTW,40,,,6.0,1.0,3645.0,2000.17,1.0,2.6666666666666665,1.0,0,5.0,
565764,F,False,True,canada,montreal,YUL,33,,,1.0,1.0,1200.0,91.96,1.0,5.0,1.0,0,1.0,
565768,F,False,False,canada,calgary,YYC,34,1.0,1.0,3.0,1.25,1957.0,3502.627,1.25,1.75,1.0,0,4.0,
565791,F,False,False,usa,dallas,DAL,53,,,3.0,1.0,4196.0,777.933,1.0,6.0,0.3333333333333333,0,2.0,
565826,F,False,True,usa,providence,PVD,27,,1.0,,,2112.0,,2.0,11.0,,0,,
565827,F,True,False,usa,nashville,BNA,27,,,1.0,1.0,250.0,189.77,1.0,1.0,1.0,1,1.0,
565935,F,True,False,usa,new york,LGA,55,,,3.0,1.3333333333333333,974.8,3557.7790000000005,1.3333333333333333,4.0,0.6666666666666666,0,3.0,Radisson 
566008,F,False,False,usa,chicago,ORD,40,,,5.0,1.0,3750.0,1542.76,1.0,4.8,0.6,0,5.0,Banyan Tree 
566032,M,True,False,usa,san antonio,SAT,56,1.0,,3.0,1.75,1464.0,6049.780000000001,2.0,2.3333333333333335,1.75,0,4.0,
566059,F,True,True,usa,baltimore,BWI,30,,,3.0,1.0,2071.7,772.05,1.0,4.0,0.3333333333333333,1,3.0,
566061,M,True,True,canada,toronto,YZD,54,,,3.0,1.0,564.0,1283.0,1.0,2.0,0.6666666666666666,0,3.0,
566096,F,False,True,usa,memphis,MEM,41,1.0,1.0,2.0,1.0,1216.0,863.8199999999999,1.0,2.0,0.0,0,3.0,
566275,F,False,False,usa,reno,RNO,34,,1.0,1.0,1.0,3572.0,340.26,1.0,6.5,2.0,0,1.0,
566279,F,True,False,usa,los angeles,LAX,44,,,1.0,1.0,98.0,503.93,1.0,2.0,0.0,0,1.0,
566338,F,True,False,usa,phoenix,LUF,45,,,1.0,1.0,208.0,393.4225,1.0,1.0,0.0,0,1.0,
566432,F,True,True,usa,el paso,ELP,65,,1.0,3.0,1.6666666666666667,1248.0,4833.09,1.5,2.0,0.6666666666666666,0,2.0,
566547,F,False,False,usa,richmond,RIC,44,,,2.0,1.0,1379.0,241.86450000000002,1.0,2.5,0.0,0,1.0,
566626,F,True,False,usa,san diego,SAN,52,,,1.0,1.0,288.0,32.84,1.0,1.0,0.0,0,1.0,
566702,F,False,True,usa,minneapolis,MSP,49,,1.0,2.0,1.0,2944.4,595.28,1.3333333333333333,2.6666666666666665,0.5,0,2.0,
566735,F,False,True,usa,boston,BOS,57,,,4.0,1.0,744.0,2331.3415,1.0,2.25,0.75,0,4.0,Wyndham
566770,F,True,True,canada,calgary,YYC,34,1.0,1.0,,2.0,872.0,1668.975,1.0,4.0,1.0,0,1.0,
566787,F,False,False,usa,san antonio,SKF,44,1.0,,2.0,1.3333333333333333,780.0,2705.38,1.0,2.5,0.6666666666666666,0,2.0,
566815,F,True,False,usa,new york,LGA,44,,1.0,3.0,1.0,4716.0,1085.81,1.0,7.0,0.6666666666666666,0,3.0,Four Seasons
566875,F,False,False,canada,toronto,YZD,55,1.0,,4.0,1.6,1964.0,3497.29,1.0,2.25,0.8,0,3.0,
566881,M,True,True,usa,new york,LGA,55,1.0,,4.0,1.2,1863.0,4085.234,1.25,4.25,0.8,0,4.0,
566953,F,False,True,canada,edmonton,YEG,33,,,1.0,1.0,628.0,428.58,1.0,4.0,1.0,1,1.0,
566998,F,False,True,usa,philadelphia,PHL,40,,,2.0,1.5,473.0,1312.8380000000002,1.5,1.0,0.0,0,2.0,
567052,M,False,False,usa,dallas,DAL,19,,1.0,,,665.0,,1.0,7.0,,0,,
567219,F,False,False,usa,washington,IAD,39,,,3.0,1.0,959.0,547.03,1.0,2.0,0.6666666666666666,0,3.0,
567243,F,False,True,usa,houston,IAH,35,,,1.0,1.0,1845.0,250.08,1.0,9.0,1.0,0,1.0,
567245,M,False,False,usa,wichita,ICT,73,,,,,,,,,,0,,
567432,F,False,True,canada,montreal,YMX,47,,,5.0,1.0,13494.0,1942.04,1.0,6.0,0.8,0,5.0,Shangri-La
567448,F,True,True,usa,portland,PWM,47,1.0,,1.0,1.0,122.0,769.57,1.0,2.0,0.0,0,2.0,
567458,F,False,False,usa,san antonio,RND,20,,,1.0,1.0,87.0,457.04,1.0,1.0,1.0,0,1.0,
567478,F,False,False,usa,tacoma,TCM,39,1.0,,3.0,1.25,4391.6,5380.29,1.3333333333333333,4.0,0.75,0,4.0,
567547,F,False,False,usa,san jose,SJC,36,1.0,,1.0,1.5,1032.0,3313.9700000000003,2.0,4.0,1.0,0,2.0,
567643,F,True,False,usa,chicago,MDW,42,,1.0,2.0,2.0,1957.1,999.64,1.6666666666666667,3.6666666666666665,0.5,0,2.0,Hyatt
567651,F,False,False,usa,laredo,LRD,39,,,4.0,1.0,1900.0,1524.5974999999999,1.0,2.0,0.5,0,4.0,
567778,F,False,True,usa,san diego,SAN,45,,1.0,3.0,1.0,5019.0,970.22,1.0,5.25,0.3333333333333333,0,3.0,
567943,F,False,True,usa,los angeles,LAX,35,,,,,,,,,,0,,
567950,F,True,False,usa,houston,IAH,55,,,2.0,1.5,432.0,1074.32,1.5,1.5,0.0,1,2.0,
568004,F,True,True,canada,winnipeg,YWG,56,,,3.0,1.0,1077.0,1121.55,1.0,3.0,0.6666666666666666,0,2.0,
568064,F,True,False,usa,santa ana,SNA,48,,,2.0,1.0,1909.7,830.0,1.0,10.5,1.0,0,2.0,
568078,F,True,True,usa,san jose,SJC,39,1.0,,1.0,1.0,1236.0,1406.69,1.0,6.0,0.5,0,2.0,
568086,F,False,False,usa,phoenix,LUF,61,,,1.0,1.0,327.0,335.768,1.0,1.0,0.0,0,1.0,
568155,F,False,True,usa,san jose,SJC,24,,1.0,,,5122.0,,2.0,13.0,,0,,
568167,F,False,False,usa,san diego,SAN,35,,1.0,3.0,1.3333333333333333,3500.0,3585.4230000000002,1.25,4.75,0.3333333333333333,0,3.0,
568385,F,True,False,usa,jacksonville,NZC,48,,,4.0,1.25,1228.0,2078.43,1.25,3.0,0.75,0,4.0,
568416,M,False,True,canada,saskatoon,YXE,33,,,2.0,2.0,1000.0,4480.46,2.0,3.0,0.5,0,2.0,
568463,F,False,False,usa,tampa,MCF,55,,,2.0,1.0,1499.0,339.207,1.0,4.5,0.0,0,2.0,
568486,F,True,False,canada,calgary,YYC,61,,,4.0,1.0,2313.4,1486.894,1.0,6.5,0.5,0,3.0,
568513,F,False,True,usa,new york,LGA,27,,2.0,,,1428.0,,1.0,7.5,,0,,Four Seasons
568602,F,False,True,usa,baton rouge,BTR,37,,,1.0,1.0,244.0,451.96,1.0,4.0,1.0,1,1.0,
568713,M,False,False,usa,burlington,BTV,50,,1.0,3.0,1.0,2204.0,1161.5,1.0,2.25,0.3333333333333333,0,3.0,
568790,M,False,False,usa,new orleans,MSY,54,,,3.0,1.0,1728.0,955.24,1.0,3.0,0.6666666666666666,0,3.0,
568917,F,False,False,usa,new york,LGA,25,,,,,,,,,,0,,
568984,F,True,False,canada,montreal,YMX,70,,1.0,,,1968.0,,2.0,8.0,,0,,
569107,F,False,False,usa,indianapolis,IND,21,,,,,,,,,,0,,
569150,F,False,False,usa,washington,IAD,42,1.0,,4.0,1.4,862.7,3140.9900000000002,1.0,2.25,1.0,0,5.0,Choice Hotels
569170,F,False,False,usa,des moines,DSM,43,,2.0,3.0,1.0,9858.0,948.06,1.2,4.6,1.3333333333333333,0,3.0,
569239,F,False,False,usa,phoenix,LUF,46,,,3.0,2.0,2988.5,6750.499,2.0,2.3333333333333335,0.6666666666666666,0,3.0,Four Seasons
569342,F,True,True,canada,ottawa,YOW,38,2.0,,1.0,1.0,312.0,1539.62,1.0,2.0,0.6666666666666666,0,3.0,
569458,F,False,False,canada,toronto,YYZ,34,,,1.0,1.0,917.0,98.49,1.0,7.0,1.0,0,1.0,
569466,F,True,True,usa,portland,PWM,43,,,3.0,1.0,785.0,670.96,1.0,2.3333333333333335,0.3333333333333333,0,2.0,
569472,F,True,False,usa,oklahoma city,TIK,45,,,2.0,1.0,515.7,549.45,1.0,1.0,0.0,0,2.0,Hilton
569534,F,True,False,canada,ottawa,YOW,51,3.0,,2.0,1.2,534.0,3463.8070000000002,1.0,1.5,0.6,0,4.0,
569572,F,True,True,usa,new york,LGA,44,,1.0,3.0,1.0,2832.9,796.8919999999999,1.0,4.5,0.6666666666666666,0,3.0,
569643,F,True,False,usa,philadelphia,PHL,71,,,,,,,,,,0,,
569817,M,True,False,usa,houston,IAH,38,,1.0,2.0,1.0,2249.8,139.43,1.3333333333333333,6.666666666666667,1.0,0,1.0,
569923,M,False,False,usa,san diego,SAN,26,1.0,,,1.0,,646.32,,,0.0,0,1.0,
570021,F,False,True,usa,tucson,DMA,39,,,3.0,1.3333333333333333,834.0,2887.6899999999996,1.3333333333333333,1.6666666666666667,1.0,0,2.0,
570076,F,False,False,usa,miami,TNT,32,,,1.0,1.0,1540.0,157.02,1.0,7.0,0.0,1,1.0,
570144,F,True,True,usa,indianapolis,IND,45,1.0,,3.0,1.0,342.0,1038.6399999999999,1.0,1.6666666666666667,1.0,0,4.0,Best Western
570162,F,False,True,usa,nashville,BNA,39,,1.0,3.0,1.3333333333333333,1908.9,1081.992,1.25,6.0,0.6666666666666666,0,3.0,Extended Stay 
570219,F,False,False,usa,houston,HOU,40,1.0,,3.0,1.0,551.0,1346.89,1.0,2.6666666666666665,0.75,0,4.0,
570224,F,False,False,usa,st. petersburg,SPG,39,,,2.0,1.0,856.0,592.6800000000001,1.0,2.5,0.5,0,1.0,
570226,F,False,False,canada,london,YXU,33,,,4.0,1.0,2222.0,1053.67,1.0,3.75,0.75,0,4.0,
570279,F,False,False,usa,newark,EWR,27,,,1.0,1.0,468.0,91.29,1.0,6.0,0.0,0,1.0,
570291,F,True,True,usa,jacksonville,LRF,57,,,2.0,1.0,1735.2,467.8,1.0,4.0,0.5,0,2.0,
570346,F,False,False,usa,mobile,BFM,39,,1.0,4.0,1.75,10614.0,5732.5599999999995,1.6,3.4,0.5,0,4.0,Radisson 
570369,F,True,False,usa,nashville,BNA,39,1.0,1.0,2.0,1.0,2856.75,777.2,1.0,2.6666666666666665,0.6666666666666666,0,3.0,
570601,M,True,True,usa,baltimore,BWI,40,1.0,,1.0,1.0,1576.0,393.275,1.0,8.0,1.0,0,2.0,
570631,F,True,True,usa,portland,PDX,49,,,1.0,1.0,190.0,421.463,1.0,1.0,0.0,0,1.0,
570666,F,True,False,canada,winnipeg,YAV,37,,1.0,2.0,1.0,2117.3999999999996,778.55,1.0,4.0,1.0,0,2.0,
570782,F,True,False,usa,portland,PDX,45,,1.0,4.0,1.25,19061.0,3244.4359999999997,1.4,4.4,0.25,0,4.0,
570862,F,True,False,usa,houston,IAH,80,,1.0,,,2520.0,,2.0,10.0,,0,,
570930,F,False,False,usa,new york,JFK,20,,1.0,,,712.5,,1.0,10.0,,0,,
570961,F,True,False,usa,columbus,LCK,78,,2.0,1.0,2.0,5780.0,5281.82,1.6666666666666667,6.666666666666667,1.0,0,1.0,
570988,F,True,False,usa,oklahoma city,OKC,68,,,1.0,1.0,561.0,383.4,1.0,3.0,0.0,0,1.0,
571001,M,False,False,usa,richmond,RIC,19,,1.0,,,7450.0,,2.0,5.0,,0,,
571015,F,True,False,usa,austin,AUS,32,,,5.0,1.0,4145.6,1035.5900000000001,1.0,4.0,0.4,0,5.0,
571200,F,False,False,canada,halifax,YAW,49,,1.0,4.0,1.0,1488.0,1563.756,1.0,2.8,1.0,0,4.0,
571251,F,False,False,usa,portland,PDX,62,,,1.0,1.0,151.0,486.486,1.0,1.0,0.0,0,1.0,
571363,F,False,False,usa,sacramento,MCC,48,,1.0,2.0,1.5,2175.0,1907.24,1.3333333333333333,4.666666666666667,1.0,0,1.0,
571429,F,True,True,usa,new york,LGA,44,,,2.0,1.0,692.2,901.64,1.0,1.0,1.0,0,2.0,
571560,F,False,False,usa,tulsa,TUL,53,1.0,,2.0,1.0,2021.0,915.617,1.0,4.5,0.6666666666666666,0,3.0,
571561,F,False,False,usa,des moines,DSM,34,,1.0,,,1065.6000000000001,,2.0,6.0,,0,,
571610,F,False,False,usa,los angeles,LAX,19,,,1.0,1.0,208.0,766.31,1.0,4.0,1.0,0,1.0,
571637,F,False,True,usa,seattle,BFI,43,1.0,1.0,1.0,1.0,1456.0,1187.17,1.0,8.5,1.0,0,2.0,
571639,F,True,True,usa,san francisco,SFO,43,1.0,,1.0,1.0,126.0,881.69,1.0,2.0,1.0,0,2.0,
571757,F,False,False,usa,orlando,ORL,31,,,,,,,,,,0,,
571864,F,False,False,usa,madison,MSN,39,,,3.0,1.3333333333333333,1101.0,1655.966,1.3333333333333333,3.6666666666666665,0.0,0,3.0,
571888,F,False,False,usa,el paso,BIF,42,,,3.0,1.0,1409.0,577.464,1.0,1.6666666666666667,0.3333333333333333,1,3.0,
571913,F,False,False,canada,montreal,YUL,24,,1.0,1.0,1.0,6466.1,112.9905,1.5,5.0,0.0,0,1.0,
571940,F,False,True,usa,richmond,RIC,38,,2.0,,,3424.0,,1.0,7.5,,0,,
572106,F,True,False,usa,newark,EWR,57,,1.0,,,3542.0,,1.0,11.0,,0,,
572154,F,True,True,usa,omaha,OFF,49,,1.0,,,84.0,,1.0,1.0,,0,,
572290,F,False,False,usa,chicago,ORD,44,,,6.0,1.1666666666666667,2494.6,2326.04,1.1666666666666667,2.8333333333333335,0.16666666666666666,0,6.0,Wyndham
572396,F,False,True,usa,madison,MSN,50,1.0,,2.0,1.0,1236.0,702.818,1.0,2.0,0.3333333333333333,0,3.0,
572397,F,True,True,usa,bakersfield,BFL,55,,,,,,,,,,0,,
572479,F,True,False,usa,portland,PWM,49,,,4.0,1.0,662.0,1141.52,1.0,2.75,0.25,0,3.0,
572538,M,True,False,usa,madison,MSN,55,,,3.0,1.0,2313.55,710.6600000000001,1.0,5.0,0.6666666666666666,0,3.0,
572591,F,True,False,usa,wichita,ICT,45,,,2.0,2.0,6274.0,1715.6,2.0,4.0,1.0,0,2.0,
572632,F,True,True,usa,lubbock,LBB,47,,,3.0,1.0,1116.7,823.04,1.0,2.3333333333333335,0.6666666666666666,0,3.0,
572744,F,True,False,canada,ottawa,YOW,33,,1.0,3.0,1.0,3506.8,1347.1000000000001,1.0,3.75,0.0,0,2.0,
572870,F,False,False,usa,stockton,SCK,23,,,,,,,,,,0,,
572932,F,True,False,usa,omaha,OMA,78,,,,,,,,,,0,,
573237,F,False,True,canada,calgary,YYC,38,,,1.0,1.0,348.0,399.84,1.0,2.0,1.0,0,1.0,
573244,F,False,False,usa,tacoma,TCM,40,,1.0,3.0,1.0,5823.0,2055.96,1.25,4.25,0.6666666666666666,0,2.0,
573249,M,False,False,canada,edmonton,YED,50,,,3.0,1.0,5079.3,1398.76,1.0,8.333333333333334,0.0,0,3.0,
573291,F,True,False,canada,winnipeg,YWG,59,1.0,,4.0,1.0,1268.0,1456.4229999999998,1.0,3.0,0.2,0,4.0,
573365,F,False,False,canada,toronto,YZD,22,1.0,,,1.0,,778.8755,,,0.0,0,1.0,
573378,F,True,True,usa,new york,LGA,47,,,5.0,1.4,1680.0,4445.66,1.4,2.6,0.2,0,5.0,
573379,F,True,False,canada,edmonton,YED,47,,1.0,4.0,2.0,2544.6,10916.008,1.8,1.8,0.75,0,3.0,
573420,F,False,False,usa,dallas,DAL,39,1.0,,4.0,1.2,2980.4,2748.306,1.25,2.75,0.4,0,5.0,
573518,F,True,False,usa,los angeles,LAX,45,1.0,,1.0,1.0,131.0,1399.24,1.0,1.0,0.0,0,2.0,
573648,F,False,False,usa,charlotte,CLT,41,,,3.0,1.6666666666666667,701.0,2511.32,1.6666666666666667,1.3333333333333333,0.6666666666666666,1,3.0,
573698,F,False,False,usa,laredo,LRD,33,,,1.0,1.0,1022.4,419.148,1.0,8.0,0.0,1,1.0,
573704,F,True,False,usa,new york,LGA,49,,,5.0,1.0,2360.0,2032.984,1.0,3.0,0.4,0,5.0,
573719,F,True,True,canada,saskatoon,YXE,50,1.0,,,1.0,,447.55,,,0.0,0,1.0,
573922,F,True,True,usa,tulsa,TUL,43,,,2.0,1.5,1362.0,708.256,1.5,6.0,0.0,0,2.0,
573939,F,True,False,usa,chicago,MDW,54,,2.0,2.0,1.0,4600.0,910.72,1.25,6.0,1.0,0,2.0,
573946,F,False,False,usa,tucson,TUS,52,,,2.0,1.0,527.0,687.1785,1.0,2.0,0.5,0,2.0,
574003,M,False,False,usa,new york,JFK,44,,,2.0,1.0,862.0,306.13,1.0,2.5,1.0,1,2.0,
574071,F,True,False,canada,winnipeg,YWG,47,,,4.0,1.0,1810.0,1258.58,1.0,2.5,0.5,0,4.0,
574104,F,False,False,canada,toronto,YTZ,56,,,4.0,1.0,991.0,818.5384999999999,1.0,2.25,0.5,0,4.0,
574116,F,True,True,usa,stockton,SCK,47,,1.0,,,3276.0,,2.0,7.0,,0,,
574134,F,True,False,usa,houston,HOU,45,1.0,,1.0,1.0,159.0,788.3299999999999,1.0,3.0,0.5,0,2.0,
574279,F,True,False,usa,new orleans,NBG,50,,1.0,2.0,1.0,1094.8,441.817,1.0,3.3333333333333335,1.5,0,2.0,
574362,F,False,False,usa,dallas,DAL,25,,,,,,,,,,0,,
574409,M,False,True,usa,long beach,LGB,41,,,1.0,1.0,114.0,741.89,1.0,1.0,0.0,1,1.0,
574419,M,False,False,usa,louisville,LOU,36,,,2.0,1.0,256.0,489.21,1.0,1.0,0.5,0,2.0,
574440,F,True,True,usa,san francisco,SFO,52,,,2.0,1.0,1424.0,1133.25,1.0,3.0,1.0,0,2.0,
574794,F,False,False,usa,colorado springs,COS,45,1.0,,1.0,1.5,215.9,1010.36,2.0,1.0,0.5,0,2.0,
574840,F,False,True,usa,new york,JFK,41,1.0,,2.0,1.0,3142.0,1087.6375,1.0,3.5,1.0,0,3.0,
574909,F,True,True,usa,orlando,MCO,45,,,3.0,1.0,1184.8,870.32,1.0,1.6666666666666667,1.0,0,2.0,
575051,F,False,False,usa,washington,DCA,51,1.0,,3.0,1.5,5243.8,3288.9300000000003,1.6666666666666667,2.6666666666666665,0.5,0,4.0,Conrad 
575055,F,False,False,usa,new york,LGA,41,,,4.0,1.5,4594.35,7168.91,1.5,2.75,0.5,0,4.0,
575233,F,True,False,usa,los angeles,LAX,50,,2.0,1.0,1.0,3346.4,93.64,1.0,7.333333333333333,0.0,0,1.0,InterContinental 
575299,F,True,False,usa,oklahoma city,OKC,46,,,3.0,1.6666666666666667,1896.0,3380.475,1.6666666666666667,1.3333333333333333,0.6666666666666666,0,3.0,
575419,F,False,False,usa,new york,LGA,44,2.0,1.0,2.0,1.5,5893.7,3965.15,1.3333333333333333,6.666666666666667,0.5,0,4.0,
575554,F,True,False,usa,oklahoma city,OKC,47,1.0,,,1.0,,262.04,,,0.0,1,1.0,
575561,F,True,False,usa,el paso,BIF,48,,,3.0,1.0,934.0,879.98,1.0,2.0,1.0,0,3.0,
575576,M,False,False,canada,toronto,YZD,54,,,3.0,1.0,2056.0,514.681,1.0,2.3333333333333335,0.3333333333333333,0,2.0,
575692,F,False,True,usa,washington,IAD,27,,,,,,,,,,0,,
575711,F,True,True,usa,santa ana,SNA,51,,1.0,2.0,1.0,3397.0,1051.51,1.0,9.333333333333334,1.0,0,2.0,
575733,F,True,False,usa,tallahassee,TLH,49,,,,,,,,,,0,,
575774,F,True,False,usa,oakland,OAK,43,,,3.0,1.0,1814.0,1492.39,1.0,4.0,0.3333333333333333,0,3.0,
575809,F,True,False,usa,los angeles,LAX,51,,1.0,2.0,1.0,2077.0,1263.21,1.0,4.0,0.0,0,2.0,
575908,F,False,True,usa,san jose,SJC,32,,,2.0,1.5,1384.0,2821.3,1.5,2.0,1.0,1,2.0,
575923,F,True,True,usa,washington,DCA,42,,1.0,1.0,2.0,4844.0,262.98,1.5,12.5,0.0,0,1.0,
576040,M,False,False,usa,riverside,RIV,30,,,2.0,1.0,393.25,879.27,1.0,2.0,0.0,0,2.0,
576103,F,True,True,usa,sacramento,MCC,53,,,1.0,1.0,103.0,99.94,1.0,1.0,1.0,1,1.0,
576136,F,False,False,usa,tulsa,TUL,53,,1.0,2.0,1.0,5785.4,415.798,1.3333333333333333,5.0,0.5,0,2.0,
576357,F,True,False,usa,seattle,BFI,35,,1.0,1.0,1.0,1839.0,115.85,2.0,5.0,1.0,0,1.0,
576366,F,False,False,canada,toronto,YTZ,47,1.0,,2.0,1.0,571.0,848.32,1.0,4.5,0.6666666666666666,0,3.0,
576369,F,True,False,usa,tulsa,TUL,50,,,1.0,1.0,254.0,64.81,1.0,2.0,0.0,0,1.0,
576541,F,True,True,usa,houston,IAH,47,1.0,,2.0,2.0,336.0,4309.542,1.0,1.0,1.3333333333333333,0,3.0,
576612,F,False,False,usa,austin,AUS,40,1.0,,4.0,1.6,5490.0,5799.0199999999995,1.75,3.75,0.2,0,4.0,
576785,M,True,True,usa,cincinnati,CVG,34,,,,,,,,,,0,,
576849,F,True,False,usa,houston,EFD,40,,1.0,2.0,1.0,3806.0,855.71,1.0,7.666666666666667,1.0,1,2.0,
576879,F,True,True,usa,baton rouge,BTR,39,,,1.0,1.0,155.0,338.3,1.0,1.0,1.0,0,1.0,
576922,F,False,False,usa,new york,LGA,19,,,,,,,,,,0,,
576962,F,False,False,usa,chicago,UGN,47,1.0,2.0,,1.0,1167.0,2547.78,1.0,7.0,0.0,0,1.0,
576966,F,False,False,usa,memphis,MEM,57,,,2.0,1.0,1032.0,507.06000000000006,1.0,3.0,0.0,0,2.0,
577046,F,True,True,usa,new york,JFK,44,,,1.0,1.0,177.0,94.26,1.0,3.0,0.0,0,1.0,
577074,F,True,False,usa,chicago,ORD,55,,1.0,3.0,1.0,2257.0,429.13,1.25,3.0,0.6666666666666666,0,3.0,
577145,F,False,False,usa,wichita,IAB,45,1.0,2.0,3.0,1.75,4124.0,2917.549,1.8,4.4,1.5,0,4.0,Fairmont
577180,F,True,False,usa,new york,JFK,51,,,5.0,1.0,2327.0,1110.1889999999999,1.0,3.4,0.6,0,5.0,Hilton
577255,F,False,False,usa,las vegas,LSV,48,,1.0,2.0,2.0,1376.3,3379.824,2.0,2.0,0.5,0,2.0,
577287,F,False,True,canada,montreal,YUL,46,,,3.0,1.0,1467.95,1819.6100000000001,1.0,5.666666666666667,0.6666666666666666,1,3.0,
577356,F,True,True,usa,washington,IAD,42,,,1.0,1.0,40.0,494.342,1.0,1.0,0.0,0,1.0,
577381,F,True,True,usa,tacoma,TCM,49,,,,,,,,,,0,,
577534,F,True,False,usa,san antonio,SKF,27,,,1.0,2.0,398.0,1104.75,2.0,1.0,1.0,0,1.0,
577539,F,False,True,usa,new york,JFK,36,,,2.0,1.0,2054.0,281.91,1.0,2.0,1.0,0,2.0,
577617,F,True,False,canada,toronto,YTZ,28,2.0,,3.0,1.0,1219.0,1047.1725000000001,1.0,2.0,0.6,0,4.0,
577625,F,False,True,usa,austin,AUS,44,1.0,,1.0,1.0,334.0,935.75,1.0,1.0,0.5,0,2.0,
577638,F,False,False,canada,winnipeg,YWG,40,,,5.0,1.0,3372.7,1585.8525,1.0,3.0,0.6,0,3.0,
577901,F,True,True,usa,jacksonville,NZC,31,,,,,,,,,,1,,
577921,F,False,False,usa,phoenix,LUF,28,,1.0,1.0,1.0,3281.0,53.15,1.0,6.0,0.0,0,1.0,
577944,F,True,False,usa,san diego,NZY,71,,1.0,,,788.4,,2.0,6.0,,0,,
577984,F,False,True,usa,el paso,ELP,49,,,3.0,1.0,1870.0,1119.62,1.0,4.0,0.3333333333333333,0,3.0,
578164,F,False,True,usa,denver,DEN,45,,,2.0,1.0,264.0,636.27,1.0,1.5,0.5,0,2.0,
578396,F,True,True,usa,riverside,RIV,57,,2.0,1.0,1.0,3531.0,690.99,1.0,5.0,1.0,0,1.0,
578503,F,True,False,usa,louisville,LOU,52,,1.0,2.0,1.0,1914.6,306.7,1.0,4.333333333333333,1.0,0,2.0,
578549,F,True,False,usa,austin,AUS,41,,,4.0,1.0,3270.1,1352.02,1.0,5.75,0.5,0,4.0,
578607,F,False,False,usa,oakland,OAK,41,2.0,1.0,3.0,1.0,2410.0,1370.6090000000002,1.25,1.5,0.8,0,4.0,Wyndham
578866,F,True,True,usa,los angeles,LAX,43,,,,,,,,,,0,,
578892,F,False,True,usa,fresno,FAT,36,,,4.0,1.0,812.0,2002.26,1.0,1.75,0.5,0,4.0,
578929,F,True,False,usa,los angeles,LAX,39,1.0,,2.0,1.3333333333333333,642.0,2104.719,1.5,1.5,0.6666666666666666,0,3.0,
578938,F,True,False,usa,new york,JFK,48,1.0,1.0,3.0,1.0,3572.8,1946.37,1.0,4.25,1.25,0,4.0,
578947,F,True,True,usa,el paso,BIF,50,,1.0,3.0,1.0,3085.4,921.724,1.0,5.75,0.3333333333333333,0,3.0,Accor
579021,M,False,False,usa,omaha,OMA,39,,,1.0,1.0,102.0,396.55,1.0,1.0,1.0,0,1.0,
579065,F,True,True,usa,louisville,LOU,52,,,4.0,1.0,3354.0,959.4805,1.0,3.5,0.5,0,4.0,Radisson 
579230,M,False,False,usa,baltimore,BWI,47,1.0,,,1.0,,216.93,,,1.0,0,1.0,
579275,F,True,False,canada,calgary,YYC,47,,1.0,3.0,1.0,1245.0,1401.114,1.0,2.5,0.3333333333333333,1,3.0,
579323,F,False,True,usa,new york,JFK,30,,,3.0,1.0,868.6,963.67,1.0,1.6666666666666667,1.0,0,3.0,
579404,F,False,False,usa,san diego,SAN,40,,,4.0,1.5,1352.0,4287.4400000000005,1.5,2.25,0.0,0,4.0,
579547,F,True,False,usa,columbus,LCK,48,1.0,,2.0,1.3333333333333333,1883.0,2692.15,1.5,4.0,1.0,0,3.0,
579589,F,True,False,usa,houston,EFD,51,1.0,,5.0,1.5,4059.05,5825.632,1.6,2.0,0.16666666666666666,0,6.0,Shangri-La
579707,F,True,True,usa,colorado springs,COS,45,,,2.0,1.5,666.0,1127.58,1.5,1.5,0.5,0,2.0,
579714,F,True,False,usa,mobile,MOB,87,,2.0,,,3685.0,,2.0,10.0,,0,,
579783,F,False,False,canada,ottawa,YOW,27,,,,,,,,,,0,,
579829,F,False,False,canada,calgary,YYC,61,,,3.0,1.0,541.0,1334.6799999999998,1.0,1.3333333333333333,0.6666666666666666,0,3.0,
579846,F,False,False,usa,new york,LGA,28,,1.0,,,2479.5,,1.0,19.0,,0,,
579999,F,False,False,usa,new york,LGA,19,,1.0,,,260.0,,2.0,2.0,,0,,
580026,F,True,False,usa,new york,LGA,78,,,,,,,,,,0,,
580077,F,True,False,usa,tampa,TPA,35,,1.0,1.0,1.0,968.0,242.83,1.0,4.0,0.0,0,1.0,
580460,F,False,True,usa,colorado springs,COS,45,1.0,,2.0,1.0,726.0,627.2955000000001,1.0,5.0,0.3333333333333333,0,3.0,
580578,F,False,True,canada,toronto,YTZ,45,,,4.0,1.25,1566.0,3960.85,1.25,2.25,0.25,0,4.0,
580626,F,True,False,usa,santa ana,SNA,54,1.0,,2.0,1.3333333333333333,889.0,3656.07,1.0,4.5,0.3333333333333333,0,3.0,
580944,F,True,True,canada,winnipeg,YWG,43,1.0,1.0,1.0,1.0,1827.4,795.3199999999999,1.0,6.5,0.5,0,2.0,
580971,M,False,False,canada,toronto,YTZ,45,,,2.0,1.0,1926.0,842.47,1.0,5.0,0.0,0,2.0,
581085,F,True,True,usa,new york,JFK,29,,,3.0,1.0,1158.5,1235.54,1.0,2.0,0.3333333333333333,1,3.0,
581091,M,False,False,usa,dallas,DAL,34,,,4.0,1.0,1793.0,1630.97,1.0,3.25,0.75,0,4.0,
581110,F,True,True,usa,tulsa,TUL,46,,,,,,,,,,0,,
581111,O,True,True,usa,las vegas,LSV,47,1.0,,3.0,1.0,1303.2,1418.58,1.0,2.3333333333333335,0.5,0,4.0,
581269,F,True,False,usa,san jose,SJC,51,,,4.0,1.0,1795.0,2878.79,1.0,2.0,0.25,0,2.0,Fairmont
581307,F,False,False,usa,san antonio,SAT,33,,1.0,2.0,1.0,4247.8,961.28,1.3333333333333333,5.666666666666667,0.0,0,2.0,
581365,F,False,False,usa,omaha,OFF,34,,,1.0,1.0,378.0,287.72,1.0,2.0,2.0,0,1.0,
581388,F,False,False,usa,denver,DEN,28,,,1.0,1.0,364.0,423.58599999999996,1.0,7.0,1.0,0,1.0,
581409,F,False,True,usa,louisville,LOU,40,1.0,,2.0,1.6666666666666667,1452.0,5108.297,1.0,2.5,0.3333333333333333,0,3.0,
581412,F,False,False,usa,charlotte,CLT,50,,,2.0,1.0,1299.0,510.43999999999994,1.0,3.0,1.0,0,2.0,
581438,M,True,False,usa,new york,JFK,42,,,3.0,2.0,2465.0,3320.3650000000002,2.0,5.0,1.0,0,3.0,
581461,F,False,False,usa,new york,LGA,20,,1.0,,,302.0,,2.0,1.0,,0,,
581527,F,True,False,usa,san antonio,SAT,39,1.0,1.0,3.0,1.0,2180.65,1676.89,1.0,2.75,0.25,0,4.0,
581666,F,True,False,usa,reno,RNO,54,,,3.0,1.0,4937.0,1901.4299999999998,1.0,8.333333333333334,0.6666666666666666,0,3.0,
581679,F,False,True,canada,toronto,YTZ,22,,,,,,,,,,1,,
581685,F,True,True,usa,new york,LGA,60,,,1.0,1.0,89.0,398.57,1.0,1.0,1.0,0,1.0,
581721,F,False,False,canada,toronto,YKZ,45,,,5.0,1.2,3343.0,2487.99,1.2,5.6,0.4,0,5.0,
581729,F,False,False,usa,st. petersburg,SPG,70,,,,,,,,,,1,,
581770,F,True,True,canada,vancouver,YVR,58,,1.0,1.0,1.0,1082.0,490.36,1.0,4.0,0.0,0,1.0,
581835,F,False,False,usa,detroit,DTW,41,,1.0,4.0,1.5,5642.95,1836.286,1.4,3.0,0.75,0,4.0,
581858,F,True,False,usa,los angeles,LAX,49,1.0,,1.0,1.0,46.75,1015.93,1.0,1.0,0.5,0,2.0,
581901,F,True,False,usa,new orleans,NBG,56,1.0,1.0,3.0,1.0,2182.0,1149.9545,1.0,1.75,0.25,0,3.0,
582002,F,False,False,usa,tulsa,TUL,20,,,,,,,,,,0,,
582011,F,True,True,usa,baltimore,BWI,66,,,4.0,1.25,3694.0,3007.7039999999997,1.25,2.25,0.75,0,4.0,
582227,F,False,True,canada,halifax,YHZ,33,1.0,1.0,2.0,1.0,2688.0,1511.4005,1.0,5.666666666666667,0.3333333333333333,0,3.0,
582241,F,True,False,usa,bakersfield,BFL,43,,,,,,,,,,0,,
582482,F,True,False,usa,brownsville,BRO,42,,1.0,1.0,1.0,392.0,584.72,1.5,2.5,1.0,0,1.0,
582484,F,True,True,usa,indianapolis,IND,41,,,3.0,1.0,627.0,621.58,1.0,1.6666666666666667,0.6666666666666666,0,3.0,
582577,F,True,True,usa,dallas,DAL,43,,,3.0,1.0,1065.0,1092.88,1.0,1.6666666666666667,0.6666666666666666,0,3.0,Aman Resorts
582636,F,False,False,usa,omaha,OFF,53,,,2.0,1.0,771.0,598.55,1.0,1.5,1.0,0,2.0,
582903,F,False,False,canada,toronto,YZD,25,,,,,,,,,,1,,
582995,F,False,False,usa,omaha,OFF,42,1.0,1.0,2.0,1.0,1561.0,804.89,1.0,3.3333333333333335,0.3333333333333333,0,3.0,
583016,F,True,True,usa,laredo,LRD,45,,,1.0,1.0,126.0,42.69,1.0,2.0,0.0,0,1.0,
583087,F,True,True,usa,chicago,UGN,48,,,3.0,1.3333333333333333,1590.4,1291.75,1.3333333333333333,3.6666666666666665,0.3333333333333333,0,2.0,
583120,F,True,True,usa,stockton,SCK,55,,,1.0,1.0,573.0,796.57,1.0,3.0,1.0,1,1.0,
583134,F,False,False,usa,minneapolis,MSP,36,,,1.0,1.0,231.0,195.55749999999998,1.0,1.0,1.0,0,1.0,
583190,F,False,False,usa,honolulu,HNL,23,,,,,,,,,,0,,
583200,F,True,False,usa,new york,LGA,42,1.0,,1.0,1.0,648.0,1044.656,1.0,4.0,1.0,0,2.0,
583297,F,True,True,usa,los angeles,LAX,56,,,4.0,1.0,2448.0,2223.502,1.0,3.25,0.5,0,4.0,
583336,F,False,True,usa,columbus,CMH,38,,1.0,1.0,1.0,1796.0,280.75,1.0,6.0,0.0,0,1.0,
583483,F,True,False,usa,philadelphia,PNE,38,,,1.0,1.0,280.0,523.536,1.0,2.0,0.0,0,1.0,
583486,F,True,False,usa,houston,HOU,47,,,4.0,1.5,2360.0,4936.32,1.5,2.25,1.0,0,4.0,
583526,F,False,True,usa,san jose,SJC,33,,1.0,2.0,1.0,2061.0,1069.98,1.0,5.0,0.5,0,1.0,
583612,F,False,True,usa,st. louis,STL,41,1.0,,3.0,1.25,3656.0,12735.7,1.0,8.0,0.5,0,4.0,
583623,F,False,True,usa,tucson,TUS,57,,,1.0,1.0,426.0,633.95,1.0,3.0,0.0,0,1.0,
583764,F,False,True,usa,honolulu,HNL,46,,,2.0,2.5,3831.0,13446.99,2.5,3.0,2.5,0,2.0,
583976,F,True,False,usa,los angeles,LAX,40,,,2.0,1.0,1347.3000000000002,424.86199999999997,1.0,3.0,0.0,0,2.0,
584134,F,False,True,usa,reno,RNO,42,,,2.0,1.0,862.0,1155.25,1.0,1.5,0.0,0,2.0,
584185,F,True,True,usa,winston-salem,INT,50,,,1.0,1.0,73.8,127.09,1.0,1.0,2.0,0,1.0,
584217,F,False,False,usa,brownsville,BRO,54,,,,,,,,,,0,,
584247,F,False,False,canada,calgary,YYC,41,,,3.0,1.3333333333333333,1778.0,3060.0099999999998,1.3333333333333333,1.6666666666666667,0.6666666666666666,0,3.0,
584423,F,False,False,usa,tampa,TPA,37,,,2.0,1.0,437.34999999999997,556.88,1.0,2.0,0.0,0,2.0,
584459,F,True,True,usa,richmond,RIC,39,,1.0,1.0,1.0,3856.0,346.13,1.0,6.5,1.0,0,1.0,
584530,F,True,True,usa,brownsville,BRO,45,,,4.0,1.5,5846.8,5211.669,1.5,5.5,1.0,0,3.0,
584531,M,True,True,usa,shreveport,BAD,46,,,2.0,1.0,3046.0,417.396,1.0,2.5,0.5,0,2.0,
584549,F,False,False,usa,st. louis,STL,57,,1.0,2.0,1.0,1365.0,224.581,1.0,2.0,0.5,1,2.0,
584591,F,False,False,usa,new york,JFK,43,,,3.0,1.0,352.0,358.64,1.0,1.0,0.6666666666666666,0,2.0,Choice Hotels
584666,M,True,False,usa,milwaukee,MKE,52,,1.0,3.0,1.6666666666666667,2737.0,976.5,1.5,2.5,1.6666666666666667,0,3.0,
584843,F,True,True,usa,san diego,SAN,57,,,1.0,1.0,102.0,711.6,1.0,1.0,0.0,1,1.0,
584844,F,False,False,usa,oakland,OAK,45,,,3.0,1.3333333333333333,1255.0,2520.984,1.3333333333333333,2.6666666666666665,1.3333333333333333,0,3.0,
585138,F,True,False,usa,los angeles,LAX,68,,,,,,,,,,0,,
585585,F,False,False,usa,new york,JFK,49,,,7.0,1.4285714285714286,13083.0,7306.5199999999995,1.4285714285714286,4.285714285714286,0.2857142857142857,0,6.0,Shangri-La
585595,F,False,False,usa,washington,IAD,45,1.0,,1.0,1.0,540.0,2905.05,1.0,2.0,0.5,0,2.0,
585722,F,True,False,canada,montreal,YMX,36,,1.0,2.0,1.0,975.6,908.808,1.0,2.0,0.5,0,2.0,
585745,F,True,False,usa,lubbock,LBB,49,1.0,,3.0,1.0,1412.3,1262.62,1.0,2.3333333333333335,0.0,0,3.0,
585882,F,True,False,usa,des moines,DSM,52,,1.0,2.0,1.5,2845.0,1894.17,1.3333333333333333,6.666666666666667,1.5,0,2.0,
585965,F,False,False,usa,fort worth,FTW,50,,,3.0,1.0,1181.0,801.59,1.0,3.0,0.6666666666666666,0,3.0,
585986,M,True,True,canada,calgary,YYC,46,,,1.0,1.0,75.0,360.38,1.0,1.0,0.0,0,1.0,
586006,F,False,True,usa,los angeles,LAX,44,,,3.0,1.0,1366.0,1300.17,1.0,3.3333333333333335,1.0,0,3.0,
586038,F,False,False,canada,calgary,YYC,29,,,4.0,1.0,1232.0,1726.6599999999999,1.0,2.25,0.75,0,4.0,NH Hotel 
586063,M,False,False,canada,hamilton,YHM,45,,,1.0,2.0,1448.0,1289.98,2.0,2.0,0.0,1,1.0,
586077,F,True,False,usa,new york,JFK,50,,,3.0,1.0,2265.0,983.63,1.0,2.3333333333333335,0.0,0,3.0,
586122,M,True,False,usa,indianapolis,IND,53,,,2.0,1.0,469.0,452.5,1.0,1.5,0.0,0,2.0,
586124,M,False,False,usa,louisville,LOU,45,,,2.0,1.0,1047.5,430.09000000000003,1.0,5.0,1.0,0,2.0,
586192,F,True,False,usa,lincoln,LNK,51,,,1.0,1.0,404.0,207.0,1.0,2.0,1.0,1,1.0,
586251,F,False,True,usa,long beach,LGB,38,,,2.0,1.0,699.2,807.3399999999999,1.0,6.5,1.0,1,2.0,
586312,F,False,False,usa,new york,JFK,46,,,3.0,1.0,749.0,1777.3600000000001,1.0,1.3333333333333333,0.6666666666666666,0,3.0,
586631,F,False,True,usa,nashville,BNA,37,1.0,,1.0,1.0,110.0,315.26,1.0,1.0,1.0,0,2.0,
586672,F,False,False,usa,baltimore,BWI,28,1.0,,3.0,1.25,906.0,2135.0724999999998,1.0,3.0,0.5,0,3.0,
586701,M,False,False,usa,philadelphia,PNE,44,,1.0,3.0,1.0,2472.0,560.879,1.0,4.5,0.3333333333333333,0,3.0,Aman Resorts
586721,F,False,False,usa,new york,LGA,19,,,,,,,,,,1,,
586732,F,False,False,canada,london,YXU,34,,,4.0,1.0,1867.0,915.99,1.0,3.75,1.0,0,4.0,
586803,F,True,True,usa,corpus christi,CRP,38,,1.0,,,1080.0,,2.0,4.0,,0,,
586887,F,True,False,usa,santa ana,SNA,40,,,5.0,1.2,3263.0,3427.5299999999997,1.2,1.8,0.2,0,4.0,Marriott 
586936,F,False,False,usa,tucson,DMA,51,,1.0,1.0,3.0,2661.6000000000004,3656.94,2.0,11.5,1.0,0,1.0,
587134,F,False,False,usa,new york,JFK,42,,,1.0,1.0,279.0,573.4185,1.0,1.0,0.0,0,1.0,
587195,M,False,True,usa,corpus christi,CRP,66,,,1.0,1.0,172.0,463.91349999999994,1.0,2.0,0.0,0,1.0,
587233,F,True,True,usa,new york,JFK,57,,,,,,,,,,0,,
587234,F,False,True,canada,toronto,YZD,42,,,2.0,1.0,1077.55,283.96000000000004,1.0,3.5,0.5,1,2.0,
587304,F,True,False,usa,chicago,MDW,51,,1.0,2.0,1.0,1100.7,273.003,1.0,3.0,1.0,0,2.0,
587313,F,False,False,usa,new york,JFK,31,,2.0,1.0,1.0,5995.0,94.911,1.0,9.666666666666666,0.0,0,1.0,Accor
587373,F,True,False,usa,jacksonville,NCA,54,,1.0,4.0,1.5,5373.0,1728.0300000000002,1.4,6.6,0.75,0,4.0,Marriott 
587459,F,True,False,usa,philadelphia,PNE,50,2.0,,2.0,1.0,299.0,1417.08,1.0,1.0,0.25,0,4.0,
587601,F,True,False,canada,toronto,YYZ,73,,,,,,,,,,0,,
587753,F,True,False,usa,san antonio,RND,75,,1.0,,,314.0,,1.0,2.0,,0,,
587754,F,True,True,usa,austin,AUS,51,,,1.0,1.0,170.0,445.54,1.0,1.0,0.0,1,1.0,
587802,F,False,False,usa,los angeles,LAX,51,,,2.0,1.0,2211.0,1233.08,1.0,9.5,0.5,0,2.0,
587810,F,False,True,usa,lincoln,LNK,55,1.0,,2.0,1.3333333333333333,2018.0,1500.373,1.0,4.0,0.6666666666666666,0,2.0,
587899,F,False,False,usa,tampa,MCF,38,,,2.0,1.5,514.0,1364.28,1.5,1.0,0.0,0,2.0,
588313,F,False,False,usa,new york,JFK,20,,,1.0,1.0,372.0,768.72,1.0,2.0,1.0,0,1.0,
588355,F,True,False,usa,los angeles,LAX,49,,,3.0,1.6666666666666667,1219.0,5714.84,1.6666666666666667,2.0,0.6666666666666666,0,3.0,
588370,M,True,True,canada,calgary,YYC,41,1.0,2.0,1.0,1.0,4938.2,667.086,1.3333333333333333,6.0,1.0,0,2.0,
588386,F,False,False,usa,cleveland,CLE,36,,,2.0,1.0,1138.0,2735.38,1.0,6.0,1.0,0,2.0,
588391,F,False,True,usa,kansas city,MCI,50,,,2.0,1.5,1581.0,877.81,1.5,4.0,0.5,0,2.0,
588414,F,False,False,usa,new york,JFK,53,,,3.0,1.6666666666666667,13062.05,4663.6,1.6666666666666667,5.333333333333333,0.0,0,3.0,
588526,F,False,True,usa,baltimore,BWI,19,,,,,,,,,,0,,
588560,F,False,False,usa,chicago,MDW,26,,,,,,,,,,0,,
588582,F,False,False,usa,chicago,MDW,50,,,2.0,2.5,1240.0,2642.33,2.5,1.0,0.5,0,2.0,
588797,M,True,True,canada,victoria,YYJ,46,,,2.0,2.5,1098.0,10386.230000000001,2.5,1.5,2.0,1,2.0,
588820,F,False,False,usa,cincinnati,LUK,47,,,4.0,1.0,2695.5,1310.9940000000001,1.0,3.5,0.75,0,4.0,
588970,F,False,True,usa,omaha,OFF,26,,3.0,,,4691.8,,1.0,9.666666666666666,,0,,
589008,F,False,False,canada,halifax,YAW,20,,,,,,,,,,0,,
589154,F,True,True,usa,washington,DCA,40,,1.0,3.0,1.0,18033.0,1019.311,1.25,13.25,0.3333333333333333,0,3.0,
589164,F,True,True,usa,oklahoma city,TIK,47,,,4.0,1.0,3868.0,1370.41,1.0,5.0,0.25,0,4.0,
589306,F,False,True,usa,new york,LGA,42,,,4.0,1.0,1658.1,1049.96,1.0,2.5,0.75,0,4.0,
589404,F,False,True,usa,new orleans,MSY,42,,1.0,2.0,1.0,3945.0,574.54,1.6666666666666667,7.0,0.0,1,2.0,
589405,F,True,True,canada,ottawa,YOW,44,,1.0,1.0,1.0,1232.0,124.69,1.0,2.5,1.0,0,1.0,
589489,F,False,False,usa,new york,JFK,44,1.0,1.0,5.0,1.0,3337.4,2862.371,1.0,3.3333333333333335,0.3333333333333333,0,6.0,Best Western
589539,F,False,False,usa,richmond,RIC,24,,2.0,,,16598.0,,2.0,10.0,,0,,
589630,F,True,True,usa,charlotte,CLT,51,1.0,1.0,2.0,1.3333333333333333,2722.2,2215.14,1.3333333333333333,6.666666666666667,0.0,0,3.0,
589650,F,False,False,canada,montreal,YHU,41,,1.0,2.0,1.5,1158.0,1312.448,1.6666666666666667,1.6666666666666667,0.5,0,2.0,
589758,F,True,False,usa,washington,IAD,49,,1.0,4.0,1.0,1253.0,1834.5075000000002,1.0,2.2,0.5,0,4.0,Hilton
589775,F,False,False,canada,london,YXU,51,,1.0,2.0,1.5,642.2,808.01,1.3333333333333333,2.0,0.5,0,2.0,Accor
589812,F,True,True,usa,newark,EWR,51,,,1.0,1.0,445.54999999999995,590.36,1.0,1.0,1.0,0,1.0,
589868,F,True,False,usa,san diego,SAN,44,,1.0,2.0,1.0,555.0,1494.5500000000002,1.0,1.3333333333333333,0.5,0,1.0,
589884,O,True,False,usa,minneapolis,MSP,29,1.0,1.0,1.0,1.0,958.0,488.42,1.0,7.0,1.5,0,2.0,
589977,F,True,False,canada,toronto,YYZ,53,,,4.0,1.0,1962.0,571.5654999999999,1.0,2.5,0.5,0,3.0,Conrad 
590040,F,False,False,canada,montreal,YHU,41,1.0,1.0,4.0,1.0,4274.2,1118.063,1.0,4.6,0.6,0,4.0,Fairmont
590077,F,False,False,usa,los angeles,LAX,41,,,2.0,1.0,763.7,786.01,1.0,2.0,0.5,1,2.0,
590123,F,True,False,usa,minneapolis,MSP,61,,,1.0,2.0,1248.0,4720.34,1.0,12.0,1.0,0,1.0,
590163,F,False,True,usa,philadelphia,PHL,43,,1.0,3.0,1.3333333333333333,3113.0,1270.524,1.5,3.5,0.0,0,3.0,Hyatt
590202,F,False,False,usa,new york,JFK,46,,,4.0,1.25,2421.0,2518.757,1.25,2.25,0.5,0,4.0,
590227,F,False,False,canada,toronto,YYZ,51,,,2.0,2.0,2298.3999999999996,1047.4644999999998,2.0,3.0,1.0,0,2.0,
590379,F,True,False,usa,san francisco,SFO,55,,,4.0,1.25,2390.0,4215.86,1.25,2.25,0.25,0,3.0,
590397,F,False,False,usa,memphis,MEM,19,,2.0,,,2865.0,,1.0,11.5,,0,,
590412,F,False,False,usa,bakersfield,BFL,43,,,1.0,1.0,240.0,715.86,1.0,2.0,1.0,0,1.0,
590420,F,False,True,usa,santa ana,SNA,29,,2.0,2.0,1.0,2452.0,924.663,1.0,3.75,0.5,1,2.0,
590468,F,False,False,usa,new york,JFK,25,1.0,1.0,,1.0,781.0,25.032,1.0,11.0,1.0,0,1.0,
590471,F,True,False,canada,toronto,YTZ,57,2.0,,2.0,1.75,616.0,13192.999999999998,1.5,1.0,0.75,0,4.0,
590473,F,True,False,usa,new york,LGA,50,1.0,,1.0,1.0,78.0,1420.33,1.0,1.0,0.0,0,2.0,
590659,F,False,False,usa,milwaukee,MKE,37,,1.0,,,360.0,,1.0,4.0,,0,,
590697,F,False,False,usa,cleveland,CLE,45,,2.0,1.0,3.0,3483.0,1050.78,1.6666666666666667,4.333333333333333,0.0,0,1.0,
590843,F,True,True,usa,columbus,LCK,37,,2.0,,,4387.0,,1.5,12.0,,0,,
590954,F,True,False,usa,little rock,LIT,48,,,3.0,1.3333333333333333,753.5999999999999,2567.76,1.3333333333333333,2.3333333333333335,0.6666666666666666,0,3.0,
590981,F,True,False,usa,philadelphia,PHL,41,,1.0,2.0,1.0,2328.0,667.9499999999999,1.3333333333333333,2.6666666666666665,1.0,0,2.0,
591063,F,True,False,canada,toronto,YTZ,56,1.0,,,1.0,,561.31,,,1.0,1,1.0,
591097,F,False,True,usa,houston,IAH,46,,1.0,3.0,1.0,1181.0,1154.78,1.0,1.5,0.6666666666666666,0,3.0,
591328,F,False,False,usa,newark,EWR,39,,,,,,,,,,0,,
591381,F,False,False,usa,des moines,DSM,25,,1.0,1.0,1.0,19790.0,144.33,1.5,6.0,1.0,0,1.0,
591714,F,True,False,usa,charlotte,CLT,50,1.0,1.0,4.0,1.2,1645.0,1460.4,1.0,2.2,0.6,0,5.0,
591888,F,True,False,usa,denver,DEN,54,,,5.0,1.0,1929.15,1222.008,1.0,2.2,0.6,0,5.0,Wyndham
592079,F,False,False,usa,san francisco,SFO,19,,,,,,,,,,0,,
592132,F,False,False,usa,chicago,ORD,39,,1.0,1.0,1.0,625.0,458.88,1.0,3.0,2.0,0,1.0,
592366,F,False,True,canada,toronto,YKZ,39,,1.0,2.0,1.0,3080.6,370.86,1.0,3.0,0.5,0,2.0,
592371,F,False,False,usa,tallahassee,TLH,50,1.0,1.0,2.0,1.3333333333333333,2351.0,2241.92,1.3333333333333333,4.666666666666667,0.6666666666666666,0,3.0,
592378,F,False,False,usa,new york,LGA,20,,,,,,,,,,1,,
592403,M,False,False,canada,edmonton,YED,82,,1.0,,,2242.0,,2.0,5.0,,1,,
592886,F,True,False,usa,st. petersburg,SPG,49,,,3.0,1.3333333333333333,1808.0,749.06,1.3333333333333333,2.0,0.3333333333333333,0,3.0,
592929,F,False,False,usa,new york,JFK,50,1.0,,2.0,1.0,2274.0,777.9,1.0,5.5,0.6666666666666666,0,3.0,
593350,F,False,True,usa,sacramento,MHR,50,,,4.0,1.5,3967.0,2772.7400000000002,1.5,3.5,0.5,0,3.0,
593385,F,True,True,usa,new york,JFK,47,,,4.0,1.5,3535.4,6239.41,1.5,4.75,1.0,0,3.0,
593398,F,False,False,usa,atlanta,ATL,25,,,,,,,,,,0,,
593401,F,False,False,usa,tallahassee,TLH,40,1.0,,1.0,1.0,300.0,528.53,1.0,2.0,0.5,0,2.0,
593494,F,True,False,usa,new york,LGA,58,,,3.0,1.0,688.0,1019.48,1.0,2.0,0.0,0,3.0,
593536,F,True,True,usa,houston,EFD,48,1.0,1.0,3.0,1.0,3316.0,1358.45,1.0,4.0,0.75,0,4.0,
593672,F,False,False,usa,brownsville,BRO,34,,2.0,1.0,2.0,4807.4,1762.545,1.3333333333333333,5.333333333333333,1.0,0,1.0,
593833,F,False,False,usa,detroit,YIP,25,,,,,,,,,,1,,
594000,F,True,False,usa,new york,JFK,68,,1.0,,,1020.0,,1.0,6.0,,0,,
594027,F,False,True,usa,san francisco,SFO,36,,1.0,1.0,1.0,2319.0,496.12799999999993,1.5,5.0,1.0,1,1.0,
594042,F,True,False,usa,memphis,MEM,38,,,6.0,1.0,3462.4,1529.33,1.0,2.1666666666666665,0.3333333333333333,0,6.0,
594146,F,False,False,usa,columbus,LCK,70,,1.0,,,1280.0,,1.0,8.0,,0,,
594406,F,False,False,usa,chicago,UGN,38,,,4.0,1.0,2365.5,860.72,1.0,2.0,0.25,0,4.0,
594410,F,True,False,canada,calgary,YYC,70,1.0,2.0,,2.0,870.8,6420.16,1.0,4.5,1.0,0,1.0,
594449,F,True,True,usa,kansas city,MCI,54,,,1.0,1.0,297.0,263.76,1.0,1.0,1.0,0,1.0,
594516,F,False,False,usa,birmingham,BHM,33,,,,,,,,,,0,,
594644,F,True,False,usa,shreveport,BAD,53,,,3.0,1.0,1738.6,664.87,1.0,2.6666666666666665,1.3333333333333333,0,3.0,
594824,F,True,True,usa,oklahoma city,OKC,49,,,1.0,1.0,369.0,114.54299999999999,1.0,1.0,0.0,1,1.0,
594875,F,False,True,canada,edmonton,YED,20,,1.0,,,1110.0,,1.0,5.0,,0,,
595123,F,False,True,canada,victoria,YYJ,43,,,1.0,1.0,584.0,468.62250000000006,1.0,4.0,0.0,1,1.0,
595171,F,True,False,usa,columbus,LCK,36,,,2.0,1.0,1414.0,688.52,1.0,3.0,0.0,0,2.0,Conrad 
595183,F,True,False,usa,seattle,SEA,68,,1.0,,,3332.0,,2.0,7.0,,1,,
595257,F,False,False,usa,san diego,SAN,48,,,4.0,1.0,1914.0,2052.66,1.0,3.75,0.5,0,4.0,
595283,F,True,False,usa,baton rouge,BTR,56,1.0,,,1.0,,271.20599999999996,,,1.0,0,1.0,
595386,F,False,False,usa,san antonio,SKF,43,1.0,,5.0,1.0,2378.35,1856.854,1.0,3.2,0.6666666666666666,0,5.0,
595442,F,False,False,usa,corpus christi,CRP,46,2.0,,2.0,1.0,525.0,1165.72,1.0,1.5,0.5,0,4.0,
595506,F,False,False,usa,long beach,LGB,27,,,,,,,,,,0,,
595527,F,True,False,usa,kansas city,MCI,33,,1.0,2.0,1.5,3266.1,4853.179999999999,1.3333333333333333,5.666666666666667,0.5,0,2.0,
595587,F,False,True,usa,st. louis,STL,41,1.0,,3.0,1.25,1123.0,1580.04,1.3333333333333333,1.6666666666666667,0.0,0,4.0,
595690,F,True,False,usa,orlando,ORL,71,,,,,,,,,,0,,
595897,F,False,False,canada,montreal,YMX,28,,1.0,,,3758.4,,2.0,12.0,,0,,
596103,F,False,False,usa,new york,JFK,26,,1.0,1.0,1.0,1852.0,434.64,1.0,3.0,1.0,0,1.0,
596153,F,True,False,canada,toronto,YKZ,54,1.0,,4.0,1.0,911.8,1442.118,1.0,2.5,0.4,0,5.0,
596186,F,False,False,usa,washington,DCA,24,,1.0,1.0,1.0,1281.0,96.95700000000001,1.0,3.5,1.0,0,1.0,
596220,F,True,False,usa,mobile,MOB,53,,1.0,1.0,1.0,6220.0,463.69,1.0,9.0,1.0,0,1.0,NH Hotel 
596222,F,True,False,usa,philadelphia,PNE,62,,1.0,2.0,1.0,3559.0,159.2,1.0,2.3333333333333335,1.0,0,2.0,
596320,F,True,True,usa,fayetteville,FYV,38,1.0,,1.0,2.0,453.15,2716.57,3.0,1.0,1.0,0,1.0,
596349,F,True,False,usa,fresno,FAT,70,,1.0,,,4260.0,,1.0,15.0,,0,,
596361,F,False,False,usa,san jose,SJC,34,,1.0,1.0,1.0,3889.0,392.66349999999994,1.5,11.5,1.0,0,1.0,
596409,F,False,False,usa,chicago,MDW,49,,,2.0,1.0,297.8,767.238,1.0,1.5,0.5,0,2.0,
596505,F,False,False,usa,san diego,NZY,44,1.0,1.0,4.0,1.2,6323.6,3377.1135,1.2,7.0,0.8,0,4.0,Extended Stay 
596732,F,True,True,usa,san antonio,SAT,48,,,3.0,1.3333333333333333,967.0,2190.2400000000002,1.3333333333333333,2.0,0.0,0,3.0,
596820,F,False,False,usa,wichita,ICT,39,,,1.0,1.0,316.0,181.81,1.0,2.0,1.0,0,1.0,
596863,F,True,True,usa,chicago,ORD,41,,1.0,1.0,2.0,9549.0,235.44,1.5,13.0,0.0,1,1.0,
597029,F,True,False,canada,montreal,YUL,41,1.0,1.0,3.0,1.25,7604.0,1643.25,1.75,6.0,1.0,0,4.0,
597300,F,True,True,usa,new york,JFK,38,,,2.0,1.5,4156.0,929.546,1.5,7.0,0.0,0,2.0,
597434,F,False,False,usa,austin,AUS,42,1.0,,2.0,1.0,803.0,820.52,1.0,2.0,0.6666666666666666,1,3.0,
597734,F,True,False,usa,san francisco,SFO,48,2.0,,1.0,1.0,320.0,1363.75,1.0,2.0,0.3333333333333333,0,3.0,
597836,F,False,False,usa,fort worth,FTW,45,,,3.0,1.0,622.0,411.36,1.0,2.0,1.0,0,3.0,
597878,F,False,False,usa,columbus,CMH,56,,,2.0,1.5,634.0,951.71,1.5,2.0,1.0,0,2.0,
597946,F,True,False,usa,atlanta,ATL,56,1.0,,1.0,1.0,162.0,308.11,1.0,2.0,1.0,0,2.0,
597955,F,True,True,usa,los angeles,LAX,66,,,,,,,,,,0,,
598075,F,True,True,usa,houston,EFD,39,,1.0,2.0,1.0,460.0,1059.6100000000001,1.0,1.6666666666666667,1.0,0,2.0,
598233,F,True,True,usa,phoenix,LUF,46,,,4.0,1.25,1850.0,2647.102,1.25,2.25,0.5,0,4.0,Extended Stay 
598265,M,True,True,usa,baltimore,BWI,48,,2.0,2.0,1.0,2574.0,124.82000000000001,1.0,2.75,0.5,0,2.0,
598526,M,True,False,usa,columbus,LCK,70,,1.0,,,282.0,,1.0,3.0,,0,,
598533,F,False,True,canada,victoria,YYJ,40,,,1.0,1.0,340.0,680.07,1.0,2.0,0.0,1,1.0,
598590,F,True,False,usa,las vegas,LAS,51,,,5.0,1.2,1242.0,1086.306,1.2,1.8,0.2,0,4.0,Hilton
598692,M,False,False,usa,los angeles,LAX,24,,1.0,1.0,1.0,3305.2,567.2,1.0,9.5,0.0,0,1.0,
598715,F,True,True,canada,gatineau,YND,31,1.0,,1.0,1.0,90.0,855.89,1.0,2.0,0.5,0,2.0,
598881,F,False,False,usa,knoxville,TYS,46,,1.0,5.0,1.6,3446.75,3764.1099999999997,1.5,3.5,0.4,0,4.0,Hyatt
598911,F,False,False,canada,montreal,YUL,40,1.0,,5.0,1.0,3817.8,1379.4175,1.0,3.0,0.8333333333333334,0,4.0,Aman Resorts
598945,F,False,False,usa,charlotte,CLT,23,,,1.0,1.0,1050.0,527.04,1.0,3.0,1.0,0,1.0,
599244,F,False,False,usa,dallas,DAL,27,1.0,,,1.0,,201.71,,,0.0,0,1.0,
599335,F,False,False,usa,el paso,ELP,55,1.0,,2.0,1.0,3300.0,626.893,1.0,6.0,0.6666666666666666,0,3.0,
599437,F,False,False,usa,amarillo,AMA,54,,,3.0,1.3333333333333333,1500.5,2148.7174999999997,1.3333333333333333,2.6666666666666665,0.0,0,3.0,
599454,F,True,False,usa,charlotte,CLT,44,,,2.0,1.5,3353.0,1529.3799999999999,1.5,7.0,0.0,1,2.0,
599833,F,True,True,usa,el paso,BIF,45,,,4.0,1.0,2332.0,1269.7849999999999,1.0,4.75,0.25,0,4.0,
599909,F,False,False,usa,san antonio,SKF,31,,,,,,,,,,0,,
600018,F,False,False,usa,grand rapids,GRR,40,1.0,,4.0,1.2,870.0,2771.06,1.25,1.75,1.2,0,5.0,
600057,F,True,False,usa,chicago,UGN,36,,,1.0,1.0,712.8000000000001,250.5,1.0,6.0,0.0,0,1.0,
600078,F,False,False,usa,chicago,UGN,58,1.0,,2.0,1.0,818.8,800.429,1.0,3.0,1.0,0,3.0,
600287,F,False,True,usa,atlanta,ATL,42,,,2.0,1.0,334.0,329.697,1.0,1.0,0.5,0,2.0,
600304,F,True,False,usa,philadelphia,PNE,59,,,2.0,1.0,337.0,455.22999999999996,1.0,1.0,1.0,0,2.0,
600351,F,True,False,usa,portland,PDX,49,1.0,,1.0,1.0,1040.0,1046.68,1.0,4.0,0.5,0,2.0,
600561,F,False,False,usa,phoenix,PHX,32,,,2.0,1.0,1019.0,629.96,1.0,1.0,0.5,0,2.0,
600648,F,True,False,usa,baltimore,BWI,47,1.0,1.0,3.0,1.5,2831.7,4697.04,1.5,2.5,0.75,0,4.0,
600690,F,False,False,canada,london,YXU,40,,2.0,3.0,1.6666666666666667,5567.0,2685.3535,1.8,6.2,0.6666666666666666,0,3.0,
600750,F,True,True,usa,new york,LGA,51,,,2.0,1.0,492.0,1377.74,1.0,1.5,0.0,0,2.0,
600842,F,False,False,usa,birmingham,BHM,33,,2.0,,,1017.0,,1.5,3.0,,1,,
600886,F,False,False,usa,cincinnati,LUK,42,,,4.0,1.0,2688.7,934.4565,1.0,3.75,0.5,0,3.0,Hilton
601116,F,False,False,usa,madison,MSN,31,,1.0,1.0,1.0,2082.0,238.99,1.5,4.5,0.0,0,1.0,
601282,F,True,True,usa,new york,JFK,59,,,2.0,1.0,622.0,677.9575,1.0,1.5,0.5,0,2.0,
601673,F,True,True,canada,toronto,YYZ,42,1.0,,4.0,1.6,1605.0,4166.669,1.75,2.5,0.0,0,4.0,
601894,F,False,True,usa,new york,JFK,27,,1.0,1.0,1.0,734.0,402.17,1.0,3.5,0.0,0,1.0,
601917,F,False,False,usa,cleveland,CLE,33,1.0,,3.0,1.25,731.0,3118.9235,1.3333333333333333,2.0,0.5,0,4.0,
602190,F,False,True,usa,houston,HOU,46,,1.0,1.0,1.0,3506.0,247.69,1.0,7.0,0.0,0,1.0,Wyndham
602478,F,True,False,usa,new york,LGA,28,,2.0,,,7392.0,,1.5,13.5,,0,,
602656,F,False,False,usa,san antonio,SAT,44,,,3.0,1.3333333333333333,2143.0,1149.5520000000001,1.3333333333333333,3.3333333333333335,1.0,0,3.0,
602769,F,True,True,usa,new york,JFK,40,,,4.0,1.0,1400.0,1755.49,1.0,1.75,0.5,1,3.0,
602921,F,True,False,canada,toronto,YKZ,69,,,1.0,1.0,296.0,660.27,1.0,1.0,1.0,0,1.0,
602925,F,True,False,canada,quebec,YQB,57,1.0,1.0,3.0,1.0,5268.0,1841.93,1.25,7.75,0.5,0,4.0,Four Seasons
602946,M,False,False,usa,phoenix,LUF,49,,1.0,3.0,1.3333333333333333,2276.0,3116.72,1.25,4.25,0.3333333333333333,0,2.0,
603033,F,False,False,usa,los angeles,LAX,74,,,,,,,,,,1,,
603053,F,False,False,usa,orlando,MCO,47,,,3.0,1.3333333333333333,625.0,1250.44,1.3333333333333333,1.3333333333333333,0.0,0,3.0,
603100,F,False,True,usa,fort worth,FTW,28,,1.0,,,2448.0,,1.0,17.0,,0,,
603221,F,False,False,usa,new york,LGA,23,,,,,,,,,,0,,
603341,F,True,False,usa,jacksonville,LRF,69,,,,,,,,,,0,,
603809,F,True,False,usa,colorado springs,COS,56,,1.0,1.0,1.0,526.0,246.11649999999997,1.0,2.0,1.0,0,1.0,
603875,F,False,False,usa,charlotte,CLT,44,,,2.0,1.0,1077.5,677.13,1.0,6.0,0.5,0,2.0,
604388,F,False,False,usa,des moines,DSM,35,,,1.0,1.0,66.5,464.45,1.0,1.0,2.0,0,1.0,
604592,F,False,False,usa,baltimore,BWI,21,1.0,,,2.0,,496.78,,,1.0,0,1.0,
604664,F,False,True,usa,austin,AUS,26,,,,,,,,,,0,,
604982,F,True,False,usa,new york,JFK,49,,,3.0,1.3333333333333333,2320.0,1639.174,1.3333333333333333,3.0,0.3333333333333333,0,3.0,
605136,F,False,False,usa,new york,JFK,20,,1.0,,,3900.0,,1.0,15.0,,0,,
605439,F,False,False,usa,san jose,SJC,42,,,2.0,1.0,2106.0,999.5,1.0,4.5,0.0,0,2.0,
605494,F,False,True,usa,new york,JFK,48,,,3.0,1.0,1589.0,1385.93,1.0,2.3333333333333335,1.0,0,3.0,
605558,F,False,False,usa,buffalo,BUF,37,,2.0,3.0,1.0,1988.0,677.7900000000001,1.0,3.4,0.3333333333333333,0,3.0,Wyndham
605607,F,True,True,usa,phoenix,LUF,51,,,1.0,1.0,250.0,645.61,1.0,2.0,2.0,0,1.0,
605615,M,False,False,canada,edmonton,YEG,36,,,2.0,1.0,447.0,1009.12,1.0,1.5,0.5,1,2.0,
605776,F,False,False,usa,new york,JFK,23,1.0,3.0,1.0,1.5,7930.0,2079.985,1.25,5.25,1.0,0,2.0,Hilton
605780,F,True,True,canada,montreal,YHU,55,1.0,,1.0,1.0,55.0,182.702,1.0,1.0,1.0,0,2.0,
605943,F,False,False,usa,nashville,BNA,19,1.0,,,1.0,,2017.47,,,0.0,0,1.0,
605945,F,False,True,canada,edmonton,YXD,41,1.0,,3.0,1.25,930.0,3549.112,1.3333333333333333,1.6666666666666667,0.5,0,4.0,
606041,F,False,True,canada,vancouver,YVR,58,1.0,,1.0,1.0,984.0,1262.03,1.0,4.0,0.5,0,2.0,
606060,F,True,False,usa,new york,LGA,54,,,2.0,1.0,1618.0,674.94,1.0,5.0,1.0,0,2.0,
606161,F,True,True,usa,orlando,MCO,49,,2.0,1.0,1.0,8849.0,297.15,1.3333333333333333,5.666666666666667,1.0,0,1.0,Shangri-La
606283,F,False,True,usa,oklahoma city,OKC,49,,,1.0,1.0,72.0,388.15,1.0,1.0,0.0,0,1.0,
606333,F,False,False,usa,providence,PVD,45,1.0,1.0,2.0,1.0,2148.9,357.776,1.0,6.0,0.6666666666666666,0,3.0,
606456,M,False,False,usa,tampa,TPA,27,,,,,,,,,,0,,
606648,F,False,False,usa,san jose,SJC,31,,2.0,2.0,2.0,2265.0,2766.63,1.75,2.25,0.0,0,2.0,
606762,F,False,True,usa,jacksonville,LRF,52,,1.0,2.0,1.0,1764.0,609.5699999999999,1.3333333333333333,2.3333333333333335,1.5,0,2.0,
607152,F,False,False,usa,los angeles,LAX,35,,1.0,3.0,1.3333333333333333,2079.0,1638.078,1.25,3.75,0.0,1,3.0,Hilton
607280,F,True,True,usa,omaha,OMA,38,,,1.0,1.0,1220.0,238.446,1.0,5.0,1.0,0,1.0,
607350,F,False,True,canada,victoria,YYJ,39,1.0,,2.0,1.0,826.0,1489.8899999999999,1.0,3.0,1.0,0,3.0,
607626,F,False,False,canada,montreal,YMX,20,,1.0,,,666.0,,1.0,9.0,,0,,
607706,F,False,False,canada,calgary,YYC,40,1.0,1.0,,1.0,672.0,321.79,2.0,4.0,1.0,0,1.0,
608039,F,False,False,usa,austin,AUS,26,,1.0,1.0,1.0,844.0,449.5,1.0,3.0,1.0,0,1.0,
608086,F,False,False,usa,new york,LGA,29,,,2.0,2.0,3940.0,1236.4859999999999,2.0,3.5,0.0,1,2.0,
608287,F,False,True,usa,dallas,DAL,44,,1.0,3.0,1.0,2414.0,994.62,1.25,3.0,0.6666666666666666,0,3.0,
608296,F,True,False,usa,san diego,NZY,43,,2.0,2.0,1.0,7083.4,640.99,1.25,5.75,0.5,0,2.0,
608478,M,True,False,usa,los angeles,LAX,60,1.0,2.0,,1.0,4406.099999999999,322.25,1.5,17.0,1.0,0,1.0,
608521,F,False,True,canada,montreal,YHU,61,,,2.0,1.0,782.0,1350.689,1.0,2.0,1.0,0,1.0,
608629,F,False,False,usa,new york,LGA,37,,,5.0,1.0,1844.9,1347.2655,1.0,2.4,0.4,0,5.0,
608764,F,True,True,canada,montreal,YHU,43,,,2.0,1.0,601.0,839.21,1.0,1.5,0.5,0,2.0,
608786,M,True,False,usa,chicago,MDW,72,,,,,,,,,,0,,
608820,F,True,True,usa,san diego,NZY,42,,1.0,2.0,3.5,5715.6,70902.56499999999,2.0,7.0,3.5,0,2.0,
608866,F,True,False,usa,st. louis,STL,66,,,1.0,1.0,845.1,72.23,1.0,3.0,1.0,0,1.0,
608970,F,False,False,usa,brownsville,BRO,35,1.0,,,1.0,,396.7,,,0.0,0,1.0,
609051,F,True,True,usa,new york,JFK,50,1.0,,1.0,1.5,946.0,2971.47,2.0,1.0,0.0,0,2.0,
609243,M,False,True,usa,minneapolis,MSP,39,,1.0,2.0,1.5,2557.0,1853.233,1.3333333333333333,5.333333333333333,1.0,0,2.0,
609262,F,False,False,usa,brownsville,BRO,40,,,4.0,1.5,5486.0,5620.838,1.5,5.25,0.25,0,4.0,
609673,F,True,False,usa,tulsa,TUL,42,,,3.0,1.0,1214.0,768.7189999999999,1.0,2.6666666666666665,0.6666666666666666,0,3.0,
610294,F,True,False,usa,new york,LGA,54,,,2.0,1.0,480.0,1420.8600000000001,1.0,1.0,0.5,0,2.0,
610306,F,True,False,usa,new york,LGA,55,1.0,,3.0,1.25,1853.0,1992.2800000000002,1.3333333333333333,3.3333333333333335,0.75,0,4.0,
610338,F,False,True,usa,columbus,CMH,21,,,1.0,1.0,654.0,147.31,1.0,6.0,1.0,1,1.0,
610395,F,True,False,usa,fayetteville,FYV,57,,1.0,2.0,1.0,2374.0,780.74,1.0,2.6666666666666665,1.0,0,2.0,
610905,F,True,False,usa,san antonio,RND,81,,,,,,,,,,0,,
610909,F,True,False,usa,san jose,SJC,44,,,2.0,1.5,718.0,1566.436,1.5,1.0,0.5,0,2.0,
611031,F,False,True,usa,new york,LGA,24,,,,,,,,,,0,,
611087,F,False,True,usa,buffalo,BUF,41,,1.0,1.0,1.0,1644.0,630.477,1.0,3.5,1.0,0,1.0,
611126,F,True,True,usa,miami,OPF,53,,,2.0,1.5,1452.0,3247.1499999999996,1.5,3.5,0.5,0,2.0,
611177,F,True,True,usa,los angeles,LAX,46,,,2.0,1.5,660.0,3726.6000000000004,1.5,1.5,0.5,0,2.0,
611350,M,False,True,usa,tucson,TUS,29,,,1.0,1.0,146.0,644.82,1.0,1.0,1.0,0,1.0,
611839,F,False,False,usa,kansas city,MCI,40,,1.0,4.0,1.0,5739.55,1142.85,1.2,3.8,0.25,0,4.0,Choice Hotels
611852,M,False,False,usa,akron,AKR,42,,,2.0,1.0,360.4,107.15849999999999,1.0,1.0,1.0,0,2.0,
612220,M,False,False,usa,lubbock,LBB,19,1.0,,,1.0,,438.49,,,2.0,1,1.0,
612226,F,False,True,usa,dallas,DAL,34,,,,,,,,,,0,,
612236,F,True,True,usa,colorado springs,COS,52,,,3.0,1.0,1878.0,660.49,1.0,3.3333333333333335,0.6666666666666666,0,3.0,
612562,F,False,False,usa,los angeles,LAX,27,1.0,,,2.0,,2924.72,,,1.0,1,1.0,
612685,F,False,False,usa,tampa,MCF,42,,,2.0,1.0,482.0,522.27,1.0,1.5,0.5,0,2.0,
613164,F,False,False,usa,chicago,MDW,29,,2.0,1.0,1.0,4285.0,43.32,1.0,10.333333333333334,0.0,0,1.0,
613275,F,False,True,usa,philadelphia,PHL,46,1.0,,2.0,1.0,267.6,837.07,1.0,1.5,0.3333333333333333,0,3.0,
613383,M,False,False,usa,phoenix,PHX,40,,,1.0,2.0,284.0,307.96,2.0,2.0,1.0,0,1.0,
613874,F,True,False,usa,houston,IAH,56,,,4.0,1.25,2068.0,2699.1180000000004,1.25,2.0,0.75,0,4.0,
614033,F,False,False,usa,honolulu,HNL,41,,,2.0,1.0,1025.0,2641.268,1.0,2.5,0.5,0,2.0,
614092,F,False,False,usa,dallas,DAL,25,,2.0,,,3714.0,,1.5,14.0,,0,,
614412,F,True,True,usa,tulsa,TUL,50,,,2.0,1.0,411.0,751.44,1.0,1.5,0.0,0,2.0,
614632,F,True,True,usa,baltimore,BWI,54,1.0,1.0,,1.0,777.0,104.24,1.0,7.0,1.0,0,1.0,
614668,F,True,True,usa,los angeles,LAX,53,,,2.0,1.5,176.0,1499.05,1.5,1.0,1.0,0,2.0,
614748,F,False,True,usa,san diego,NZY,50,,,2.0,1.5,3884.0,1000.9300000000001,1.5,3.5,1.0,1,2.0,
614793,F,True,False,usa,jacksonville,NIP,68,1.0,,,1.0,,419.5515,,,1.0,0,1.0,
614828,F,False,False,usa,miami,TNT,42,1.0,,1.0,1.0,544.0,635.27,1.0,2.0,0.0,0,1.0,
614846,M,True,False,usa,columbus,LCK,71,,,,,,,,,,0,,
615266,F,False,False,usa,charlotte,CLT,41,,,6.0,1.0,1766.0,2446.75,1.0,2.6666666666666665,0.5,0,6.0,
615307,F,True,True,usa,tulsa,TUL,51,,,1.0,1.0,1644.0,183.48,1.0,3.0,2.0,0,1.0,
615544,F,False,False,usa,cincinnati,CVG,39,1.0,,,1.0,,167.06,,,1.0,0,1.0,
615674,F,False,False,canada,winnipeg,YWG,20,,1.0,,,690.0,,1.0,5.0,,0,,
615783,F,False,False,usa,fort worth,FTW,20,,,1.0,1.0,402.0,178.05,1.0,3.0,1.0,0,1.0,
615922,M,True,False,usa,new york,LGA,69,1.0,1.0,,1.0,306.0,710.03,1.0,6.0,0.0,0,1.0,
616086,F,True,False,usa,new york,LGA,83,,,,,,,,,,0,,
616125,F,False,False,canada,calgary,YYC,34,,,1.0,2.0,172.0,632.32,2.0,2.0,1.0,0,1.0,
616461,F,False,True,canada,london,YXU,33,1.0,,1.0,1.0,810.0,566.84,1.0,3.0,0.5,0,2.0,
616470,F,True,False,usa,san diego,NZY,33,,,2.0,1.0,564.0,1153.94,1.0,2.0,0.5,0,2.0,
616692,F,True,True,usa,san francisco,SFO,56,1.0,,,1.0,,536.769,,,1.0,0,1.0,
616715,M,True,True,usa,knoxville,TYS,42,,,1.0,1.0,260.0,145.63,1.0,2.0,1.0,0,1.0,
616734,F,False,False,usa,san francisco,SFO,28,,,,,,,,,,0,,
616789,F,False,False,usa,buffalo,BUF,24,1.0,1.0,,2.0,493.84999999999997,1325.52,1.0,7.0,1.0,0,1.0,
616795,F,True,False,usa,norfolk,NGU,48,,1.0,3.0,1.0,1039.0,1000.2165,1.0,3.0,0.3333333333333333,0,3.0,Conrad 
616950,F,True,False,usa,nashville,BNA,24,,,1.0,1.0,307.0,217.15,1.0,1.0,1.0,0,1.0,
616992,F,False,True,usa,san antonio,SAT,39,1.0,,1.0,1.0,3189.0,629.97,1.0,3.0,1.0,1,2.0,
617125,F,False,False,usa,new york,LGA,41,1.0,,2.0,1.0,216.0,1230.47,1.0,1.0,0.6666666666666666,0,3.0,Rosewood
617402,F,False,False,usa,las vegas,LAS,35,,,3.0,2.0,1164.8,11244.689999999999,2.0,1.6666666666666667,0.3333333333333333,1,2.0,
617407,F,True,True,usa,honolulu,HNL,43,,,2.0,1.5,1034.0,4975.022999999999,1.5,3.0,0.0,0,2.0,Shangri-La
617506,F,True,False,canada,halifax,YHZ,46,,,2.0,2.0,2355.0,6966.48,2.0,5.5,1.0,0,2.0,
617606,F,True,False,usa,san diego,SAN,73,,,,,,,,,,0,,
617743,F,True,False,usa,st. louis,STL,67,,1.0,1.0,1.0,2059.0,478.6,1.0,6.0,1.0,0,1.0,
617878,F,False,True,usa,los angeles,LAX,40,,,6.0,1.1666666666666667,1962.4,3993.773,1.1666666666666667,2.6666666666666665,0.8333333333333334,0,6.0,
617990,F,True,False,canada,halifax,YAW,61,,,,,,,,,,0,,
617994,F,False,False,canada,toronto,YYZ,47,,1.0,2.0,1.5,2300.4,368.78,1.3333333333333333,6.0,1.0,0,2.0,
618063,F,True,False,canada,ottawa,YOW,53,,,3.0,1.0,2680.0,1667.71,1.0,4.333333333333333,0.6666666666666666,1,3.0,
618088,F,False,False,usa,des moines,DSM,56,,,4.0,2.25,14878.7,7974.996999999999,2.25,2.75,0.5,0,2.0,
618157,F,True,True,usa,detroit,DTW,39,,,2.0,1.0,6846.599999999999,173.23000000000002,1.0,4.5,1.5,1,2.0,
618181,M,True,False,canada,montreal,YMX,51,,,2.0,1.0,956.0,197.73000000000002,1.0,2.0,0.0,0,2.0,
618201,F,True,False,usa,san diego,NZY,51,1.0,,1.0,1.5,836.0,3489.982,2.0,2.0,0.0,0,2.0,
618392,F,True,True,usa,denver,DEN,42,1.0,1.0,,1.0,585.0,366.58,1.0,9.0,1.0,0,1.0,
618535,F,False,True,usa,indianapolis,IND,30,,,3.0,1.6666666666666667,12313.0,3163.66,1.6666666666666667,8.666666666666666,1.0,0,3.0,
618664,F,False,False,usa,austin,AUS,71,,1.0,,,604.8000000000001,,3.0,2.0,,0,,
618881,F,True,False,usa,new york,JFK,65,1.0,,2.0,1.6666666666666667,1155.0,5221.83,2.0,2.0,1.3333333333333333,0,3.0,
619079,M,False,False,usa,nashville,BNA,47,,,3.0,1.0,1086.0,568.07,1.0,3.0,0.3333333333333333,1,3.0,
619321,F,True,True,usa,austin,AUS,55,,1.0,6.0,1.0,2819.75,1249.655,1.0,2.2857142857142856,0.5,0,4.0,
619432,F,False,False,usa,el paso,ELP,35,1.0,1.0,2.0,1.3333333333333333,3039.9,1571.06,1.0,7.0,1.0,0,3.0,
619918,F,False,False,usa,san diego,SAN,38,1.0,,2.0,1.0,174.0,990.353,1.0,1.0,0.6666666666666666,0,3.0,
619983,F,True,False,usa,san diego,NZY,87,,1.0,,,608.0,,1.0,2.0,,0,,
620033,F,True,False,usa,chicago,ORD,69,,,,,,,,,,1,,
620394,M,False,True,canada,calgary,YYC,38,,1.0,1.0,1.0,3288.0,275.6975,1.5,3.0,2.0,0,1.0,
620690,F,True,False,usa,philadelphia,PHL,61,1.0,1.0,,1.0,704.7,425.13,1.0,9.0,2.0,0,1.0,
620719,F,False,False,usa,reno,RNO,28,,1.0,,,1224.0,,1.0,9.0,,0,,
620991,F,False,False,usa,orlando,ORL,24,,1.0,1.0,1.0,700.0,606.38,1.0,2.5,1.0,0,1.0,
621081,F,True,False,usa,san jose,SJC,61,,,3.0,1.0,769.0,1453.069,1.0,2.0,0.6666666666666666,0,3.0,
621552,F,False,False,usa,detroit,YIP,36,,,,,,,,,,0,,
621849,F,True,True,usa,birmingham,BHM,55,,,3.0,1.3333333333333333,1576.0,1456.4865,1.3333333333333333,2.3333333333333335,0.3333333333333333,0,3.0,
622248,F,True,False,usa,indianapolis,IND,37,1.0,1.0,2.0,1.0,1484.0,956.3900000000001,1.0,5.333333333333333,1.0,0,3.0,
622418,M,False,True,usa,honolulu,HNL,43,,,1.0,1.0,61.0,1151.716,1.0,1.0,0.0,1,1.0,
622464,F,True,False,usa,new orleans,NBG,49,1.0,,1.0,1.0,120.0,683.38,1.0,1.0,1.5,0,2.0,
622708,F,False,False,usa,new york,LGA,44,,2.0,2.0,1.0,2369.2,635.841,1.0,5.5,0.5,0,2.0,
622813,F,False,False,usa,baltimore,BWI,54,1.0,,3.0,1.5,557.0,2010.9,1.0,1.6666666666666667,0.75,0,4.0,
623043,F,False,False,canada,edmonton,YXD,41,,,4.0,1.25,708.0,3085.06,1.25,1.5,1.0,0,4.0,
623142,F,True,True,usa,baltimore,BWI,42,1.0,,1.0,1.5,328.0,9421.202,1.0,2.0,0.5,0,2.0,
623750,F,False,True,usa,chicago,UGN,45,,,2.0,1.0,1902.0,811.57,1.0,5.0,0.0,0,2.0,
623850,F,False,False,canada,toronto,YYZ,48,,,5.0,1.0,4044.4,1080.52,1.0,4.2,0.2,0,4.0,
623941,F,False,True,canada,toronto,YYZ,42,1.0,1.0,2.0,2.0,3688.0,1773.94,1.0,4.0,1.3333333333333333,0,3.0,
623949,M,True,False,usa,new york,LGA,50,,,3.0,1.0,2000.0,251.825,1.0,5.0,0.6666666666666666,0,3.0,Best Western
623972,F,True,False,usa,new york,LGA,56,,,3.0,1.3333333333333333,1486.0,1717.9,1.3333333333333333,2.3333333333333335,0.6666666666666666,0,3.0,Accor
624198,F,False,False,usa,new york,JFK,44,,,3.0,1.3333333333333333,773.0,3757.32,1.3333333333333333,4.0,0.6666666666666666,0,2.0,Extended Stay 
624762,F,True,True,usa,chicago,UGN,44,,,2.0,1.5,2830.0,381.494,1.5,3.0,1.0,0,2.0,
625089,F,False,True,usa,louisville,LOU,39,1.0,,3.0,1.0,2765.5,913.3299999999999,1.0,3.6666666666666665,0.5,0,3.0,
625398,F,False,False,usa,los angeles,LAX,20,,,2.0,1.0,3525.6,671.3199999999999,1.0,6.0,0.5,0,2.0,Best Western
625400,M,False,True,canada,toronto,YZD,48,,,3.0,1.0,7231.0,925.8399999999999,1.0,5.0,0.6666666666666666,0,3.0,
625555,M,False,False,usa,santa ana,SNA,25,,1.0,,,889.0,,1.0,7.0,,1,,
625597,F,False,False,usa,madison,MSN,62,1.0,1.0,,1.0,963.9,370.8,2.0,9.0,1.0,0,1.0,
625700,F,False,False,usa,spokane,SFF,28,,,,,,,,,,0,,
626114,F,False,False,usa,san antonio,SKF,19,,,,,,,,,,0,,
626519,F,False,False,usa,new york,JFK,46,1.0,,2.0,1.0,949.0,621.402,1.0,2.5,0.0,0,3.0,
626520,F,False,False,canada,gatineau,YND,48,,,2.0,1.5,783.0,437.25,1.5,1.0,0.0,0,2.0,
626645,M,False,False,usa,salt lake city,SLC,58,,,3.0,2.0,6256.0,5133.7125,2.0,4.333333333333333,0.6666666666666666,0,3.0,Choice Hotels
626986,F,True,False,canada,hamilton,YHM,58,,,6.0,1.0,5135.0,1422.81,1.0,4.166666666666667,0.16666666666666666,0,5.0,Radisson 
627436,F,False,False,usa,chicago,MDW,50,,,2.0,1.0,1798.0,425.83,1.0,4.5,0.5,0,2.0,
627451,F,True,False,usa,san antonio,RND,51,2.0,,1.0,1.0,342.0,1100.536,1.0,2.0,0.3333333333333333,0,3.0,
627889,F,True,False,usa,cleveland,CLE,59,,1.0,1.0,1.0,1764.0,116.28,1.0,4.5,1.0,0,1.0,
627893,F,False,False,usa,new york,JFK,34,,1.0,2.0,1.0,2871.0,456.4315,1.3333333333333333,3.3333333333333335,1.0,0,2.0,
627972,F,True,True,usa,memphis,MEM,40,,1.0,2.0,1.0,2573.7,382.15,1.0,5.333333333333333,0.5,0,2.0,
628570,F,False,True,usa,columbus,LCK,46,1.0,,4.0,1.2,3251.0,1491.2655,1.25,5.0,0.2,0,4.0,
628653,F,True,False,usa,sacramento,MHR,44,1.0,,2.0,1.0,1619.1999999999998,954.0,1.0,5.5,0.6666666666666666,0,3.0,
628694,F,True,False,usa,tucson,DMA,48,,1.0,1.0,1.0,1005.0,415.12,1.0,5.5,1.0,0,1.0,
628752,F,False,True,usa,birmingham,BHM,47,1.0,,1.0,1.0,276.0,668.384,1.0,2.0,1.0,0,2.0,
628762,F,False,True,usa,los angeles,LAX,19,,1.0,,,424.0,,1.0,8.0,,0,,
629647,F,False,False,usa,new york,LGA,36,,,2.0,1.0,494.0,308.76599999999996,1.0,2.5,1.0,0,2.0,
629701,F,False,False,usa,houston,HOU,33,,1.0,3.0,1.0,2118.0,1189.8899999999999,1.0,3.5,0.3333333333333333,0,3.0,
629812,M,False,False,usa,riverside,RIV,21,,,,,,,,,,1,,
630178,F,True,False,usa,st. petersburg,SPG,42,,,1.0,1.0,987.0,293.99,1.0,3.0,1.0,0,1.0,
630267,F,False,True,usa,corpus christi,CRP,20,,1.0,1.0,1.0,5251.0,158.1,1.5,10.0,1.0,0,1.0,
630609,F,False,False,usa,boston,BOS,40,,,5.0,1.0,2579.3,1213.28,1.0,2.8,0.2,0,5.0,
630694,F,False,False,usa,charlotte,CLT,42,,,2.0,1.5,371.6,1150.97,1.5,1.0,0.5,0,2.0,
631174,F,False,False,usa,new york,JFK,35,,1.0,1.0,2.0,663.6,2162.12,1.5,2.5,0.0,0,1.0,
631201,F,False,False,usa,st. petersburg,PIE,27,,1.0,1.0,1.0,5061.800000000001,676.8,1.5,4.5,0.0,0,1.0,
631388,F,True,False,usa,san antonio,RND,41,1.0,1.0,,2.0,990.0,1869.3,1.0,11.0,0.0,0,1.0,
631787,M,False,False,usa,stockton,SCK,49,1.0,1.0,1.0,1.0,690.4,1202.3899999999999,1.0,4.5,0.0,1,2.0,
631872,F,True,False,usa,new york,LGA,71,,,,,,,,,,0,,
632136,F,False,False,usa,detroit,YIP,53,,,3.0,1.0,1874.8,592.84,1.0,3.3333333333333335,0.6666666666666666,1,3.0,
632316,F,True,False,usa,anchorage,EDF,53,,,3.0,1.0,1218.0,2402.857,1.0,2.0,0.0,0,3.0,
632425,F,True,True,usa,columbus,LCK,52,1.0,,1.0,2.5,96.0,4376.6,1.0,1.0,0.0,0,2.0,
632461,F,False,False,canada,toronto,YTZ,57,,,1.0,1.0,168.0,97.584,1.0,1.0,1.0,0,1.0,
632631,F,False,False,usa,tulsa,TUL,44,,,2.0,1.0,1147.0,509.08000000000004,1.0,3.0,1.0,0,2.0,
632749,F,True,True,usa,detroit,DET,29,,,2.0,1.0,803.2,1181.422,1.0,2.0,0.5,0,2.0,
632965,F,False,False,usa,indianapolis,IND,47,,1.0,5.0,1.0,7697.35,1298.45,1.1666666666666667,6.166666666666667,0.2,0,3.0,
632988,F,True,True,usa,phoenix,PHX,50,,,3.0,1.0,1884.0,704.9499999999999,1.0,4.0,0.3333333333333333,0,3.0,
633235,F,False,True,canada,calgary,YYC,28,,1.0,,,392.0,,1.0,4.0,,0,,
633314,F,True,True,canada,hamilton,YHM,26,,,2.0,1.0,997.75,620.74,1.0,2.0,0.5,0,2.0,
633406,F,False,False,usa,dallas,DAL,25,1.0,1.0,,1.0,512.0,7.839000000000001,1.0,8.0,0.0,0,1.0,
634601,M,False,False,canada,edmonton,YEG,22,,,,,,,,,,0,,
634739,F,False,True,usa,minneapolis,MSP,21,,,,,,,,,,0,,
635249,F,False,False,usa,memphis,MEM,59,1.0,,2.0,1.3333333333333333,371.0,2239.97,1.0,2.0,1.0,0,3.0,
635442,F,True,True,usa,chicago,MDW,49,,,4.0,1.0,1450.0,928.8835,1.0,3.25,0.5,0,4.0,
635587,F,False,False,canada,edmonton,YXD,53,,,2.0,1.0,590.0,772.87,1.0,3.0,0.0,0,2.0,
635666,F,False,False,usa,san jose,SJC,28,,,,,,,,,,1,,
635861,F,False,False,usa,new york,LGA,20,,,1.0,1.0,358.0,735.03,1.0,2.0,0.0,0,1.0,
635949,F,False,True,usa,chicago,UGN,44,,1.0,3.0,1.0,2119.0,1066.1,1.0,2.5,1.0,0,2.0,
636078,F,True,False,usa,san francisco,SFO,57,,,3.0,1.3333333333333333,404.7,2948.4384999999997,1.3333333333333333,1.0,0.6666666666666666,0,3.0,
636102,F,False,False,usa,new york,LGA,50,1.0,,4.0,1.4,1433.8,3974.3975,1.25,1.75,0.4,0,5.0,Four Seasons
636520,F,False,False,usa,rochester,ROC,53,,,1.0,2.0,4140.0,2380.719,2.0,6.0,1.0,0,1.0,
636524,F,False,False,usa,el paso,BIF,48,1.0,1.0,2.0,1.0,1838.2,1087.87,1.3333333333333333,3.6666666666666665,1.0,0,2.0,
636526,M,True,True,usa,new york,LGA,40,,,1.0,1.0,273.59999999999997,622.6650000000001,1.0,1.0,1.0,0,1.0,
636739,F,False,True,usa,akron,AKR,37,,,1.0,1.0,419.0,112.74,1.0,1.0,1.0,0,1.0,
636966,F,False,False,usa,new york,JFK,38,,1.0,2.0,1.5,1630.0,3296.5,1.3333333333333333,3.6666666666666665,2.5,0,2.0,
637075,F,True,False,usa,los angeles,LAX,66,,,1.0,1.0,579.0,343.07,1.0,3.0,1.0,0,1.0,
637086,F,False,False,usa,phoenix,PHX,47,,1.0,3.0,1.0,1955.0,1271.865,1.0,3.0,0.3333333333333333,0,3.0,
637457,F,False,False,usa,oakland,OAK,42,,,2.0,1.5,595.0,1128.53,1.5,2.0,0.0,0,2.0,
637555,M,True,False,usa,new york,JFK,60,,,,,,,,,,0,,
637633,F,False,False,canada,toronto,YKZ,38,1.0,1.0,1.0,1.0,463.0,942.6700000000001,1.0,2.5,0.5,0,2.0,
637687,F,True,False,usa,san antonio,SAT,41,,,4.0,1.25,1378.0,2683.337,1.25,1.75,0.5,0,4.0,
638140,F,False,True,usa,richmond,RIC,41,,,2.0,2.5,670.0,2028.84,2.5,3.0,1.5,0,2.0,
638162,F,False,False,usa,chicago,ORD,35,1.0,3.0,2.0,1.0,2875.0,606.912,1.0,3.8,0.6666666666666666,0,3.0,
638874,F,True,False,usa,new york,JFK,46,,,2.0,1.0,294.0,352.53,1.0,1.0,0.5,0,2.0,
639571,F,False,False,usa,akron,AKR,43,,1.0,2.0,1.5,2653.0,1330.43,1.3333333333333333,3.0,0.5,0,2.0,
640451,F,True,False,canada,toronto,YYZ,69,,,,,,,,,,0,,
640649,F,True,True,usa,los angeles,LAX,66,,,2.0,1.0,2552.0,458.73,1.0,8.0,1.0,0,2.0,
640715,F,False,False,usa,fresno,FAT,51,1.0,,3.0,1.25,2128.6,4126.6804999999995,1.3333333333333333,5.0,0.75,0,4.0,
640849,F,True,False,usa,jacksonville,LRF,52,2.0,,2.0,1.0,797.2,1129.7885,1.0,4.0,0.5,0,4.0,
641012,F,False,True,usa,philadelphia,PHL,23,,1.0,2.0,1.0,1724.0,200.46,1.0,2.6666666666666665,0.5,0,2.0,
641102,F,False,False,canada,montreal,YMX,42,1.0,1.0,1.0,1.5,3934.0,1065.35,2.0,6.0,0.5,0,2.0,Rosewood
641106,F,True,False,usa,brownsville,BRO,52,1.0,,2.0,1.3333333333333333,605.2,2530.64,1.5,1.5,1.3333333333333333,0,3.0,
641310,F,False,True,usa,los angeles,LAX,46,,,1.0,1.0,1716.0,102.78,1.0,6.0,1.0,0,1.0,
641529,F,True,False,usa,philadelphia,PHL,78,,2.0,,,2550.0,,2.0,7.0,,0,,
641537,F,True,True,usa,washington,DCA,55,,1.0,1.0,1.0,1036.9,36.44,1.5,2.5,0.0,0,1.0,
642215,F,True,False,canada,hamilton,YHM,69,,,,,,,,,,0,,
642344,F,False,False,usa,wichita,ICT,43,,,4.0,1.0,3134.6000000000004,1306.113,1.0,3.75,0.0,0,4.0,
642364,M,True,True,canada,montreal,YUL,57,1.0,,,1.0,,225.5,,,0.0,0,1.0,
642553,F,False,False,canada,edmonton,YEG,29,,,1.0,1.0,366.0,540.53,1.0,1.0,1.0,1,1.0,
642679,F,False,False,usa,st. petersburg,PIE,43,,,5.0,1.2,3802.0,3131.84,1.2,2.8,0.0,0,5.0,
643324,F,True,False,usa,oklahoma city,OKC,67,,,,,,,,,,0,,
643344,F,True,True,usa,los angeles,LAX,49,1.0,1.0,,1.0,298.0,619.956,1.0,2.0,0.0,0,1.0,
643645,F,True,True,usa,new york,JFK,49,1.0,1.0,2.0,1.3333333333333333,1366.0,3332.24,1.3333333333333333,2.0,0.6666666666666666,0,3.0,
643714,F,True,False,usa,chicago,MDW,45,,,1.0,1.0,140.0,459.74,1.0,1.0,1.0,1,1.0,
644438,F,True,False,usa,new york,LGA,47,,,,,,,,,,0,,
644784,F,True,False,usa,san diego,NZY,37,,,1.0,1.0,456.0,367.87,1.0,8.0,1.0,0,1.0,
645047,F,False,False,usa,milwaukee,MKE,46,,,3.0,1.0,1454.0,832.97,1.0,3.0,0.0,1,3.0,
645415,F,False,True,usa,san diego,SAN,38,,1.0,1.0,1.0,4195.0,115.55,1.0,6.0,1.0,0,1.0,
645488,F,True,True,canada,quebec,YQB,27,,,,,,,,,,0,,
645664,M,False,False,usa,brownsville,BRO,20,,1.0,,,5280.0,,2.0,11.0,,0,,
646405,F,False,True,usa,los angeles,LAX,30,,1.0,1.0,1.0,1391.0,395.37,1.5,5.0,0.0,0,1.0,
646933,M,True,False,usa,new york,JFK,38,,,2.0,2.5,3465.0,12795.83,2.5,3.5,1.0,0,2.0,
647016,F,True,False,usa,knoxville,TYS,50,,1.0,,,2268.0,,3.0,9.0,,0,,
647597,F,False,False,usa,santa ana,SNA,46,1.0,,,2.0,,2784.36,,,1.0,0,1.0,
647662,F,False,False,usa,new york,JFK,46,,,2.0,1.0,722.0,170.65,1.0,2.0,1.0,1,2.0,
647804,M,False,True,usa,lincoln,LNK,58,,,2.0,2.0,2624.2,2259.98,2.0,2.5,1.0,0,2.0,
647862,F,False,False,canada,calgary,YYC,20,,1.0,,,1016.0,,1.0,4.0,,0,,
648852,F,True,True,canada,montreal,YUL,57,,,2.0,1.0,405.0,527.892,1.0,2.0,1.0,0,2.0,
648983,F,True,False,usa,boston,BOS,39,,,4.0,1.25,1816.3,727.04,1.25,2.5,0.25,0,3.0,Shangri-La
649378,F,False,False,usa,washington,DCA,54,,,5.0,1.4,2857.2,6151.86,1.4,1.8,0.8,0,5.0,Marriott 
650901,F,False,False,usa,baton rouge,BTR,40,,2.0,2.0,1.0,3079.0,578.8779999999999,1.0,4.25,0.5,0,2.0,Choice Hotels
651018,F,True,True,usa,st. louis,STL,52,1.0,,,1.0,,379.296,,,1.0,0,1.0,
651030,F,True,False,usa,san francisco,SFO,35,,1.0,2.0,1.0,580.0,1205.9895000000001,1.0,2.6666666666666665,0.0,0,2.0,
651193,F,True,True,usa,tacoma,TCM,46,1.0,,2.0,3.0,2282.0,38450.7885,1.5,3.5,1.6666666666666667,0,3.0,
651201,F,False,False,usa,chicago,UGN,47,,,4.0,1.25,1211.7,1231.98,1.25,1.75,0.0,0,4.0,
651269,F,False,True,usa,new york,LGA,49,,,4.0,1.25,1152.7,3810.6,1.25,2.25,0.5,0,4.0,
651274,F,False,False,usa,madison,MSN,26,,,,,,,,,,0,,
651491,M,False,False,usa,tallahassee,TLH,45,,2.0,2.0,1.0,2329.25,563.9064999999999,1.0,5.75,0.5,1,2.0,
651613,F,False,True,usa,madison,MSN,56,,,4.0,1.25,2434.0,2517.114,1.25,2.5,0.75,0,4.0,Radisson 
651744,F,False,False,usa,chicago,ORD,49,,,2.0,1.0,796.5,677.55,1.0,2.5,0.0,1,2.0,Radisson 
651818,F,False,False,usa,new york,JFK,45,1.0,,1.0,1.0,504.0,482.61,1.0,3.0,1.0,0,2.0,
651941,F,True,True,usa,indianapolis,IND,59,,1.0,,,108.0,,1.0,1.0,,0,,
651960,F,True,True,usa,charlotte,CLT,44,,,,,,,,,,0,,
652359,F,False,False,usa,buffalo,BUF,41,,,3.0,1.0,4732.0,329.38,1.0,4.0,0.0,0,3.0,
652416,F,True,True,usa,honolulu,HNL,44,,,2.0,1.0,1042.0,2208.05,1.0,1.5,0.5,0,2.0,
652737,F,False,True,usa,miami,OPF,36,,,1.0,2.0,2280.0,1328.56,2.0,5.0,1.0,0,1.0,
653197,F,False,True,usa,tucson,TUS,20,,,,,,,,,,0,,
653228,F,False,False,usa,burlington,BTV,25,,,,,,,,,,0,,
653281,F,False,False,canada,toronto,YYZ,40,,,4.0,1.25,3900.5,1270.366,1.25,7.75,0.25,0,4.0,
653640,F,True,True,usa,san jose,SJC,40,,,2.0,1.5,2426.0,5604.6755,1.0,6.0,1.0,0,2.0,
653724,M,True,False,canada,montreal,YMX,57,,,4.0,1.25,2057.0,1214.81,1.25,1.75,0.75,0,4.0,
653838,F,True,False,canada,montreal,YUL,64,1.0,,1.0,1.0,372.0,190.99,1.0,3.0,0.0,1,2.0,
654395,F,True,True,canada,toronto,YKZ,44,,,2.0,1.0,778.0,240.26,1.0,1.0,0.5,0,2.0,
654687,F,False,False,usa,kansas city,MCI,56,1.0,2.0,,1.0,808.0,276.58,1.0,5.0,1.0,0,1.0,
654913,F,True,False,canada,ottawa,YOW,39,,1.0,1.0,1.0,6632.0,85.99,1.0,10.0,1.0,0,1.0,
655022,F,False,False,usa,jacksonville,NCA,81,,,,,,,,,,0,,
655051,F,True,False,usa,long beach,LGB,36,,,1.0,1.0,280.0,710.6094999999999,1.0,1.0,0.0,0,1.0,
655166,F,False,False,usa,las vegas,LSV,19,,,,,,,,,,1,,
656626,F,False,False,usa,grand rapids,GRR,27,,,,,,,,,,0,,
657591,F,True,False,usa,fort worth,FTW,39,,1.0,3.0,2.0,2163.35,4302.45,1.75,2.5,0.3333333333333333,0,3.0,Choice Hotels
657796,F,True,True,usa,modesto,MOD,43,,,1.0,1.0,136.0,519.49,1.0,4.0,1.0,0,1.0,
658774,F,False,True,usa,milwaukee,MKE,43,1.0,1.0,,1.0,8280.0,87.33,2.0,12.0,2.0,0,1.0,
659162,M,True,True,usa,phoenix,PHX,41,,,4.0,1.25,2865.0,2705.67,1.25,3.5,0.5,0,3.0,
659360,F,False,False,usa,new york,JFK,19,,,,,,,,,,1,,
659664,F,False,False,usa,oklahoma city,OKC,52,1.0,,4.0,1.0,578.0,1663.602,1.0,1.5,0.2,0,4.0,Accor
659744,F,True,True,canada,montreal,YMX,50,,2.0,2.0,1.0,4142.0,602.03,1.0,5.5,0.0,0,2.0,
660821,F,True,False,usa,louisville,LOU,71,,,,,,,,,,0,,
660894,F,True,True,usa,austin,AUS,58,,,,,,,,,,0,,
660959,F,False,True,canada,quebec,YQB,59,,,,,,,,,,0,,
661614,F,False,False,usa,santa ana,SNA,70,,1.0,,,2376.0,,1.0,8.0,,0,,
661639,F,False,False,usa,chicago,UGN,37,,,1.0,1.0,424.0,467.19,1.0,4.0,0.0,0,1.0,
661697,F,False,False,usa,orlando,ORL,41,,,2.0,2.0,1100.0,2054.08,2.0,1.5,0.5,0,2.0,
661930,F,True,True,usa,stockton,SCK,34,,1.0,,,2135.0,,1.0,5.0,,0,,
663376,M,False,True,usa,houston,EFD,44,,,1.0,1.0,144.0,307.82,1.0,1.0,0.0,0,1.0,
664617,F,True,False,usa,memphis,MEM,61,,3.0,1.0,1.0,4556.0,478.77,1.0,5.5,0.0,0,1.0,
664663,F,False,False,usa,chicago,ORD,32,,1.0,4.0,1.0,2777.8,596.93,1.4,2.6,1.0,0,4.0,
665329,F,False,False,usa,new york,LGA,42,,,3.0,1.6666666666666667,1003.0,3277.16,1.6666666666666667,1.3333333333333333,0.0,0,2.0,
665397,F,True,False,usa,long beach,LGB,48,,,2.0,1.0,942.0,367.75,1.0,1.5,0.0,0,2.0,
665505,F,False,False,canada,ottawa,YOW,39,,1.0,4.0,1.0,2566.0,1025.819,1.2,3.2,0.25,0,4.0,
665593,F,True,False,usa,st. louis,STL,46,,,3.0,1.3333333333333333,2312.0,2324.98,1.3333333333333333,4.666666666666667,1.6666666666666667,1,3.0,
665676,M,False,True,usa,los angeles,LAX,37,,,1.0,1.0,402.0,268.54,1.0,2.0,1.0,0,1.0,
665887,F,True,True,canada,toronto,YZD,50,2.0,2.0,1.0,1.6666666666666667,1648.0,4791.21,1.0,5.333333333333333,0.3333333333333333,0,3.0,
665980,F,True,False,canada,montreal,YHU,72,,,,,,,,,,0,,
666049,F,False,False,canada,montreal,YHU,34,,,2.0,3.0,2442.0,3735.6000000000004,3.0,2.0,0.0,0,2.0,
666292,F,False,False,usa,st. louis,STL,27,,,,,,,,,,1,,
666942,F,False,False,usa,chicago,UGN,46,,,,,,,,,,0,,
667643,M,False,False,usa,salt lake city,SLC,22,,,,,,,,,,0,,
669356,F,False,False,usa,philadelphia,PHL,47,,,1.0,1.0,705.0,391.43,1.0,5.0,1.0,0,1.0,
669449,F,True,False,usa,tampa,TPA,46,,,1.0,1.0,722.5,744.05,1.0,5.0,1.0,2,1.0,
670626,F,True,False,canada,victoria,YYJ,56,1.0,1.0,2.0,1.0,2220.0,1526.17,1.3333333333333333,2.6666666666666665,0.6666666666666666,0,3.0,Fairmont
671367,F,False,False,usa,austin,AUS,40,,2.0,5.0,1.0,7798.0,1291.4195,1.2857142857142858,4.285714285714286,0.8,0,3.0,
671368,F,True,False,usa,honolulu,HNL,44,,,1.0,1.0,804.0,890.511,1.0,6.0,1.0,0,1.0,
671975,F,False,False,canada,edmonton,YEG,53,,,3.0,1.0,685.85,1326.77,1.0,3.3333333333333335,0.0,0,3.0,
672468,F,True,True,usa,oakland,OAK,40,,1.0,4.0,1.25,3365.2,4808.07,1.2,2.6,0.25,0,4.0,Rosewood
673286,F,True,False,usa,los angeles,LAX,67,,2.0,,,2270.0,,1.0,7.5,,0,,
673874,F,True,True,usa,anchorage,ANC,52,,,1.0,1.0,1331.0,868.71,1.0,11.0,1.0,0,1.0,
675053,F,False,False,canada,victoria,YYJ,43,,,3.0,1.0,2909.0,1229.9499999999998,1.0,2.6666666666666665,0.6666666666666666,0,3.0,
675594,F,False,False,usa,newport news,PHF,40,,,3.0,1.0,473.4,558.819,1.0,2.3333333333333335,1.0,0,3.0,
676570,F,False,False,usa,washington,IAD,48,,,1.0,3.0,2448.0,4299.33,3.0,2.0,0.0,1,1.0,
676707,F,True,False,usa,los angeles,LAX,51,1.0,,,2.0,,2574.28,,,1.0,0,1.0,
676762,F,False,False,usa,san francisco,SFO,44,,,4.0,1.0,2525.2,2554.54,1.0,4.5,0.75,0,3.0,Wyndham
677842,F,False,True,usa,los angeles,LAX,51,,,,,,,,,,0,,
678888,F,True,False,usa,miami,TNT,55,,,2.0,2.0,1025.0,3411.29,2.0,1.5,1.0,0,2.0,Accor
679040,F,True,True,usa,birmingham,BHM,50,,1.0,2.0,1.0,995.8,579.49,1.0,2.0,0.5,0,2.0,
679611,F,False,False,canada,toronto,YKZ,39,,1.0,4.0,1.0,2476.0,1272.628,1.0,2.8,0.75,0,4.0,Hyatt
679831,F,False,False,usa,spokane,SFF,36,,,,,,,,,,1,,
680735,M,False,False,usa,new york,LGA,41,,,3.0,1.6666666666666667,1605.0,2627.47,1.6666666666666667,1.3333333333333333,1.0,0,3.0,
681581,F,False,True,usa,los angeles,LAX,59,,,3.0,1.0,4187.0,1025.62,1.0,3.3333333333333335,1.0,0,3.0,
682247,F,False,False,usa,washington,DCA,39,,,3.0,1.6666666666666667,6441.0,414.84,1.6666666666666667,4.666666666666667,0.6666666666666666,0,2.0,
683014,F,False,False,usa,chicago,ORD,67,,1.0,2.0,1.5,3686.0,1841.54,1.3333333333333333,5.0,0.5,0,2.0,
684521,F,True,False,usa,oakland,OAK,34,,1.0,1.0,1.0,3920.0,379.14,1.5,3.0,0.0,0,1.0,
684543,F,True,True,usa,madison,MSN,47,,1.0,1.0,1.0,1259.4,464.29,1.0,4.5,0.0,0,1.0,
684764,F,False,False,usa,tulsa,TUL,40,,,1.0,1.0,245.0,284.801,1.0,1.0,0.0,0,1.0,
685594,F,True,False,usa,boston,BOS,73,,,1.0,1.0,1261.6,257.78,1.0,4.0,0.0,0,1.0,
685958,F,False,False,usa,los angeles,LAX,26,,,,,,,,,,0,,
686165,F,False,False,usa,san diego,SAN,48,,,5.0,1.0,1764.0,1839.008,1.0,2.8,0.4,0,5.0,
686408,F,False,False,usa,san antonio,SKF,49,,2.0,2.0,1.0,5559.200000000001,608.3199999999999,1.25,9.75,0.0,0,2.0,
686445,F,True,True,usa,portland,PWM,42,,1.0,,,1020.0,,1.0,5.0,,0,,
686509,F,False,True,usa,buffalo,BUF,25,,,1.0,1.0,112.0,82.85,1.0,1.0,1.0,1,1.0,
686915,F,False,False,usa,houston,IAH,34,,,,,,,,,,0,,
688600,F,True,False,usa,orlando,MCO,36,,1.0,1.0,2.0,6225.0,1143.08,1.5,4.5,1.0,0,1.0,
689037,F,False,False,usa,new york,JFK,39,1.0,,2.0,1.0,1498.0,1279.6100000000001,1.0,2.5,0.0,0,3.0,
689456,F,False,False,usa,los angeles,LAX,28,,1.0,,,3144.0,,1.0,12.0,,0,,
691541,F,False,True,usa,new york,JFK,24,,,,,,,,,,1,,
692211,F,False,False,usa,houston,IAH,25,,,,,,,,,,1,,
692510,F,True,False,usa,new york,LGA,60,1.0,,2.0,1.3333333333333333,895.2,3854.04,1.0,3.0,0.6666666666666666,0,3.0,
693765,F,True,True,usa,new york,LGA,48,,,4.0,1.0,1458.0,1263.88,1.0,2.5,0.75,0,4.0,
695011,F,True,False,usa,los angeles,LAX,31,1.0,,1.0,1.0,150.0,913.92,1.0,3.0,1.0,0,2.0,
695307,F,True,False,usa,chicago,MDW,42,,,2.0,1.0,204.0,452.18,1.0,2.0,1.0,0,2.0,
696475,F,False,False,usa,dallas,DAL,51,,2.0,2.0,1.0,2998.0,385.894,1.0,5.25,1.0,0,2.0,
697072,F,False,False,usa,new york,LGA,47,,,3.0,1.0,1016.2,1219.038,1.0,2.0,0.6666666666666666,1,3.0,
698573,F,False,False,usa,newark,EWR,39,,,3.0,1.3333333333333333,3942.0,128.032,1.3333333333333333,4.333333333333333,0.0,0,2.0,Crowne Plaza
699411,F,True,False,usa,dallas,DAL,44,,,3.0,1.3333333333333333,1348.0,2255.9900000000002,1.3333333333333333,2.0,0.6666666666666666,1,3.0,
700028,F,False,False,usa,oklahoma city,TIK,23,,1.0,1.0,1.0,1563.0,135.6,1.0,7.0,1.0,0,1.0,
700237,F,False,False,usa,atlanta,ATL,49,,,2.0,1.5,889.0,2597.4300000000003,1.5,2.5,0.5,1,2.0,
702877,F,False,True,usa,phoenix,LUF,32,1.0,,1.0,2.0,2430.0,5819.820000000001,3.0,4.0,1.0,0,2.0,
704870,F,False,False,usa,los angeles,LAX,51,,,3.0,1.0,4768.0,859.79,1.0,5.666666666666667,0.3333333333333333,0,3.0,
705215,F,False,True,canada,hamilton,YHM,34,1.0,1.0,2.0,1.3333333333333333,4548.0,1760.1395,1.3333333333333333,5.0,1.0,0,3.0,
705310,F,True,False,usa,tacoma,TCM,52,,,2.0,1.5,290.0,2520.4275000000002,1.5,1.0,0.5,0,2.0,
705984,F,True,True,usa,norfolk,ORF,23,,,,,,,,,,0,,
707260,F,True,False,usa,cleveland,CLE,47,,,3.0,1.0,721.0,1249.68,1.0,2.0,0.3333333333333333,0,3.0,
707402,F,True,False,usa,shreveport,SHV,73,,,,,,,,,,0,,
709630,F,True,True,usa,austin,AUS,48,,,,,,,,,,1,,
711391,F,False,True,usa,portland,PDX,44,,,4.0,1.0,1374.0,1552.23,1.0,1.25,0.75,0,3.0,
714166,F,True,False,usa,norfolk,NGU,41,,,1.0,1.0,592.0,173.54,1.0,4.0,0.0,0,1.0,
714565,F,False,False,usa,louisville,LOU,40,,,6.0,1.0,2307.0,1899.152,1.0,2.8333333333333335,0.3333333333333333,0,6.0,Four Seasons
720819,F,True,False,canada,calgary,YYC,42,,,1.0,1.0,220.5,206.63,1.0,7.0,0.0,0,1.0,
721552,F,False,True,usa,new york,JFK,23,,,1.0,1.0,438.0,82.04,1.0,2.0,2.0,0,1.0,
722828,F,True,True,usa,atlanta,ATL,34,,1.0,1.0,1.0,721.0,223.4,1.5,2.5,1.0,0,1.0,
722939,F,False,True,usa,fresno,FAT,45,,,1.0,1.0,172.0,128.16,1.0,1.0,1.0,0,1.0,
724581,F,True,False,usa,phoenix,PHX,40,3.0,,2.0,1.4,621.0,6690.67,1.5,2.5,0.6,0,4.0,
726953,F,False,False,usa,phoenix,PHX,53,1.0,,3.0,1.0,1712.0,2149.203,1.0,2.3333333333333335,0.25,0,2.0,
730639,F,False,False,usa,milwaukee,MKE,55,,2.0,,,19836.0,,1.5,8.0,,0,,
732729,F,False,True,usa,columbus,CMH,44,,2.0,3.0,1.0,5177.4,700.9404999999999,1.4,4.0,0.0,0,3.0,Banyan Tree 
735029,F,False,False,usa,new york,LGA,48,1.0,,2.0,1.6666666666666667,1982.0,1830.274,2.0,2.5,0.0,0,3.0,
736075,F,False,False,canada,toronto,YTZ,29,,,2.0,1.0,528.0,997.704,1.0,1.5,1.0,1,2.0,
736833,F,True,True,usa,richmond,RIC,45,1.0,,,2.0,,688.7,,,1.0,0,1.0,
739139,F,False,False,usa,birmingham,BHM,24,,,,,,,,,,0,,
739518,F,False,False,usa,new york,LGA,42,1.0,,2.0,1.0,2459.1,1467.91,1.0,4.5,0.3333333333333333,0,3.0,
739734,F,False,False,usa,los angeles,LAX,54,,1.0,,,264.0,,2.0,3.0,,0,,
741773,F,True,True,usa,minneapolis,MSP,41,,,1.0,1.0,304.0,159.63,1.0,4.0,0.0,0,1.0,
742639,F,True,True,usa,oklahoma city,TIK,55,,1.0,1.0,2.0,245.6,1184.22,1.5,2.0,1.0,0,1.0,
745292,M,False,False,canada,windsor,YQG,57,,,1.0,1.0,440.0,494.97,1.0,5.0,1.0,0,1.0,
746934,F,False,False,usa,baltimore,BWI,26,,,,,,,,,,0,,
748759,F,False,False,usa,amarillo,AMA,28,,,,,,,,,,0,,
750982,F,False,False,usa,new york,JFK,53,,,4.0,1.0,479.0,1432.4099999999999,1.0,1.25,0.75,0,4.0,
751545,F,True,True,usa,phoenix,LUF,50,,2.0,1.0,1.0,4272.2,499.79,1.6666666666666667,5.333333333333333,0.0,0,1.0,
756030,F,False,True,usa,tucson,DMA,37,,,3.0,1.0,1441.0,762.54,1.0,1.6666666666666667,0.3333333333333333,0,3.0,
760304,F,False,False,usa,tulsa,TUL,39,,,2.0,1.0,924.0,615.4124999999999,1.0,3.5,1.0,0,2.0,
763129,F,False,False,usa,tulsa,TUL,57,,1.0,,,1641.6000000000001,,1.0,12.0,,1,,
763792,F,True,False,canada,edmonton,YED,47,,1.0,,,420.0,,1.0,5.0,,0,,
765745,F,True,False,usa,san francisco,SFO,67,1.0,1.0,,1.0,399.0,452.33099999999996,1.0,3.0,0.0,0,1.0,
768291,F,False,True,usa,dallas,DAL,62,,,2.0,2.0,3170.0,2784.8675,1.5,6.0,2.0,0,2.0,
777846,F,True,True,usa,new york,JFK,47,,,2.0,1.0,1222.0,273.3,1.0,3.0,0.5,0,2.0,
785107,F,False,False,usa,portland,PDX,48,,1.0,3.0,1.0,1306.55,854.83,1.0,1.75,1.0,0,3.0,
796032,F,True,False,canada,winnipeg,YAV,53,,,2.0,1.0,1261.0,721.52,1.0,3.5,0.5,1,2.0,
801660,F,True,True,canada,toronto,YKZ,56,,,3.0,1.0,872.0,388.0405,1.0,2.0,0.3333333333333333,0,1.0,
23557,F,True,False,usa,new york,LGA,67,,2.0,,,3670.5,,1.5,10.0,,0,,
120851,F,True,True,usa,santa ana,SNA,53,,,1.0,,2002.0,,1.0,11.0,,0,,
125845,F,True,False,usa,el paso,BIF,42,,,3.0,1.3333333333333333,689.0,2250.586,1.3333333333333333,1.6666666666666667,0.6666666666666666,0,3.0,Four Seasons
133058,F,False,False,usa,austin,AUS,21,1.0,,,1.0,,423.51,,,0.0,0,1.0,
152583,F,False,False,usa,colorado springs,COS,39,,,1.0,1.0,426.0,367.83,1.0,2.0,2.0,0,1.0,
160754,F,True,True,usa,new york,LGA,48,,,1.0,1.0,428.0,93.62,1.0,2.0,1.0,0,1.0,
164522,F,True,False,usa,kansas city,MCI,50,,,1.0,1.0,3029.0,311.904,1.0,13.0,1.0,0,1.0,
171470,F,False,False,usa,atlanta,ATL,26,,,,,,,,,,2,,
175032,F,False,False,usa,houston,IAH,31,,1.0,2.0,2.0,3243.6,3024.43,2.0,4.333333333333333,0.5,0,2.0,
182191,F,False,True,usa,phoenix,PHX,21,,,,,,,,,,1,,
187212,F,True,True,usa,los angeles,LAX,57,,,3.0,1.0,904.0,1242.57,1.0,2.0,0.6666666666666666,0,3.0,
189676,F,False,True,usa,fort worth,FTW,38,,1.0,1.0,3.0,5001.0,3732.93,2.0,9.0,2.0,0,1.0,
195192,F,False,False,usa,chicago,MDW,30,,,1.0,2.0,320.0,788.58,2.0,1.0,0.0,0,1.0,
204943,M,False,False,canada,ottawa,YOW,43,,,5.0,1.6,3873.0,4199.856,1.6,3.0,1.4,1,3.0,
205044,F,True,True,canada,toronto,YKZ,42,,,3.0,2.0,5642.0,6887.1875,2.0,4.666666666666667,0.3333333333333333,0,2.0,
206011,F,False,True,usa,kansas city,MCI,41,1.0,,3.0,1.0,1138.0,1024.772,1.0,3.0,0.25,0,4.0,
216796,F,False,False,usa,cincinnati,CVG,24,,,,,,,,,,1,,
217136,F,False,True,usa,little rock,LIT,41,,1.0,1.0,1.0,659.0,539.57,1.0,2.0,0.0,0,1.0,
220725,F,False,False,usa,stockton,SCK,42,1.0,,2.0,1.0,962.0,1533.42,1.0,3.5,0.3333333333333333,1,3.0,
224996,F,False,True,canada,halifax,YHZ,45,1.0,,1.0,1.0,231.0,897.61,1.0,1.0,0.0,0,2.0,
226367,F,False,False,usa,washington,IAD,45,,,3.0,1.3333333333333333,1864.0,990.1719999999999,1.3333333333333333,1.6666666666666667,0.6666666666666666,0,3.0,
228872,M,False,False,usa,san antonio,RND,37,,1.0,1.0,1.0,1288.0,509.21,1.0,6.5,1.0,0,1.0,
229108,F,False,False,usa,burlington,BTV,28,,,,,,,,,,1,,
229330,F,True,False,usa,colorado springs,COS,49,,,4.0,1.75,3521.0,2883.21,1.75,1.75,0.25,0,3.0,Extended Stay 
232647,F,False,False,usa,birmingham,BHM,20,1.0,1.0,,1.0,2343.0,237.1,1.0,11.0,1.0,0,1.0,
249521,F,True,True,canada,ottawa,YOW,61,,1.0,1.0,1.0,369.4,642.02,1.0,1.5,1.0,0,1.0,
258451,F,False,False,usa,miami,OPF,25,,,,,,,,,,1,,
264470,F,False,True,usa,bakersfield,BFL,47,,,2.0,,2127.0,,1.0,4.5,,0,,
276512,F,True,True,usa,austin,AUS,43,,,1.0,1.0,100.0,395.69,1.0,1.0,1.0,0,1.0,
290123,F,True,False,usa,houston,HOU,43,1.0,,6.0,1.5714285714285714,4605.0,10006.14,1.6666666666666667,2.5,0.8571428571428571,0,7.0,
297546,F,True,False,usa,new york,JFK,53,,1.0,4.0,1.5,3542.0,2325.9,1.4,5.2,0.75,0,4.0,Rosewood
306819,F,True,True,usa,new york,JFK,62,,,1.0,1.0,370.0,50.16,1.0,1.0,1.0,1,1.0,
313724,F,False,False,usa,tulsa,TUL,54,,1.0,3.0,1.3333333333333333,3392.0,1734.8400000000001,1.5,3.75,0.6666666666666666,1,3.0,
317688,F,False,True,usa,indianapolis,IND,43,,,4.0,1.0,1172.9,1238.74,1.0,1.5,0.5,0,4.0,
322867,F,False,False,usa,mobile,BFM,48,,,1.0,1.0,1323.0,173.04,1.0,7.0,1.0,0,1.0,
324191,F,False,False,usa,san diego,SAN,42,,,2.0,1.5,1610.0,170.21,1.5,4.5,0.5,0,1.0,
328590,F,False,False,usa,san diego,NZY,57,,,2.0,2.0,2596.25,5406.01,2.0,4.5,0.5,1,2.0,
331039,F,True,True,canada,london,YXU,46,,,,,,,,,,1,,
334787,F,False,False,usa,minneapolis,MSP,55,,,3.0,1.0,864.0,749.4475,1.0,2.0,0.6666666666666666,0,3.0,
343928,F,True,False,usa,el paso,BIF,67,1.0,,1.0,1.5,348.0,8616.26,1.0,3.0,0.5,0,2.0,
348817,F,False,False,canada,calgary,YYC,30,,1.0,3.0,1.0,2622.0,1374.6200000000001,1.0,2.25,0.6666666666666666,0,3.0,
349132,F,False,False,usa,cincinnati,CVG,51,,1.0,2.0,1.0,3516.1000000000004,226.36,1.6666666666666667,4.666666666666667,0.0,0,1.0,
354950,M,True,False,usa,amarillo,AMA,55,,,1.0,1.0,762.0,460.54,1.0,6.0,1.0,0,1.0,
356046,F,False,False,canada,ottawa,YOW,36,,,2.0,1.5,705.0,942.11,1.5,2.0,0.0,0,2.0,
359653,M,False,False,canada,victoria,YYJ,57,,,2.0,1.0,649.2,784.33,1.0,1.5,1.0,0,2.0,
361759,F,True,False,canada,winnipeg,YWG,54,1.0,,3.0,1.0,295.7,1660.59,1.0,1.3333333333333333,0.5,0,4.0,
363535,F,False,False,usa,charlotte,CLT,33,,,2.0,1.5,601.0,1124.5819999999999,1.5,3.0,0.5,1,2.0,
371201,M,False,True,usa,new york,JFK,30,1.0,,,1.0,,199.47,,,3.0,0,1.0,
374340,F,True,False,usa,new york,LGA,36,1.0,,,2.0,,7932.38,,,1.0,0,1.0,
377069,F,True,False,usa,new york,LGA,70,,,,,,,,,,1,,
379543,F,True,False,usa,san jose,SJC,58,,,3.0,1.0,1535.0,1155.12,1.0,2.0,0.3333333333333333,0,3.0,
380436,F,False,False,usa,new york,LGA,46,,,1.0,1.0,594.0,113.25,1.0,4.0,1.0,0,1.0,
380874,F,True,False,usa,louisville,LOU,56,,,3.0,,546.9000000000001,,1.0,1.6666666666666667,,0,,
381259,F,False,True,usa,san diego,SAN,23,,,1.0,1.0,68.0,719.48,1.0,1.0,1.0,0,1.0,
381465,F,False,False,usa,san antonio,SAT,35,,2.0,1.0,1.0,2976.0,324.87,1.0,10.333333333333334,0.0,1,1.0,
386914,F,True,True,canada,hamilton,YHM,48,,,1.0,1.0,577.8000000000001,134.71,1.0,2.0,1.0,1,1.0,
387282,F,False,True,usa,amarillo,AMA,32,,1.0,,,3564.0,,3.0,4.0,,0,,
387783,M,True,True,usa,oakland,OAK,55,,2.0,1.0,1.0,2798.0,431.26,1.3333333333333333,5.0,0.0,0,1.0,Starwood 
395202,F,False,False,usa,san jose,SJC,28,,1.0,,,2964.0,,1.0,13.0,,0,,
396552,F,True,False,canada,london,YXU,47,,,4.0,1.0,699.0,824.85,1.0,1.0,0.5,0,4.0,
399137,F,True,False,usa,dallas,DAL,55,,2.0,2.0,1.0,6424.0,831.47,1.5,3.75,1.0,0,2.0,
399799,F,True,False,canada,toronto,YTZ,57,,,4.0,1.0,745.0,1361.2,1.0,2.25,0.5,0,4.0,
400582,F,True,False,usa,chicago,ORD,34,,1.0,3.0,1.0,2549.0,626.158,1.0,2.25,0.0,0,3.0,
400899,F,True,False,canada,quebec,YQB,47,,,3.0,1.3333333333333333,2230.0,1381.7600000000002,1.3333333333333333,3.3333333333333335,0.6666666666666666,0,3.0,
402978,F,True,False,usa,milwaukee,MKE,53,,,4.0,1.0,1831.0,1382.5165000000002,1.0,3.0,0.75,0,3.0,
405305,F,True,True,usa,san francisco,SFO,47,,,3.0,1.3333333333333333,1421.0,2094.61,1.3333333333333333,1.3333333333333333,0.6666666666666666,0,2.0,Marriott 
406210,F,False,True,usa,anchorage,ANC,23,,,2.0,1.0,1558.0,1190.81,1.0,7.0,0.5,0,2.0,
407118,F,True,False,usa,new york,JFK,54,,,2.0,1.0,1896.0,454.02,1.0,4.0,0.5,1,2.0,Banyan Tree 
407434,F,True,True,canada,halifax,YAW,54,,1.0,,,3186.0,,2.0,9.0,,0,,
407642,F,False,False,canada,hamilton,YHM,31,,,2.0,1.0,859.0,469.77,1.0,1.5,0.0,0,2.0,
411179,F,False,False,usa,san jose,SJC,53,,1.0,1.0,1.0,4483.0,456.624,1.5,7.5,1.0,1,1.0,
411701,F,False,False,canada,calgary,YYC,42,,1.0,1.0,1.0,316.0,578.27,1.0,1.0,1.0,0,1.0,
413128,F,False,False,canada,hamilton,YHM,31,,1.0,4.0,1.5,12053.2,4054.5630000000006,1.4,5.6,0.25,0,4.0,Choice Hotels
413418,F,False,False,usa,knoxville,TYS,56,1.0,1.0,1.0,1.5,286.0,974.49,1.5,3.5,1.5,0,1.0,
414128,F,False,False,usa,seattle,BFI,29,,1.0,3.0,1.6666666666666667,4609.4,6881.93,1.5,2.75,0.3333333333333333,0,3.0,
415282,F,True,True,usa,portland,PWM,44,,,2.0,2.0,2892.0,6707.82,2.0,3.5,0.0,0,2.0,
415581,F,True,False,usa,new york,JFK,44,,,3.0,1.0,2036.0,1059.77,1.0,5.666666666666667,0.6666666666666666,0,3.0,
416580,F,False,False,usa,fort worth,FTW,45,1.0,,3.0,1.25,878.1,1888.34,1.3333333333333333,1.3333333333333333,0.25,1,4.0,
417679,F,False,False,usa,new york,LGA,39,1.0,,4.0,1.2,2098.1,2479.1014999999998,1.0,2.75,0.4,0,5.0,Shangri-La
418329,M,False,True,usa,detroit,DET,51,,,3.0,1.0,2884.7,415.987,1.0,9.0,0.6666666666666666,0,2.0,
418488,F,True,False,canada,toronto,YYZ,40,,,4.0,1.0,2199.0,1411.6,1.0,3.25,0.5,0,3.0,
420648,F,True,True,usa,portland,PDX,54,1.0,1.0,1.0,1.0,2676.0,1334.241,1.0,5.5,0.0,0,2.0,Hyatt
421247,F,True,True,usa,memphis,MEM,44,,,4.0,1.0,1586.9,709.59,1.0,2.0,0.5,0,4.0,Radisson 
421515,F,False,False,canada,winnipeg,YAV,33,,,2.0,1.0,351.05,675.1,1.0,1.0,0.5,0,2.0,
421666,F,False,True,usa,washington,IAD,32,,,1.0,1.0,79.0,545.17,1.0,1.0,1.0,1,1.0,
421700,F,False,True,usa,richmond,RIC,43,,,3.0,1.3333333333333333,2695.7999999999997,1350.462,1.3333333333333333,5.0,0.0,0,3.0,
422066,F,True,True,usa,cincinnati,CVG,57,,,4.0,1.25,2910.0,2666.455,1.25,5.0,1.25,0,4.0,
423042,F,False,True,canada,ottawa,YOW,44,1.0,2.0,2.0,1.0,1696.8,673.1,1.0,2.5,0.3333333333333333,1,3.0,
423413,F,False,False,usa,new york,LGA,19,,1.0,,,10760.0,,2.0,20.0,,0,,
425653,M,False,True,usa,portland,PDX,22,,,,,,,,,,0,,
426478,F,False,False,canada,hamilton,YHM,27,,1.0,,,963.9,,1.0,9.0,,1,,
427426,F,False,False,usa,san diego,SAN,38,1.0,,2.0,1.0,183.0,728.6500000000001,1.0,1.5,0.3333333333333333,0,3.0,
427506,F,True,True,usa,norfolk,ORF,57,,,2.0,1.0,458.20000000000005,145.945,1.0,1.0,0.5,1,1.0,
428056,M,False,False,canada,vancouver,YVR,39,1.0,,3.0,1.0,1607.0,2377.27,1.0,3.0,0.0,0,4.0,
431144,F,True,False,usa,cincinnati,CVG,53,,1.0,1.0,,1488.0,,1.0,4.5,,0,,
431337,F,False,False,usa,miami,MIA,40,,,3.0,1.0,1459.0,1208.6599999999999,1.0,2.0,1.0,0,3.0,
431602,F,False,False,usa,tacoma,TCM,39,,,2.0,1.5,776.1,3276.498,1.5,2.0,0.5,1,1.0,
432637,F,False,True,usa,san antonio,SAT,39,,,3.0,1.0,1002.0,1292.7,1.0,2.0,0.3333333333333333,0,3.0,
432941,F,False,False,usa,anchorage,MRI,42,,1.0,3.0,1.6666666666666667,3646.0,6720.419999999999,1.75,5.0,0.3333333333333333,0,3.0,Marriott 
433905,F,False,False,usa,new york,LGA,28,,1.0,,,3920.0,,2.0,14.0,,0,,
434238,F,True,True,usa,indianapolis,IND,52,1.0,,1.0,1.0,44.0,96.91999999999999,1.0,1.0,0.5,0,1.0,
434623,F,False,False,canada,montreal,YHU,36,,,3.0,1.0,1253.0,1094.9470000000001,1.0,2.0,0.3333333333333333,1,3.0,
435231,F,False,False,canada,toronto,YZD,32,,1.0,1.0,1.0,916.0,52.88,1.0,4.0,1.0,0,1.0,
435669,F,False,True,usa,tampa,MCF,46,,,2.0,1.5,320.0,2570.06,1.5,1.0,0.5,0,2.0,
435837,F,False,False,usa,new orleans,MSY,53,,1.0,,,1848.0,,1.0,12.0,,0,,
437539,F,False,False,usa,nashville,BNA,48,,,5.0,,1204.0,,1.0,1.8,,0,,
437549,F,False,False,usa,new orleans,NBG,42,,,3.0,1.0,898.0,1010.85,1.0,2.6666666666666665,1.0,0,3.0,
438406,F,False,False,usa,los angeles,LAX,45,1.0,,3.0,1.25,1331.0,3381.2005,1.3333333333333333,2.0,0.5,0,2.0,
438551,F,True,True,usa,charlotte,CLT,38,,2.0,,,451.5,,1.0,2.0,,1,,
438596,F,False,False,usa,oklahoma city,OKC,26,,1.0,1.0,,1372.0,,1.0,4.5,,0,,
438995,F,False,False,usa,tallahassee,TLH,26,,,,,,,,,,0,,
439052,F,True,False,usa,richmond,RIC,54,,,4.0,1.0,2468.0,2058.542,1.0,4.25,0.5,0,4.0,
439120,M,True,False,usa,tulsa,TUL,40,1.0,,1.0,1.0,83.7,797.9100000000001,1.0,1.0,0.5,0,2.0,
439363,F,False,False,usa,fort worth,FTW,53,1.0,1.0,2.0,1.0,2087.0,616.3,1.0,5.666666666666667,0.3333333333333333,0,3.0,
440655,F,False,True,canada,toronto,YYZ,33,,,3.0,,1142.6,,1.0,1.6666666666666667,,0,,Rosewood
441200,F,False,True,canada,ottawa,YOW,37,1.0,1.0,1.0,1.0,588.0,545.24,1.0,3.5,1.0,0,2.0,
441448,F,False,True,usa,san antonio,SKF,30,,,1.0,1.0,1200.0,335.04,1.0,2.0,1.0,0,1.0,
441457,F,True,False,usa,washington,DCA,61,,1.0,2.0,1.0,3241.0,172.43800000000002,1.3333333333333333,3.6666666666666665,0.0,0,2.0,
442812,F,True,True,usa,boston,BOS,57,,1.0,,,850.0,,1.0,10.0,,0,,
442819,F,True,False,canada,ottawa,YOW,73,,,1.0,1.0,85.0,714.69,1.0,1.0,1.0,0,1.0,
443453,F,False,False,usa,seattle,BFI,38,,,4.0,,797.3,,1.0,1.25,,0,,
443598,F,False,False,usa,honolulu,HNL,45,,,2.0,1.0,1498.65,2257.4539999999997,1.0,4.5,0.5,0,2.0,
443652,F,False,False,usa,seattle,SEA,32,,,4.0,1.25,1551.0,2672.68,1.25,2.75,1.0,0,4.0,NH Hotel 
444387,F,True,False,usa,cincinnati,LUK,48,1.0,,2.0,1.3333333333333333,168.0,2305.52,1.0,1.0,0.3333333333333333,0,3.0,
445351,F,True,True,usa,des moines,DSM,55,1.0,,3.0,1.0,1138.8,962.11,1.0,3.6666666666666665,0.0,0,4.0,
445515,F,False,False,canada,toronto,YZD,42,,,2.0,1.0,684.0,1370.94,1.0,2.0,0.5,0,2.0,
446124,F,False,False,usa,new york,LGA,47,,,5.0,1.0,1745.4,1810.02,1.0,2.8,0.6,0,4.0,
446473,F,True,False,usa,san diego,NZY,51,1.0,,2.0,1.0,590.2,1375.89,1.0,1.5,0.6666666666666666,0,3.0,
446933,M,False,False,canada,toronto,YTZ,49,,,4.0,1.25,697.0,1364.7715,1.25,1.5,0.5,0,4.0,
447053,F,False,True,usa,riverside,RAL,39,,,2.0,1.0,383.0,884.74,1.0,2.5,0.5,0,2.0,
447591,M,False,False,canada,winnipeg,YWG,24,,,1.0,,229.0,,1.0,1.0,,0,,
448467,F,False,False,canada,halifax,YAW,40,,2.0,,,4732.0,,1.0,9.5,,0,,
448564,F,False,False,usa,colorado springs,COS,51,,1.0,4.0,,1126.0,,1.0,2.0,,0,,
449033,F,False,False,usa,san diego,NZY,43,,,5.0,1.0,1583.0,1467.92,1.0,2.6,1.0,0,5.0,Best Western
449619,F,False,False,usa,cleveland,CLE,37,,,3.0,1.0,2004.0,1046.53,1.0,5.333333333333333,1.0,0,3.0,
449804,F,True,False,usa,tacoma,TCM,43,,,3.0,1.0,1067.0,1443.4099999999999,1.0,1.6666666666666667,1.0,0,3.0,
450305,F,False,False,usa,fayetteville,FYV,41,,1.0,2.0,1.0,1774.6000000000001,355.3055,1.0,3.6666666666666665,0.5,0,2.0,
450615,F,False,False,usa,kansas city,MCI,46,1.0,,3.0,1.25,585.0,1808.565,1.0,5.0,0.75,0,4.0,
451674,F,False,True,usa,san francisco,SFO,26,,,,,,,,,,0,,
453143,F,False,False,usa,houston,HOU,48,,1.0,4.0,1.0,2407.1000000000004,1704.4,1.0,3.2,0.75,0,4.0,Shangri-La
454264,F,False,True,usa,new york,JFK,51,1.0,,,1.0,,733.54,,,0.0,0,1.0,
454430,F,True,False,canada,vancouver,YVR,40,,1.0,2.0,2.5,2299.5,5991.59,2.0,2.3333333333333335,0.0,0,2.0,
454616,F,True,False,usa,los angeles,LAX,47,,,1.0,1.0,806.0,495.69,1.0,2.0,0.0,0,1.0,
454661,F,False,False,usa,louisville,LOU,48,,,3.0,1.0,1043.0,1001.2985000000001,1.0,1.6666666666666667,0.3333333333333333,0,3.0,Four Seasons
454920,F,True,False,usa,new york,LGA,40,,,5.0,1.6,3064.0,10526.89,1.6,3.8,0.6,0,5.0,
454955,F,True,False,usa,san diego,NZY,53,,,1.0,,804.0,,1.0,3.0,,0,,
456226,F,False,False,usa,houston,IAH,50,1.0,,4.0,1.2,1704.0,10804.880000000001,1.0,4.5,1.0,0,4.0,Four Seasons
457599,F,True,False,usa,columbus,LCK,41,1.0,1.0,3.0,1.0,2250.3,864.8645,1.0,2.5,0.5,0,4.0,
457967,F,False,False,usa,colorado springs,COS,22,,,,,,,,,,0,,
458688,F,False,False,usa,cleveland,CLE,45,1.0,,1.0,1.0,2380.0,105.34199999999998,1.0,10.0,0.0,0,2.0,
459486,F,False,False,usa,st. petersburg,SPG,30,1.0,,1.0,1.0,825.0,881.19,1.0,3.0,0.5,0,2.0,
459645,F,False,False,usa,wichita,ICT,32,,,1.0,2.0,1190.0,1391.56,2.0,5.0,1.0,0,1.0,
460181,F,True,False,usa,st. louis,STL,67,,1.0,1.0,1.0,1899.0,212.24899999999997,1.5,5.0,0.0,0,1.0,
460625,F,True,True,usa,baltimore,BWI,48,,1.0,3.0,1.0,4316.6,876.9970000000001,1.25,6.75,0.3333333333333333,1,3.0,Accor
461744,F,False,False,usa,new york,LGA,32,,1.0,1.0,1.0,919.0,201.15,1.0,4.0,0.0,0,1.0,
461791,F,True,True,usa,boston,BOS,52,1.0,,2.0,1.6666666666666667,1733.0,2584.4860000000003,1.0,2.5,0.3333333333333333,0,3.0,
462127,F,True,False,usa,houston,HOU,43,1.0,,1.0,1.0,112.0,859.9000000000001,1.0,1.0,0.5,0,1.0,
462456,F,False,True,canada,toronto,YKZ,42,2.0,,3.0,1.2,431.0,1412.0265,1.0,1.3333333333333333,0.2,0,4.0,
463652,F,True,False,canada,montreal,YHU,40,,,1.0,1.0,144.4,206.62,1.0,1.0,1.0,0,1.0,
463698,F,False,False,usa,atlanta,ATL,39,,,4.0,,960.55,,1.0,2.0,,0,,
463910,F,False,False,usa,phoenix,PHX,46,,,5.0,1.2,3001.0,3694.1,1.2,2.2,0.8,0,5.0,Aman Resorts
464160,F,True,True,usa,los angeles,LAX,51,,1.0,1.0,,2353.0,,1.0,8.5,,0,,
464542,F,False,True,canada,toronto,YZD,27,,,1.0,1.0,166.0,680.4,1.0,1.0,0.0,0,1.0,
464597,F,True,True,usa,richmond,RIC,61,,1.0,,,6129.0,,3.0,9.0,,0,,
464614,F,False,False,canada,calgary,YYC,40,,,3.0,1.0,862.0,1364.7289999999998,1.0,2.6666666666666665,0.6666666666666666,1,3.0,
464673,M,True,True,usa,louisville,LOU,51,2.0,1.0,1.0,2.0,4825.0,1960.4454999999998,2.5,5.0,1.0,0,3.0,Marriott 
464782,F,True,True,usa,boston,BOS,50,,1.0,1.0,1.0,532.0,52.17,1.0,2.0,0.0,0,1.0,
464855,F,False,True,canada,victoria,YYJ,30,,,1.0,1.0,1056.0,624.447,1.0,6.0,1.0,1,1.0,
466205,F,True,True,usa,new york,LGA,41,,2.0,2.0,1.0,3073.0,1349.8600000000001,1.0,5.5,1.0,0,2.0,
466342,M,False,False,canada,montreal,YUL,19,,2.0,,,7760.4,,1.5,12.0,,0,,Extended Stay 
466723,F,True,False,usa,louisville,LOU,42,,,3.0,1.0,1171.0,528.5654999999999,1.0,2.3333333333333335,0.0,1,2.0,
467007,M,True,True,usa,riverside,RAL,51,2.0,1.0,1.0,,5210.0,,1.5,5.5,,0,,
468106,F,False,False,usa,new york,LGA,47,2.0,,2.0,1.25,540.4,3263.93,1.5,2.5,0.0,0,4.0,
468370,F,False,False,usa,philadelphia,PHL,35,,2.0,2.0,,1249.0,,1.0,4.5,,0,,
468666,F,False,True,usa,richmond,RIC,44,,,3.0,1.0,316.35,989.1175000000001,1.0,1.0,0.3333333333333333,0,3.0,
468801,F,True,True,usa,dallas,DAL,46,1.0,,2.0,,945.0,,1.0,2.0,,0,,
468808,F,False,True,canada,windsor,YQG,48,1.0,,3.0,,1326.0,,1.0,2.0,,0,,
469237,F,False,True,usa,new york,LGA,19,,1.0,,,1536.0,,2.0,3.0,,0,,
469418,F,True,True,usa,san francisco,SFO,27,,,,,,,,,,0,,
469767,F,True,False,usa,new york,JFK,50,,,4.0,1.25,1797.0,2295.06,1.25,2.25,0.75,0,4.0,Best Western
471077,F,True,False,usa,louisville,LOU,59,1.0,,5.0,,1054.0,,1.0,1.2,,0,,Best Western
471500,F,False,True,usa,houston,IAH,28,,2.0,1.0,1.0,3676.8,250.81,1.0,5.666666666666667,0.0,0,1.0,Marriott 
471565,F,False,True,usa,nashville,BNA,32,,1.0,1.0,1.0,1625.0,194.76,1.0,7.0,1.0,0,1.0,
471717,F,True,True,usa,phoenix,LUF,48,,,3.0,,1027.0,,1.0,1.6666666666666667,,0,,
471973,F,False,True,usa,sacramento,MHR,38,,,,,,,,,,0,,
472614,F,False,False,canada,toronto,YYZ,41,,,2.0,,679.0,,1.0,1.5,,0,,
472713,F,True,True,usa,nashville,BNA,43,,,4.0,1.25,2445.25,1545.96,1.0,3.0,1.0,0,4.0,
472785,M,False,False,canada,toronto,YZD,48,1.0,,2.0,1.0,1178.0,1011.177,1.0,2.5,0.6666666666666666,0,3.0,
472966,F,True,False,usa,oakland,OAK,39,,,2.0,1.0,791.0,722.9200000000001,1.0,1.5,0.0,0,2.0,
473332,F,True,False,usa,los angeles,LAX,52,1.0,1.0,2.0,,3088.4,,1.0,4.0,,0,,
473343,F,True,False,usa,kansas city,MCI,50,,,3.0,1.3333333333333333,973.0,1178.75,1.3333333333333333,2.0,1.0,0,3.0,
473402,F,True,False,usa,los angeles,LAX,44,,,2.0,1.5,848.0,3422.96,1.5,3.0,0.5,1,2.0,
473467,F,True,False,usa,austin,AUS,45,1.0,1.0,2.0,1.3333333333333333,1131.3,2580.65,1.3333333333333333,2.3333333333333335,0.6666666666666666,0,3.0,
473568,F,True,True,usa,new york,JFK,51,,,1.0,1.0,271.0,524.0880000000001,1.0,1.0,1.0,0,1.0,
473712,F,False,False,usa,chicago,ORD,47,1.0,1.0,4.0,1.0,2924.0,1411.1975,1.0,2.8,0.4,0,4.0,Aman Resorts
474384,F,True,False,usa,indianapolis,IND,43,1.0,,3.0,1.25,1315.0,1627.6680000000001,1.3333333333333333,2.0,1.0,0,4.0,
474546,F,True,False,usa,memphis,MEM,55,1.0,,4.0,1.8,2685.2,4193.1655,2.0,3.75,0.2,0,4.0,Hilton
474951,F,False,False,usa,jacksonville,NIP,39,,,5.0,1.2,919.75,2879.502,1.2,1.8,0.4,0,5.0,
474980,F,True,False,usa,columbus,CMH,43,,1.0,2.0,1.0,2230.0,235.66,1.3333333333333333,2.6666666666666665,0.0,0,2.0,Starwood 
475130,F,True,True,usa,milwaukee,MKE,48,1.0,,5.0,1.6666666666666667,1715.6,5082.992,1.8,1.2,0.8333333333333334,0,5.0,Rosewood
476081,F,True,True,usa,el paso,BIF,59,1.0,1.0,2.0,1.0,916.0,742.72,1.0,2.3333333333333335,0.0,0,3.0,
476173,F,False,False,usa,amarillo,AMA,26,,1.0,,,3315.0,,1.0,13.0,,0,,
476393,F,True,False,canada,calgary,YYC,53,,,2.0,1.0,581.0,933.3299999999999,1.0,1.5,0.5,0,2.0,
476436,F,True,True,usa,dallas,DAL,44,,,4.0,1.0,1686.0,1198.01,1.0,2.25,0.5,0,4.0,
476665,F,True,False,usa,detroit,DET,41,,,6.0,1.5,5716.0,11015.911,1.5,2.5,0.6666666666666666,0,6.0,
476693,F,False,False,usa,los angeles,LAX,39,,,4.0,,940.0,,1.0,1.5,,0,,Extended Stay 
476714,F,False,False,usa,columbus,CMH,46,,,3.0,1.3333333333333333,2805.6000000000004,1655.6765,1.3333333333333333,3.3333333333333335,0.6666666666666666,0,3.0,
476916,F,False,True,usa,louisville,LOU,35,,,,,,,,,,0,,
477316,F,False,False,usa,new york,LGA,41,,1.0,3.0,1.0,1029.0,1632.27,1.0,2.5,0.6666666666666666,0,3.0,
478003,M,True,False,usa,cleveland,CLE,56,1.0,,2.0,1.0,639.0,1413.54,1.0,1.5,0.3333333333333333,0,3.0,
478146,F,True,False,usa,dallas,DAL,51,,1.0,1.0,1.0,551.0,350.39,1.0,4.0,2.0,1,1.0,
478188,M,False,False,usa,denver,DEN,31,,1.0,2.0,1.0,893.0,602.9300000000001,1.0,3.0,1.0,0,2.0,Marriott 
478228,M,True,False,canada,halifax,YAW,29,,1.0,1.0,2.0,1405.8,657.96,1.5,6.5,0.0,0,1.0,
478585,F,False,False,usa,los angeles,LAX,48,1.0,,4.0,,1210.0,,1.0,1.5,,0,,
478760,F,False,False,usa,new york,JFK,23,,1.0,,,260.0,,1.0,1.0,,1,,
479071,F,False,False,usa,baltimore,BWI,39,,1.0,4.0,1.0,1899.0,1388.6,1.0,1.8,0.5,0,3.0,
479101,F,False,True,canada,toronto,YTZ,37,,,1.0,1.0,135.85,128.63,1.0,1.0,1.0,0,1.0,
479254,F,True,False,canada,montreal,YHU,46,,,3.0,1.0,1233.0,768.25,1.0,2.0,0.3333333333333333,0,3.0,Accor
479524,F,False,False,usa,honolulu,HNL,35,,,,,,,,,,1,,
479785,M,True,True,usa,tulsa,TUL,39,,,,,,,,,,0,,
480313,F,True,False,usa,los angeles,LAX,49,,,2.0,1.0,284.0,389.39,1.0,1.0,0.5,1,2.0,
480331,F,True,False,usa,phoenix,PHX,42,,,3.0,1.0,1490.0,618.594,1.0,2.0,0.3333333333333333,0,3.0,
480796,F,False,True,usa,anchorage,MRI,42,,1.0,2.0,1.0,1106.0,1581.21,1.3333333333333333,3.3333333333333335,0.5,0,2.0,
481050,F,True,True,usa,houston,EFD,49,,1.0,1.0,,1123.0,,1.0,4.5,,0,,
481245,F,False,False,usa,new york,LGA,48,,,2.0,1.0,896.0,693.135,1.0,8.0,0.0,0,2.0,
481292,F,False,False,usa,san jose,SJC,34,1.0,,3.0,1.0,767.0,1643.14,1.0,1.6666666666666667,1.0,0,4.0,
481554,F,True,False,usa,anchorage,MRI,49,,,5.0,1.2,3078.9,5360.72,1.2,3.2,0.6,0,4.0,Starwood 
482264,F,True,True,usa,wichita,IAB,44,,1.0,3.0,1.0,2522.8,835.13,1.0,4.0,0.6666666666666666,0,3.0,
482630,F,False,False,canada,toronto,YTZ,32,,,2.0,1.0,266.0,652.38,1.0,1.0,0.5,0,2.0,
482744,F,False,False,usa,new york,LGA,40,,,4.0,1.0,1076.3,861.25,1.0,2.5,1.0,0,3.0,
482811,M,False,False,usa,san diego,SAN,69,,,,,,,,,,1,,
483224,F,False,False,usa,chicago,MDW,48,2.0,,1.0,1.0,927.0,1005.94,1.0,9.0,0.3333333333333333,0,2.0,
483237,F,True,False,usa,dallas,DAL,38,,,4.0,,4184.0,,1.0,3.5,,0,,NH Hotel 
483480,M,True,True,canada,toronto,YTZ,41,,2.0,3.0,1.0,2390.1,657.83,1.2,2.8,0.6666666666666666,0,3.0,
483603,F,False,False,usa,new york,JFK,40,1.0,,3.0,1.5,1257.0,2522.48,1.6666666666666667,1.3333333333333333,0.0,0,4.0,
483928,F,False,False,usa,new york,JFK,43,,,5.0,1.2,2264.0,1559.6125,1.2,2.6,0.4,0,5.0,
484249,F,True,False,usa,minneapolis,MSP,45,,,3.0,1.0,9193.2,1244.69,1.0,7.333333333333333,0.0,0,3.0,
484342,F,False,False,usa,houston,IAH,20,,,,,,,,,,1,,
484987,F,False,False,canada,montreal,YMX,59,,,4.0,1.25,1937.0,1414.24,1.25,4.0,0.75,0,4.0,
485149,F,False,False,usa,fayetteville,POB,44,,,3.0,1.0,889.0,797.83,1.0,1.3333333333333333,0.3333333333333333,0,3.0,
485260,F,True,True,usa,chicago,UGN,51,,,2.0,1.0,935.6,650.96,1.0,3.0,0.5,0,2.0,
485518,F,False,False,usa,brownsville,BRO,29,,,,,,,,,,0,,
485536,F,True,True,usa,houston,HOU,38,,,,,,,,,,0,,
485544,F,True,False,usa,las vegas,LAS,43,1.0,,7.0,1.875,6621.0,22096.6065,2.0,3.857142857142857,0.375,0,7.0,Best Western
485591,F,True,False,usa,colorado springs,COS,51,,1.0,3.0,1.0,3778.7,1276.79,1.25,2.5,0.0,0,3.0,
485894,F,False,True,canada,toronto,YKZ,44,,1.0,2.0,1.5,6756.0,861.363,1.3333333333333333,5.0,0.5,0,2.0,Marriott 
486046,F,True,False,canada,montreal,YMX,75,,1.0,,,1056.0,,1.0,11.0,,0,,
486191,F,True,False,usa,los angeles,LAX,70,,1.0,,,1872.0,,1.0,6.0,,0,,
486268,F,False,False,usa,los angeles,LAX,27,,,,,,,,,,0,,
486270,F,False,False,canada,victoria,YYJ,30,,1.0,2.0,1.0,1913.0,1126.01,1.0,3.3333333333333335,0.5,0,2.0,
486447,F,False,True,usa,new york,LGA,28,,,,,,,,,,1,,
486671,F,True,True,usa,louisville,LOU,57,1.0,,4.0,1.8,3481.0,6708.1224999999995,2.0,2.75,0.4,0,5.0,Hilton
486823,F,False,False,usa,sacramento,SAC,28,1.0,,2.0,1.6666666666666667,1559.5,7389.58,2.0,1.5,0.3333333333333333,0,3.0,
487036,F,True,True,canada,calgary,YYC,43,,,1.0,1.0,144.0,285.5,1.0,1.0,1.0,0,1.0,
487040,F,False,True,usa,phoenix,LUF,38,1.0,,2.0,,1623.0,,1.5,2.5,,0,,Marriott 
487101,F,True,False,canada,ottawa,YOW,41,,,4.0,1.25,1062.2,2095.02,1.25,1.5,0.5,0,4.0,Conrad 
487276,F,True,False,usa,los angeles,LAX,67,,1.0,3.0,1.0,2070.0,1187.5095000000001,1.0,3.5,0.6666666666666666,0,3.0,
487680,F,True,True,canada,montreal,YHU,52,,,2.0,1.5,459.0,3011.22,1.5,2.0,0.5,1,2.0,
487715,F,True,False,usa,seattle,SEA,51,1.0,,3.0,,718.3,,1.0,1.3333333333333333,,1,,
487858,F,True,False,usa,fresno,FAT,43,,1.0,2.0,1.0,1570.0,959.7,1.3333333333333333,3.0,0.5,0,2.0,
487954,M,False,False,canada,edmonton,YED,43,,1.0,3.0,1.3333333333333333,5268.0,3185.48,1.5,4.25,0.6666666666666666,0,2.0,Conrad 
488009,F,False,False,usa,baltimore,BWI,49,1.0,,1.0,,464.0,,1.0,2.0,,0,,
488246,F,False,False,canada,edmonton,YEG,20,,1.0,,,1586.5,,2.0,5.0,,0,,
488314,F,True,False,usa,los angeles,LAX,59,,,3.0,1.0,543.5,1498.61,1.0,1.6666666666666667,0.3333333333333333,1,3.0,
488410,F,True,True,usa,new york,JFK,53,,,3.0,1.0,556.0,590.87,1.0,3.3333333333333335,0.3333333333333333,0,3.0,
488430,F,False,False,usa,austin,AUS,19,,,,,,,,,,1,,
488462,F,True,False,canada,toronto,YTZ,47,,1.0,4.0,1.0,1356.35,631.81,1.0,2.6,0.25,0,3.0,
488511,F,True,False,canada,montreal,YMX,47,,1.0,2.0,,6370.0,,1.0,6.333333333333333,,0,,
488529,F,True,True,usa,houston,HOU,49,,,3.0,1.6666666666666667,1911.6,3396.76,1.6666666666666667,1.6666666666666667,0.3333333333333333,0,3.0,
488539,F,True,False,canada,quebec,YQB,52,,,,,,,,,,0,,
488974,F,False,False,usa,newark,EWR,56,1.0,,2.0,1.0,264.0,452.84999999999997,1.0,2.0,0.6666666666666666,0,3.0,
489635,M,False,False,usa,fresno,FAT,50,,,4.0,1.0,1156.0,2284.684,1.0,2.0,0.5,0,4.0,
489661,F,False,False,usa,richmond,RIC,22,,1.0,,,1320.0,,1.0,5.0,,0,,
489786,F,True,False,usa,akron,AKR,53,,,,,,,,,,0,,
489802,F,True,False,usa,detroit,YIP,41,,,1.0,1.0,600.0,344.32,1.0,4.0,0.0,0,1.0,
489844,F,True,True,canada,toronto,YYZ,50,,1.0,2.0,1.0,1448.85,1072.05,1.0,5.0,1.0,0,2.0,
489852,F,True,False,usa,santa ana,SNA,52,,1.0,1.0,2.0,2541.0,1380.06,1.5,6.0,1.0,0,1.0,
489953,F,False,True,usa,san antonio,SKF,42,1.0,,5.0,1.8333333333333333,4667.25,5796.7055,2.0,2.6,0.8333333333333334,0,6.0,
490040,F,True,False,usa,riverside,RIV,47,,,3.0,1.6666666666666667,2153.0,7036.078,1.6666666666666667,2.6666666666666665,0.0,0,3.0,
490107,F,False,False,usa,philadelphia,PNE,39,,,5.0,1.0,1613.8000000000002,1405.9275,1.0,2.2,0.8,0,5.0,
490133,F,True,True,usa,lubbock,LBB,52,,2.0,3.0,1.0,3946.2,1100.31,1.2,4.6,1.0,0,3.0,
490358,F,False,True,usa,las vegas,LAS,30,,,2.0,,737.0,,1.0,3.0,,0,,
490671,F,False,True,usa,indianapolis,IND,38,1.0,,3.0,1.0,2733.15,496.77,1.0,4.333333333333333,1.0,0,4.0,
491003,F,False,True,usa,corpus christi,CRP,40,,,1.0,1.0,124.0,332.85,1.0,1.0,0.0,0,1.0,
491124,M,False,False,usa,colorado springs,COS,56,,1.0,3.0,1.0,6666.0,688.08,1.25,4.25,0.0,0,3.0,
491266,F,True,False,usa,sacramento,SMF,45,2.0,,1.0,1.3333333333333333,1160.0,2235.7200000000003,2.0,4.0,1.0,0,3.0,
491559,F,True,False,usa,san diego,SAN,50,,,3.0,,583.0,,1.0,1.3333333333333333,,0,,
491597,F,False,False,usa,omaha,OMA,47,,,2.0,,954.0,,2.5,1.0,,0,,
491706,M,False,False,usa,phoenix,LUF,46,1.0,,1.0,1.0,1028.0,1114.45,1.0,4.0,0.0,0,2.0,
491772,F,False,False,canada,edmonton,YEG,57,,1.0,3.0,1.3333333333333333,1663.8,2311.099,1.5,3.25,0.3333333333333333,0,3.0,
491925,M,False,False,usa,new york,JFK,55,1.0,1.0,4.0,,3317.0,,1.4,4.0,,0,,
492209,F,True,False,canada,montreal,YUL,44,1.0,,3.0,1.25,743.6,3025.54,1.0,1.6666666666666667,0.25,0,3.0,NH Hotel 
492211,M,False,False,usa,tucson,TUS,24,,,1.0,1.0,780.0,140.85,1.0,5.0,0.0,0,1.0,
492287,F,False,False,usa,los angeles,LAX,40,,,2.0,2.5,3256.0,6702.25,2.5,3.0,1.5,0,2.0,
492614,F,False,False,usa,las vegas,LSV,21,,,,,,,,,,0,,
492999,F,False,False,usa,los angeles,LAX,32,,,1.0,1.0,281.0,646.3,1.0,1.0,0.0,0,1.0,
493409,M,False,False,usa,nashville,BNA,30,1.0,1.0,3.0,1.25,4013.0,1442.37,1.25,6.0,1.0,0,4.0,Aman Resorts
494382,F,False,True,canada,ottawa,YOW,41,1.0,1.0,3.0,1.5,2707.0,1458.32,1.5,4.75,0.25,0,2.0,
494441,F,False,True,usa,colorado springs,COS,47,,,,,,,,,,0,,
494590,F,False,False,usa,houston,IAH,30,,1.0,3.0,1.0,5329.6,594.995,1.25,3.75,1.0,0,3.0,
494680,F,False,False,usa,dallas,DAL,29,,1.0,3.0,1.0,1556.6,1061.26,1.0,2.25,0.3333333333333333,0,3.0,
494704,M,True,False,canada,quebec,YQB,45,,1.0,5.0,1.0,2283.0,1505.8799999999999,1.0,2.1666666666666665,0.4,0,4.0,
495042,F,True,False,usa,los angeles,LAX,50,,1.0,4.0,1.0,2840.7,2142.375,1.0,2.6,0.25,0,4.0,
495080,F,True,False,usa,fresno,FAT,36,,,1.0,1.0,291.75,224.01,1.0,1.0,0.0,0,1.0,
495272,F,False,False,usa,tucson,DMA,35,,1.0,2.0,1.0,1669.4,695.8100000000001,1.0,4.333333333333333,0.5,0,2.0,
495273,F,False,False,canada,edmonton,YXD,32,,2.0,4.0,1.25,6296.3,3150.11,1.1666666666666667,7.166666666666667,1.25,0,4.0,
495482,F,True,False,usa,dallas,DAL,38,1.0,1.0,3.0,1.0,3634.1,1370.12,1.0,6.25,0.25,0,4.0,
495603,F,True,False,usa,san francisco,SFO,31,1.0,1.0,3.0,1.0,4385.0,1201.55,1.0,8.25,0.25,0,3.0,
496074,F,False,False,usa,boston,BOS,31,,,,,,,,,,0,,
496273,F,True,False,usa,los angeles,LAX,57,1.0,1.0,2.0,1.0,1359.4,1363.5700000000002,1.0,5.0,0.6666666666666666,0,3.0,
496286,M,False,False,usa,seattle,BFI,42,1.0,,2.0,1.6666666666666667,1062.0,5831.170000000001,2.0,2.0,1.0,0,3.0,
496382,F,False,False,usa,louisville,LOU,45,2.0,,2.0,1.5,1848.0,1056.1335,1.0,3.0,1.0,0,4.0,
496408,F,False,False,usa,fresno,FAT,46,1.0,,3.0,1.0,802.0,1082.95,1.0,1.0,0.75,1,4.0,
497042,F,True,True,usa,fresno,FAT,58,,,4.0,1.0,907.0,1953.23,1.0,2.75,0.0,0,4.0,
497108,F,False,False,usa,nashville,BNA,49,,,3.0,1.3333333333333333,714.0,1244.53,1.3333333333333333,1.0,0.3333333333333333,0,3.0,
497475,F,True,False,usa,corpus christi,CRP,49,3.0,,1.0,1.5,340.0,10637.72,1.0,4.0,0.75,0,4.0,
497615,F,False,True,canada,toronto,YYZ,48,,1.0,2.0,1.0,3438.0,500.28,1.0,4.333333333333333,1.0,0,2.0,
497680,F,False,True,usa,new york,LGA,42,,1.0,2.0,1.0,742.0,683.69,1.0,2.6666666666666665,0.5,0,2.0,
498154,F,True,False,usa,akron,AKR,47,,,2.0,1.0,316.0,753.29,1.0,1.5,0.5,0,2.0,
498199,F,True,False,usa,kansas city,MCI,47,,1.0,2.0,1.0,1144.0,494.72,1.0,2.6666666666666665,0.0,0,2.0,Extended Stay 
498298,F,False,False,usa,fort worth,FTW,19,,2.0,1.0,1.0,4832.0,298.05,1.3333333333333333,8.0,2.0,0,1.0,
498363,F,False,False,canada,london,YXU,51,,,2.0,1.5,766.9,302.25,1.5,2.0,0.0,0,2.0,
498500,F,True,True,usa,sacramento,SAC,52,,1.0,2.0,,1261.4,,1.3333333333333333,3.3333333333333335,,1,,
498665,F,False,False,canada,montreal,YHU,38,,,5.0,1.0,2329.0,1246.798,1.0,2.2,0.4,1,4.0,
498857,F,True,False,usa,spokane,SKA,39,1.0,,2.0,1.0,577.0,1152.4,1.0,3.5,0.6666666666666666,0,3.0,
498931,F,True,True,usa,baltimore,BWI,60,,,2.0,1.0,2778.0,250.56600000000003,1.0,6.0,0.0,0,2.0,
499038,F,False,False,usa,richmond,RIC,33,1.0,1.0,2.0,1.0,4076.0,1187.5,1.3333333333333333,3.0,1.0,0,3.0,
499379,F,True,False,usa,reno,RNO,68,,1.0,1.0,1.0,765.6,499.23,1.0,3.5,0.0,0,1.0,
499751,F,True,False,canada,vancouver,YVR,55,,1.0,3.0,1.0,3694.0,1468.93,1.0,4.75,1.3333333333333333,0,3.0,
499760,F,True,True,usa,corpus christi,CRP,51,,,,,,,,,,0,,
499810,M,True,False,usa,cincinnati,LUK,48,,1.0,2.0,1.0,2715.0,768.9599999999999,1.0,5.333333333333333,0.5,0,2.0,
499969,F,False,False,usa,providence,PVD,27,,1.0,,,351.0,,1.0,9.0,,0,,
499990,F,False,False,usa,new york,LGA,39,1.0,,1.0,2.0,1284.0,7638.3,1.0,6.0,0.5,1,2.0,
500078,F,True,False,canada,ottawa,YOW,48,,,2.0,1.0,529.0,327.78000000000003,1.0,3.5,1.0,0,2.0,
500196,F,True,False,canada,calgary,YYC,54,,,2.0,1.5,407.0,2283.29,1.5,2.0,0.5,0,2.0,
500243,F,False,False,usa,philadelphia,PHL,27,,,1.0,1.0,234.0,150.6,1.0,2.0,0.0,0,1.0,
500257,F,False,False,usa,new york,LGA,46,,,2.0,1.0,393.4,698.545,1.0,1.5,0.5,0,2.0,InterContinental 
500493,F,False,True,usa,chicago,UGN,44,1.0,1.0,1.0,1.5,7025.0,1336.48,1.5,4.0,0.5,0,2.0,
500532,F,True,True,canada,ottawa,YOW,39,,1.0,,,566.0,,1.0,2.0,,0,,
500646,F,True,False,usa,indianapolis,IND,49,,2.0,1.0,1.0,3219.2000000000003,228.82500000000002,1.3333333333333333,7.333333333333333,1.0,0,1.0,
501322,F,True,True,usa,los angeles,LAX,56,,1.0,3.0,1.0,2476.3,1820.9669999999999,1.0,2.75,1.0,0,3.0,
501344,M,False,False,usa,corpus christi,CRP,52,1.0,,,1.0,,95.59,,,0.0,0,1.0,
501436,F,True,False,usa,columbus,CMH,33,1.0,,2.0,1.0,397.0,510.12,1.0,1.0,1.3333333333333333,1,3.0,
501708,F,False,False,canada,montreal,YHU,26,,,,,,,,,,1,,
501735,F,False,False,usa,new york,JFK,35,,,3.0,1.0,331.0,969.08,1.0,1.0,1.0,0,3.0,
501780,M,False,True,usa,bakersfield,BFL,19,,,,,,,,,,0,,
501794,F,True,False,usa,nashville,BNA,45,,,4.0,1.0,1781.0,752.4499999999999,1.0,4.25,0.75,0,4.0,Shangri-La
501817,F,True,False,canada,gatineau,YND,52,,,3.0,2.0,4034.0,2471.86,2.0,2.6666666666666665,0.6666666666666666,0,3.0,
502145,F,False,False,usa,baltimore,BWI,41,,,4.0,1.25,1651.0,4269.58,1.25,2.5,0.75,0,4.0,
502210,F,True,False,canada,montreal,YMX,45,,1.0,2.0,1.0,1719.0,752.8299999999999,1.3333333333333333,3.0,1.0,1,2.0,
502353,F,False,False,usa,honolulu,HNL,41,1.0,1.0,3.0,1.0,6017.0,4846.17,1.25,5.5,0.5,0,3.0,
502847,F,True,False,usa,grand rapids,GRR,52,,1.0,4.0,1.0,2070.0,1081.8899999999999,1.2,1.8,0.5,0,4.0,
502995,F,False,False,usa,charlotte,CLT,70,,,,,,,,,,0,,
503049,F,False,False,usa,omaha,OMA,73,,,,,,,,,,0,,
503126,F,False,False,canada,edmonton,YXD,27,,1.0,,,2592.0,,1.0,9.0,,0,,
503277,F,False,False,usa,los angeles,LAX,57,,,3.0,1.0,1252.65,1591.49,1.0,3.6666666666666665,1.3333333333333333,0,3.0,
503342,F,True,False,usa,lincoln,LNK,45,,,2.0,,1734.0,,1.0,4.5,,1,,
503418,F,False,False,usa,new york,LGA,42,,,5.0,1.0,2964.0,1422.941,1.0,3.6,0.4,0,5.0,Best Western
503760,F,True,False,usa,kansas city,MCI,41,,1.0,4.0,1.75,7242.0,4536.13,1.4,4.6,0.5,0,4.0,
503773,F,False,True,usa,brownsville,BRO,20,,,,,,,,,,0,,
503928,F,True,True,canada,toronto,YYZ,48,,,2.0,1.0,1419.0,482.14000000000004,1.0,2.0,0.0,0,2.0,
503945,F,False,False,usa,san antonio,RND,49,1.0,,2.0,1.3333333333333333,1038.0,3159.8129999999996,1.5,2.0,0.3333333333333333,0,3.0,
504081,F,True,True,usa,los angeles,LAX,46,1.0,,1.0,1.0,222.0,989.1800000000001,1.0,1.0,0.5,0,2.0,
504133,F,True,False,usa,lincoln,LNK,47,,,3.0,2.0,6617.0,3324.5600000000004,2.0,6.0,0.6666666666666666,0,3.0,
504299,F,True,True,usa,milwaukee,MKE,43,,,3.0,1.0,937.0,1512.4955,1.0,2.0,0.6666666666666666,0,3.0,
504320,F,False,False,usa,indianapolis,IND,32,,,2.0,1.0,525.75,686.78,1.0,2.0,1.0,0,2.0,
504371,F,False,True,usa,new york,LGA,53,1.0,,4.0,1.8,4026.0,13382.22,1.5,4.75,0.4,0,4.0,
504579,F,False,False,usa,phoenix,LUF,71,,,,,,,,,,0,,
504669,F,False,False,usa,long beach,LGB,43,,,2.0,1.0,406.0,1179.299,1.0,2.0,1.0,0,2.0,
504859,F,False,True,usa,phoenix,PHX,28,,1.0,1.0,1.0,2420.0,234.11,1.5,4.0,0.0,0,1.0,
504945,F,False,False,usa,houston,EFD,45,,,4.0,1.0,1343.4,1313.5900000000001,1.0,1.5,0.75,0,4.0,
505066,M,True,True,usa,boston,BOS,27,,1.0,,,816.0,,2.0,3.0,,0,,
505230,F,False,False,usa,tucson,TUS,63,,1.0,2.0,1.5,2538.0,1134.257,1.6666666666666667,3.6666666666666665,1.0,0,2.0,
505289,F,False,False,usa,new york,JFK,30,,,3.0,1.0,274.0,641.48,1.0,1.0,0.3333333333333333,0,3.0,
505358,F,False,False,usa,detroit,DET,40,,,3.0,1.6666666666666667,2028.0,1259.5915,1.6666666666666667,3.0,0.6666666666666666,0,3.0,
505617,F,False,True,canada,vancouver,YVR,50,,,1.0,2.0,906.0,2339.48,2.0,1.0,0.0,1,1.0,
505667,F,True,False,usa,san francisco,SFO,56,,,3.0,1.0,1671.0,1025.94,1.0,2.6666666666666665,0.0,0,3.0,
505680,F,False,False,usa,los angeles,LAX,49,,1.0,3.0,,1789.0,,1.25,2.0,,0,,
505854,F,True,False,usa,new york,JFK,56,,2.0,3.0,1.0,4113.0,1356.95,1.0,5.0,1.0,0,2.0,
505916,F,False,False,usa,charlotte,CLT,29,,1.0,4.0,1.0,10446.8,1569.277,1.2,10.6,0.75,0,3.0,
506130,F,False,False,usa,phoenix,PHX,42,,,4.0,1.0,2583.4,2693.652,1.0,3.25,0.5,0,3.0,
506427,F,True,True,usa,dallas,DAL,50,1.0,1.0,4.0,1.0,2743.85,698.5,1.2,3.0,1.0,0,4.0,Aman Resorts
506611,F,True,False,usa,tulsa,TUL,56,,3.0,1.0,1.0,2197.0,133.21,1.0,3.5,0.0,0,1.0,
506828,F,False,False,usa,louisville,LOU,29,,,1.0,1.0,816.0,458.03,1.0,4.0,1.0,0,1.0,
506837,F,False,True,usa,cleveland,CLE,49,,,3.0,1.0,6213.0,809.9680000000001,1.0,5.666666666666667,1.0,0,3.0,
507133,F,False,False,canada,edmonton,YXD,29,,1.0,2.0,1.5,4620.0,2139.9900000000002,1.6666666666666667,3.3333333333333335,1.0,0,2.0,
507207,F,False,True,usa,new york,LGA,20,,2.0,,,5140.0,,1.5,7.5,,0,,
507273,F,False,False,usa,columbus,LCK,33,1.0,,3.0,1.0,662.0,1572.97,1.0,1.6666666666666667,0.5,0,4.0,
507435,F,True,True,usa,los angeles,LAX,55,,,4.0,1.0,1878.0,1312.45,1.0,2.5,0.5,0,3.0,
507557,F,True,True,usa,baton rouge,BTR,61,,1.0,1.0,1.0,468.0,53.13,1.0,4.0,1.0,0,1.0,
507573,F,False,False,usa,denver,DEN,44,,,3.0,,578.0,,1.0,1.6666666666666667,,0,,
507728,F,True,True,usa,st. louis,STL,40,,,2.0,1.0,1045.0,465.57,1.0,2.5,0.0,0,2.0,
507753,F,False,True,usa,nashville,BNA,26,,,1.0,1.0,1704.0,188.11,1.0,8.0,1.0,0,1.0,
507759,F,True,False,canada,victoria,YYJ,51,,,3.0,1.0,950.0,716.548,1.0,2.6666666666666665,0.6666666666666666,0,3.0,
507805,F,True,True,usa,san jose,SJC,45,,,4.0,1.25,7067.4,3044.42,1.25,6.0,0.5,1,4.0,
508050,F,True,False,usa,new york,JFK,48,1.0,,3.0,1.5,3727.2000000000003,2500.679,1.3333333333333333,10.666666666666666,0.75,0,3.0,
508096,F,True,False,usa,spokane,SKA,67,,1.0,2.0,1.0,801.0,987.2125,1.0,2.3333333333333335,0.5,0,2.0,
508111,F,True,True,usa,fort worth,FTW,42,,,,,,,,,,1,,
508144,F,False,False,usa,new york,JFK,40,,,3.0,,1470.0,,1.0,2.3333333333333335,,0,,
508153,M,False,False,canada,halifax,YAW,34,,,2.0,2.0,352.75,4741.41,2.0,1.0,0.5,0,2.0,
508367,F,True,False,usa,lubbock,LBB,50,1.0,,3.0,1.0,469.0,1439.037,1.0,1.6666666666666667,0.25,0,4.0,
508497,F,False,False,canada,calgary,YYC,39,,1.0,1.0,1.0,1982.0,356.24,1.0,6.0,0.0,0,1.0,
508546,F,False,False,usa,cincinnati,LUK,31,1.0,,2.0,1.0,422.0,896.5,1.0,2.0,0.6666666666666666,0,3.0,
508611,F,False,True,usa,houston,HOU,24,,,,,,,,,,0,,
508713,F,False,True,usa,los angeles,LAX,20,,,1.0,1.0,246.5,592.368,1.0,2.0,2.0,0,1.0,
508731,F,True,False,usa,norfolk,NGU,57,,1.0,3.0,1.0,6541.0,781.2194999999999,1.0,7.75,1.3333333333333333,0,3.0,Rosewood
508829,F,False,False,usa,burlington,BTV,19,,1.0,2.0,,2554.0,,1.0,4.333333333333333,,1,,
508849,F,False,False,usa,charlotte,CLT,39,1.0,2.0,2.0,,4962.0,,1.5,3.25,,0,,
508856,M,False,True,usa,portland,PDX,23,,,,,,,,,,1,,
508891,F,False,True,usa,san antonio,RND,19,2.0,,,,,,,,,0,,
508892,F,False,False,canada,hamilton,YHM,36,,,3.0,,1981.0,,1.0,2.3333333333333335,,0,,
508901,F,True,True,canada,hamilton,YHM,54,,,2.0,,232.0,,1.0,1.0,,0,,
508917,M,False,False,usa,los angeles,LAX,23,1.0,1.0,,,972.0,,1.0,8.0,,0,,
508923,F,True,True,usa,madison,MSN,50,1.0,1.0,1.0,,949.0,,1.0,2.0,,1,,
508944,F,False,False,usa,los angeles,LAX,60,,,2.0,,302.0,,1.0,1.5,,0,,
508964,F,True,True,usa,newark,EWR,28,,,,,,,,,,0,,
509001,F,True,False,canada,montreal,YUL,72,,,,,,,,,,0,,
509024,F,False,False,usa,new york,JFK,20,,,1.0,,2035.0,,1.0,5.0,,0,,
509052,F,True,False,usa,san antonio,SKF,63,,,1.0,,116.0,,1.0,1.0,,0,,
509061,F,False,True,canada,vancouver,YVR,32,1.0,,2.0,,1016.8,,1.0,6.0,,0,,
509115,F,False,False,usa,los angeles,LAX,39,1.0,3.0,4.0,,7240.0,,1.2857142857142858,4.571428571428571,,0,,Hyatt
509119,F,False,False,usa,new york,LGA,28,1.0,2.0,1.0,,1676.0,,1.3333333333333333,5.333333333333333,,0,,
509157,F,False,True,usa,san antonio,RND,30,,,2.0,,1934.0,,1.0,11.5,,0,,InterContinental 
509202,F,False,True,usa,minneapolis,MSP,27,,1.0,1.0,,319.0,,1.0,1.5,,0,,
509278,F,True,False,canada,edmonton,YED,52,,1.0,1.0,,2940.0,,2.0,5.0,,1,,Aman Resorts
509282,F,False,False,usa,seattle,SEA,39,,1.0,3.0,1.0,2356.0,1095.564,1.25,3.75,1.0,0,2.0,Extended Stay 
509302,F,False,True,canada,toronto,YZD,61,,,2.0,1.0,788.0,51.37,1.0,2.0,1.0,0,1.0,
509316,F,False,False,usa,chicago,MDW,43,1.0,,3.0,,1032.0,,1.3333333333333333,1.6666666666666667,,0,,
509324,F,True,False,canada,winnipeg,YAV,51,1.0,,2.0,1.3333333333333333,1887.8,2089.538,1.5,2.0,0.6666666666666666,0,3.0,
509346,M,False,True,usa,atlanta,ATL,52,1.0,1.0,1.0,,489.0,,1.0,2.5,,0,,
509354,M,True,False,usa,tallahassee,TLH,47,1.0,2.0,1.0,,4015.0,,1.0,8.0,,0,,Wyndham
509402,F,False,False,usa,richmond,RIC,70,,,,,,,,,,0,,
509413,F,False,False,usa,boston,BOS,50,1.0,,1.0,,470.0,,1.0,1.0,,0,,
509414,F,False,False,usa,tampa,TPA,26,,,1.0,,450.0,,1.0,10.0,,0,,
509421,F,False,True,usa,baltimore,BWI,56,,1.0,2.0,1.0,1119.1,404.87,1.0,3.3333333333333335,0.5,1,2.0,
509435,M,False,False,usa,nashville,BNA,46,,,4.0,,2864.0,,1.5,1.75,,0,,
509453,F,False,False,usa,lubbock,LBB,43,,1.0,2.0,,1203.0,,1.3333333333333333,3.6666666666666665,,0,,
509459,F,False,False,usa,new york,JFK,19,1.0,1.0,,,8580.0,,2.0,5.0,,0,,
509498,F,False,False,usa,milwaukee,MKE,41,,,2.0,,7801.0,,3.0,6.5,,0,,InterContinental 
509515,F,False,True,usa,memphis,MEM,31,,1.0,1.0,1.0,2802.0,297.45,1.0,6.0,1.0,0,1.0,
509530,F,True,True,canada,edmonton,YXD,48,1.0,1.0,4.0,,3182.0,,1.4,2.8,,0,,
509598,F,False,False,canada,winnipeg,YWG,41,,,3.0,,1653.0,,1.0,3.6666666666666665,,0,,
509603,F,False,False,usa,memphis,MEM,20,,1.0,1.0,,4736.25,,2.0,8.0,,0,,
509712,F,False,False,usa,philadelphia,PHL,35,,1.0,2.0,,1434.0,,1.0,6.666666666666667,,0,,
509781,F,True,False,usa,norfolk,NGU,65,1.0,1.0,,2.0,1719.0,709.76,1.0,9.0,2.0,0,1.0,
509841,F,True,True,usa,knoxville,TYS,49,1.0,,2.0,,1031.0,,1.5,2.0,,0,,
509855,F,True,True,usa,winston-salem,INT,38,,,,,,,,,,0,,
509924,F,True,False,usa,tampa,MCF,40,,,,,,,,,,0,,
509933,M,True,True,usa,louisville,LOU,47,,1.0,2.0,,5189.0,,1.0,6.0,,0,,
509969,F,True,False,canada,montreal,YHU,71,,1.0,,,379.20000000000005,,1.0,6.0,,0,,
510022,F,True,True,usa,austin,AUS,55,1.0,1.0,2.0,,895.0,,1.0,1.3333333333333333,,0,,
510048,F,False,True,usa,dallas,DAL,33,,,2.0,,1720.0,,1.0,5.0,,0,,
510061,F,True,True,usa,new york,LGA,50,1.0,,4.0,,2103.0,,1.0,2.25,,0,,
510067,F,True,True,usa,new york,LGA,50,,1.0,3.0,1.0,4188.0,435.713,1.0,3.25,0.0,0,2.0,
510070,F,True,True,usa,boston,BOS,59,,2.0,2.0,,6228.2,,1.75,8.0,,0,,Hilton
510081,F,False,False,usa,oakland,OAK,47,,2.0,1.0,,2711.0,,1.0,6.333333333333333,,0,,
510090,F,True,False,usa,anchorage,ANC,52,,,1.0,,88.0,,1.0,1.0,,0,,
510093,M,True,False,usa,norfolk,NGU,55,1.0,,3.0,,3034.0,,1.0,5.666666666666667,,0,,
510112,F,True,False,usa,new orleans,MSY,48,,,1.0,,1580.0,,1.0,20.0,,0,,
510163,F,True,True,usa,las vegas,LSV,54,,1.0,3.0,,5788.0,,1.0,8.25,,0,,
510164,F,True,True,canada,montreal,YMX,36,,,2.0,,1657.0,,1.0,6.5,,0,,
510172,F,False,False,usa,mobile,BFM,37,,,3.0,,1250.3,,1.0,2.6666666666666665,,0,,
510179,F,True,False,usa,jacksonville,NCA,60,1.0,1.0,3.0,,2717.0,,1.5,2.75,,0,,
510188,F,False,False,usa,san antonio,SAT,37,1.0,1.0,2.0,1.0,942.0,752.89,1.0,1.3333333333333333,0.5,2,2.0,Accor
510198,F,False,False,usa,new york,JFK,34,,,3.0,1.0,1499.1999999999998,430.746,1.0,2.3333333333333335,0.5,0,2.0,
510213,F,True,True,canada,toronto,YTZ,42,1.0,1.0,3.0,,1775.0,,1.0,2.25,,0,,
510238,F,False,True,usa,new york,LGA,43,,,3.0,,2027.0,,1.3333333333333333,1.3333333333333333,,0,,
510239,F,True,True,usa,santa ana,SNA,57,,1.0,1.0,,4076.4,,1.0,6.0,,0,,
510243,F,True,False,canada,windsor,YQG,44,1.0,,2.0,,965.0,,1.0,2.5,,0,,
510283,F,False,False,canada,edmonton,YED,20,,,,,,,,,,0,,
510379,F,False,False,usa,san francisco,SFO,21,,1.0,,,303.0,,1.0,3.0,,0,,
510452,F,False,False,canada,toronto,YKZ,57,,,4.0,,4086.4,,1.0,3.5,,0,,Marriott 
510490,F,True,False,usa,milwaukee,MKE,73,,1.0,,,616.0,,1.0,4.0,,0,,
510511,F,True,False,usa,stockton,SCK,50,,1.0,1.0,,1523.0,,1.0,3.5,,0,,
510533,F,False,False,usa,jacksonville,JAX,38,,,1.0,,672.0,,1.0,4.0,,0,,
510570,F,False,False,usa,new york,JFK,46,,2.0,2.0,1.0,4356.0,853.04,1.25,5.5,0.5,0,2.0,
510571,F,True,True,usa,new york,LGA,22,,3.0,1.0,,9330.0,,1.5,7.5,,0,,
510580,M,False,False,usa,providence,PVD,56,,1.0,2.0,,1401.0,,1.0,3.0,,0,,
510582,M,False,False,usa,phoenix,PHX,29,,1.0,1.0,,2615.5,,1.0,5.5,,0,,
510585,F,False,True,canada,montreal,YUL,19,,,1.0,,3107.0,,1.0,13.0,,0,,
510586,F,False,False,usa,new york,LGA,34,,,5.0,,1763.0,,1.2,3.8,,0,,
510618,F,True,True,usa,san diego,SAN,48,,1.0,2.0,,1599.2,,1.0,3.0,,0,,
510694,M,False,False,usa,anchorage,ANC,47,,,3.0,1.0,749.5999999999999,1908.71,1.0,2.3333333333333335,0.6666666666666666,1,3.0,
510700,M,False,False,usa,newark,EWR,53,,1.0,2.0,1.0,6215.0,169.0,1.3333333333333333,4.0,0.5,1,2.0,
510719,F,True,True,canada,montreal,YMX,38,,1.0,,,1940.0,,1.0,20.0,,0,,
510733,F,True,True,canada,toronto,YKZ,47,1.0,,1.0,1.0,183.6,746.76,1.0,2.0,1.0,0,2.0,
510754,F,False,False,usa,charlotte,CLT,46,,1.0,4.0,1.0,1426.0,1065.45,1.2,2.2,0.25,0,3.0,
510805,F,False,False,usa,dallas,DAL,75,,1.0,1.0,1.0,938.0,388.86,1.0,5.0,2.0,0,1.0,
510815,F,True,True,usa,san antonio,SKF,58,,,4.0,1.0,4163.0,1399.714,1.0,5.0,0.25,0,4.0,
510822,F,False,False,usa,new york,JFK,47,1.0,1.0,2.0,1.0,4191.05,1397.4750000000001,1.3333333333333333,6.0,0.3333333333333333,0,3.0,
510944,M,True,True,usa,chicago,UGN,58,3.0,,3.0,1.3333333333333333,712.6,2767.625,1.0,1.0,0.5,0,6.0,
510953,F,False,False,usa,seattle,SEA,46,1.0,,1.0,1.5,330.0,2307.09,2.0,1.0,0.0,0,2.0,
510961,F,True,False,usa,st. petersburg,SPG,48,,1.0,3.0,1.0,1862.0,1142.6385,1.0,3.25,0.6666666666666666,0,3.0,Accor
511017,M,True,False,usa,chicago,UGN,62,,,1.0,1.0,177.0,511.25,1.0,1.0,1.0,0,1.0,
511066,F,False,False,usa,indianapolis,IND,36,,,3.0,1.3333333333333333,1047.0,1418.854,1.3333333333333333,2.0,0.0,0,3.0,
511125,F,True,True,canada,quebec,YQB,50,,,3.0,1.0,487.1,1045.1195,1.0,2.3333333333333335,1.0,0,3.0,
511145,F,False,True,usa,wichita,IAB,33,,2.0,1.0,1.0,4699.700000000001,25.914,2.0,6.333333333333333,1.0,0,1.0,
511148,F,True,True,usa,new york,LGA,47,,1.0,2.0,1.0,1627.0,1300.85,1.0,4.666666666666667,0.0,0,2.0,
511160,M,True,False,usa,austin,AUS,45,1.0,,2.0,1.0,606.0,1187.33,1.0,3.0,0.0,0,3.0,
511178,F,False,False,usa,new york,LGA,40,,1.0,3.0,1.0,922.0,1196.356,1.0,2.25,0.6666666666666666,0,3.0,
511208,F,False,False,usa,salt lake city,SLC,35,,,3.0,1.3333333333333333,6786.0,1569.8,1.3333333333333333,6.333333333333333,1.3333333333333333,0,3.0,Marriott 
511223,F,True,True,canada,ottawa,YOW,47,1.0,,2.0,1.0,474.79999999999995,914.7,1.0,3.0,1.3333333333333333,1,2.0,
511238,F,False,False,usa,colorado springs,COS,71,,,,,,,,,,0,,
511260,F,False,True,usa,san jose,SJC,37,,1.0,1.0,1.0,2450.0,720.0,1.0,5.5,1.0,0,1.0,Rosewood
511314,F,False,False,usa,los angeles,LAX,25,,1.0,2.0,1.5,2868.0,3038.5,1.0,5.333333333333333,0.5,0,2.0,
511326,F,True,False,usa,seattle,BFI,43,,,3.0,1.0,1101.0,1229.884,1.0,3.0,0.6666666666666666,0,3.0,
511328,M,True,True,usa,phoenix,LUF,36,,1.0,1.0,1.0,1199.2,407.38,1.0,6.5,0.0,0,1.0,Hilton
511364,F,False,True,usa,new york,JFK,40,,,3.0,1.0,1039.0,1450.89,1.0,1.6666666666666667,0.6666666666666666,0,3.0,
511379,F,False,False,canada,montreal,YUL,50,,,3.0,1.0,643.0,680.168,1.0,2.3333333333333335,1.0,0,3.0,
511398,M,True,False,usa,los angeles,LAX,42,,,5.0,1.0,3354.0,1959.45,1.0,4.2,0.6,0,4.0,Conrad 
511424,F,False,False,usa,nashville,BNA,46,,1.0,1.0,1.0,2887.0,375.26,1.0,8.0,0.0,0,1.0,
511440,F,False,False,usa,st. louis,STL,43,,,2.0,1.0,1057.0,620.3299999999999,1.0,3.5,0.5,0,2.0,
511455,F,False,False,canada,montreal,YMX,39,2.0,,1.0,1.0,322.0,1546.38,1.0,2.0,0.6666666666666666,0,3.0,
511542,F,False,False,usa,los angeles,LAX,56,,,3.0,1.6666666666666667,1150.0,5887.7519999999995,1.6666666666666667,1.6666666666666667,0.6666666666666666,0,2.0,Choice Hotels
511554,F,False,False,usa,corpus christi,CRP,46,,,2.0,1.0,853.0,876.11,1.0,3.5,0.5,0,2.0,
511567,F,False,False,canada,toronto,YZD,38,1.0,,4.0,1.0,1156.0,1030.4645,1.0,5.25,0.6,0,4.0,Crowne Plaza
511570,F,True,True,canada,ottawa,YOW,53,,1.0,2.0,1.0,6145.0,1306.07,1.0,5.333333333333333,0.0,0,2.0,
511578,F,True,True,usa,wichita,ICT,54,,,5.0,1.4,4355.0,3323.0034999999993,1.4,3.8,1.2,0,5.0,Fairmont
511589,F,False,False,canada,calgary,YYC,43,,1.0,,,307.8,,2.0,2.0,,0,,
511608,M,False,False,usa,brownsville,BRO,23,,1.0,,,1254.0,,1.0,6.0,,0,,
511609,M,True,False,usa,honolulu,HNL,41,,1.0,1.0,1.0,2427.5,946.628,1.0,5.0,1.0,0,1.0,
511666,F,True,False,usa,milwaukee,MKE,52,,1.0,2.0,1.0,2817.4,399.95,1.0,5.666666666666667,1.0,0,2.0,
511677,F,False,False,usa,memphis,MEM,55,,,3.0,1.6666666666666667,2729.5,2943.72,1.6666666666666667,2.3333333333333335,0.6666666666666666,1,3.0,
511697,F,False,False,usa,detroit,DTW,41,1.0,,3.0,1.0,1775.9,760.5699999999999,1.0,2.3333333333333335,0.5,0,4.0,
511726,F,False,True,usa,newport news,PHF,59,,,2.0,1.0,1288.0,175.98000000000002,1.0,2.0,0.0,0,1.0,
511739,F,False,False,canada,quebec,YQB,57,,,3.0,1.6666666666666667,5460.0,1934.44,1.6666666666666667,2.3333333333333335,1.0,0,3.0,
511757,F,True,True,usa,san francisco,SFO,66,,,,,,,,,,0,,
511762,F,True,False,usa,phoenix,LUF,46,,1.0,2.0,1.5,4294.0,2996.74,1.3333333333333333,4.333333333333333,0.5,0,1.0,
511778,F,False,False,usa,long beach,LGB,40,,,3.0,1.0,2766.5,1227.21,1.0,3.6666666666666665,1.3333333333333333,0,3.0,
511821,M,False,False,canada,saskatoon,YXE,73,,,,,,,,,,0,,
511827,M,True,False,usa,columbus,LCK,77,,1.0,,,2360.0,,1.0,8.0,,1,,
511851,F,False,False,canada,winnipeg,YAV,42,,,2.0,1.0,1391.0,335.39,1.0,3.5,0.0,0,2.0,
511859,F,True,False,canada,toronto,YYZ,40,,1.0,2.0,1.0,6829.4,455.95,1.0,10.0,1.0,0,2.0,
511862,F,False,False,canada,montreal,YUL,43,,,4.0,1.25,997.25,2012.41,1.25,2.25,0.75,0,4.0,
511916,F,True,True,canada,saskatoon,YXE,44,1.0,,1.0,1.0,212.0,694.196,1.0,1.0,1.0,0,2.0,
511923,M,False,False,usa,nashville,BNA,47,,,2.0,1.0,838.0,752.683,1.0,1.5,0.5,0,2.0,
511943,F,True,True,usa,columbus,LCK,34,,1.0,2.0,1.0,4822.8,223.11,1.3333333333333333,3.6666666666666665,0.0,0,2.0,
511989,F,False,False,usa,miami,TNT,21,,,,,,,,,,0,,
511996,F,False,True,usa,birmingham,BHM,47,,1.0,2.0,1.0,451.79999999999995,440.84000000000003,1.0,1.3333333333333333,1.0,0,2.0,
512010,F,True,True,usa,los angeles,LAX,60,,1.0,2.0,1.5,1785.6000000000001,1556.54,1.3333333333333333,5.333333333333333,0.5,0,2.0,
512016,F,False,True,usa,santa ana,SNA,46,1.0,1.0,,1.0,3952.0,322.26,2.0,8.0,0.0,0,1.0,
512024,F,True,False,usa,new york,JFK,34,,1.0,1.0,3.0,2421.0,6115.26,2.0,5.5,0.0,0,1.0,
512060,F,True,False,usa,sacramento,SMF,55,,1.0,2.0,1.0,1701.0,865.0595000000001,1.0,3.3333333333333335,1.0,0,2.0,Radisson 
512069,F,False,True,usa,philadelphia,PHL,43,,,5.0,1.4,3912.2,4117.999,1.4,3.4,0.4,0,4.0,Starwood 
512099,F,False,False,usa,fresno,FAT,37,1.0,,3.0,1.0,1135.9,1938.922,1.0,4.0,1.25,0,4.0,
512103,F,True,True,usa,st. louis,STL,42,,,2.0,1.0,502.0,239.63,1.0,1.5,0.5,1,2.0,
512144,F,False,False,usa,riverside,RAL,20,,,,,,,,,,0,,
512163,F,True,False,usa,sacramento,SMF,50,,1.0,1.0,1.0,1572.0,457.596,1.0,6.0,1.0,0,1.0,
512190,F,True,False,usa,sacramento,SMF,66,,1.0,,,3696.0,,2.0,22.0,,0,,
512193,F,False,True,usa,tulsa,TUL,39,,,1.0,1.0,336.0,354.05,1.0,8.0,0.0,0,1.0,
512197,F,False,False,usa,new york,JFK,35,,1.0,3.0,1.0,2652.0,1293.25,1.0,6.75,0.3333333333333333,0,3.0,
512249,F,False,False,usa,columbus,LCK,22,,,,,,,,,,0,,
512266,F,False,False,usa,philadelphia,PNE,50,,,3.0,1.0,1687.0,643.4200000000001,1.0,2.3333333333333335,0.6666666666666666,0,3.0,
512271,F,False,False,usa,sacramento,SAC,38,3.0,1.0,2.0,1.6,3004.0,8095.217000000001,2.0,7.333333333333333,0.6,0,5.0,
512283,F,False,False,canada,montreal,YMX,48,,,5.0,1.0,1069.0,1089.493,1.0,1.4,0.4,0,4.0,
512302,F,True,True,usa,atlanta,ATL,49,2.0,1.0,1.0,1.0,556.8,533.5699999999999,1.0,2.0,0.3333333333333333,0,3.0,
512303,F,False,True,usa,denver,DEN,52,1.0,1.0,2.0,2.0,1937.6499999999999,3419.7,1.3333333333333333,4.333333333333333,0.6666666666666666,0,3.0,
512322,M,False,False,usa,columbus,LCK,46,1.0,1.0,3.0,1.5,1590.0,5653.754500000001,1.5,2.25,0.0,0,3.0,
512329,F,True,False,canada,hamilton,YHM,38,,,6.0,1.0,1726.2,898.373,1.0,2.1666666666666665,0.0,0,4.0,Crowne Plaza
512377,F,False,True,usa,new york,LGA,42,,,1.0,1.0,786.0,202.92,1.0,6.0,1.0,1,1.0,
512392,F,False,False,usa,lubbock,LBB,44,,,3.0,1.0,1098.0,863.7379999999999,1.0,4.333333333333333,0.6666666666666666,0,3.0,
512416,F,False,False,usa,jacksonville,NZC,31,,1.0,,,2480.0,,1.0,8.0,,0,,
512418,F,False,True,usa,seattle,SEA,52,,,2.0,3.0,5970.0,4898.88,3.0,5.0,0.0,0,2.0,
512443,F,True,True,usa,new york,JFK,41,,,2.0,1.0,652.8000000000001,340.94,1.0,1.5,0.5,0,2.0,
512552,F,True,False,canada,toronto,YKZ,50,,,2.0,1.0,322.0,730.0584999999999,1.0,2.0,0.5,0,2.0,
512556,F,True,False,usa,el paso,BIF,53,,1.0,4.0,1.5,8859.0,4486.63,1.4,3.4,0.75,0,4.0,Best Western
512558,M,True,False,usa,houston,IAH,58,,,3.0,2.0,1641.0,3330.49,2.0,1.3333333333333333,0.6666666666666666,1,3.0,Crowne Plaza
512589,M,False,False,usa,lincoln,LNK,45,,,4.0,1.0,801.0,732.67,1.0,1.75,0.0,0,4.0,Hilton
512596,F,True,False,usa,laredo,LRD,57,1.0,1.0,3.0,1.0,2399.0,1470.04,1.0,3.0,0.25,0,4.0,
512598,M,False,False,usa,chicago,UGN,40,1.0,,4.0,1.2,2066.0,1771.09,1.25,3.0,0.6,0,5.0,
512610,F,False,False,usa,las vegas,LAS,42,3.0,,3.0,1.1666666666666667,1203.0,3394.455,1.3333333333333333,1.6666666666666667,0.5,0,5.0,
512623,F,False,False,usa,columbus,CMH,26,,,,,,,,,,0,,
512631,F,False,False,canada,montreal,YUL,57,,,3.0,1.6666666666666667,500.2,2750.47,1.6666666666666667,1.3333333333333333,0.6666666666666666,0,3.0,
512671,F,True,False,usa,st. petersburg,PIE,58,,,5.0,1.0,1997.0,1481.51,1.0,2.6,0.2,0,4.0,
512677,F,True,False,usa,atlanta,ATL,27,1.0,,,1.0,,209.71,,,0.0,0,1.0,
512693,F,False,False,usa,little rock,LIT,39,,,4.0,1.25,1724.0,866.02,1.25,3.5,0.25,0,4.0,
512695,F,True,False,usa,omaha,OMA,49,2.0,,3.0,1.0,726.0,1257.5430000000001,1.0,2.0,0.4,0,4.0,
512706,F,True,True,usa,las vegas,LSV,55,,1.0,3.0,1.6666666666666667,5463.8,3989.032,1.5,4.0,0.6666666666666666,0,3.0,
512786,M,False,False,usa,new york,LGA,42,,,4.0,1.0,3221.0,1451.7,1.0,6.0,0.5,0,4.0,
512787,F,False,False,usa,new york,LGA,54,,,4.0,1.5,942.0,2260.0125,1.5,2.25,0.25,0,4.0,
512801,F,False,False,usa,los angeles,LAX,55,1.0,,6.0,1.0,1659.0,3756.45,1.0,2.6666666666666665,0.42857142857142855,0,6.0,
512831,F,False,False,usa,san antonio,SKF,46,2.0,1.0,1.0,2.0,1107.0,7737.860000000001,1.0,2.0,1.0,0,3.0,
512835,F,True,False,usa,los angeles,LAX,42,,,5.0,1.8,7283.6,5925.2480000000005,1.8,3.2,0.2,0,5.0,
512880,F,False,False,usa,minneapolis,MSP,49,1.0,,1.0,1.0,405.0,378.41,1.0,3.0,0.5,0,2.0,
512900,F,False,False,usa,miami,OPF,34,,3.0,1.0,1.0,4673.1,355.4105,1.25,6.75,0.0,0,1.0,
512904,F,True,False,usa,phoenix,PHX,66,,1.0,4.0,1.0,7205.0,1630.8,1.0,8.0,1.25,0,3.0,
512928,F,False,False,usa,los angeles,LAX,20,,,,,,,,,,1,,
512974,F,False,False,canada,toronto,YKZ,19,1.0,2.0,,1.0,1529.8,881.34,1.0,6.0,0.0,0,1.0,
512976,F,False,False,usa,los angeles,LAX,38,,1.0,4.0,2.0,7782.0,8269.779999999999,2.0,4.6,0.5,0,4.0,Starwood 
512984,F,False,False,usa,spokane,GEG,60,,1.0,2.0,1.0,1286.0,1012.9499999999999,1.0,2.0,0.5,0,2.0,
513004,F,False,False,usa,providence,PVD,43,1.0,,3.0,1.0,2109.0,1573.85,1.0,5.0,0.5,0,4.0,
513005,F,False,False,usa,milwaukee,MKE,30,,,1.0,1.0,175.5,15.812999999999999,1.0,1.0,1.0,0,1.0,
513090,M,False,True,usa,los angeles,LAX,24,1.0,,1.0,1.5,65.0,1781.2514999999999,1.0,1.0,1.5,0,2.0,
513091,F,True,False,usa,san diego,SAN,73,,,,,,,,,,0,,
513093,F,False,False,usa,charlotte,CLT,57,,2.0,2.0,1.0,11678.5,695.82,1.25,4.25,0.0,0,2.0,
513096,F,True,True,usa,dallas,DAL,32,1.0,,1.0,1.5,368.0,1658.24,1.0,2.0,1.5,0,2.0,
513126,F,False,False,usa,san diego,SAN,38,,,5.0,1.0,2140.0,1514.412,1.0,4.0,0.4,0,5.0,Wyndham
513206,M,False,False,usa,orlando,MCO,50,,,,,,,,,,0,,
513216,F,True,False,usa,new york,JFK,40,1.0,,3.0,1.0,1567.0,1096.246,1.0,4.333333333333333,0.5,0,3.0,
513227,F,True,False,usa,new york,LGA,65,,,2.0,1.0,995.0,1023.9000000000001,1.0,3.0,0.0,0,2.0,
513233,F,True,True,usa,riverside,RIV,41,,1.0,2.0,1.0,2640.7,734.81,1.6666666666666667,2.3333333333333335,1.0,0,2.0,
513236,F,True,True,usa,philadelphia,PNE,45,,2.0,6.0,1.6666666666666667,8543.0,9161.27,1.625,4.0,0.16666666666666666,0,6.0,Wyndham
513242,F,False,False,usa,detroit,DTW,31,,,2.0,1.0,1068.0,874.692,1.0,3.0,0.0,0,2.0,
513259,F,True,False,usa,seattle,SEA,56,1.0,,2.0,1.0,3582.0,1273.15,1.0,4.5,0.3333333333333333,0,3.0,
513296,F,False,False,usa,columbus,CMH,40,,,3.0,1.3333333333333333,2537.0,1606.79,1.3333333333333333,2.6666666666666665,0.0,0,3.0,
513317,F,True,False,usa,dallas,DAL,57,1.0,,,1.0,,70.1765,,,0.0,0,1.0,
513338,F,True,False,usa,oklahoma city,OKC,56,,,3.0,1.0,713.0,1010.9300000000001,1.0,2.0,0.0,0,3.0,
513339,F,False,False,usa,new york,LGA,31,,,2.0,2.5,1245.0,1722.29,2.5,3.0,0.5,0,2.0,
513345,F,True,True,usa,lubbock,LBB,25,,2.0,,,1385.2,,1.0,8.0,,0,,
513366,F,False,False,canada,montreal,YUL,46,,,3.0,1.0,2600.1,808.87,1.0,3.6666666666666665,0.3333333333333333,0,3.0,
513402,F,True,True,usa,tacoma,TCM,47,,,1.0,1.0,520.0,584.21,1.0,1.0,1.0,0,1.0,
513422,F,True,False,usa,new orleans,MSY,44,,,2.0,1.0,462.0,573.4300000000001,1.0,1.5,0.5,0,2.0,
513470,F,True,True,usa,san diego,SAN,50,,,,,,,,,,0,,
513509,F,False,False,usa,new york,LGA,38,2.0,,,1.0,,598.77,,,0.5,0,2.0,
513543,F,False,True,usa,new york,LGA,34,,1.0,,,300.0,,1.0,5.0,,1,,
513555,F,False,False,usa,seattle,BFI,47,1.0,1.0,3.0,1.0,2536.0,2282.6800000000003,1.25,2.75,0.5,0,4.0,
513568,F,False,False,canada,halifax,YAW,62,,1.0,1.0,2.0,1796.0,2371.94,1.5,5.0,0.0,0,1.0,Choice Hotels
513620,F,False,False,canada,toronto,YZD,20,,1.0,2.0,1.0,2344.0,203.42000000000002,1.0,3.0,0.5,0,2.0,
513628,F,True,False,usa,fresno,FAT,42,,,3.0,1.0,1376.0,1274.98,1.0,2.0,1.0,0,3.0,
513638,F,True,True,canada,toronto,YKZ,58,,,4.0,1.5,4227.0,6549.52,1.5,5.0,0.5,0,4.0,
513661,F,False,False,canada,winnipeg,YWG,28,,1.0,,,4720.0,,2.0,10.0,,0,,
513683,M,True,False,usa,fort worth,FTW,55,,1.0,3.0,1.0,1291.0,783.8720000000001,1.0,4.25,1.3333333333333333,0,3.0,
513714,F,False,False,usa,phoenix,LUF,25,1.0,,,1.0,,248.43,,,0.0,0,1.0,
513721,F,False,False,usa,nashville,BNA,43,,1.0,4.0,1.0,2445.0,1454.5800000000002,1.0,3.0,0.75,0,4.0,Fairmont
513776,F,False,False,usa,chicago,UGN,68,,1.0,1.0,1.0,880.4,235.62,1.0,3.5,0.0,0,1.0,
513800,M,True,True,usa,indianapolis,IND,55,,,,,,,,,,0,,
513807,F,True,True,usa,chicago,UGN,46,,,2.0,1.5,716.0,1958.8799999999999,1.5,1.5,1.5,1,2.0,
513823,F,True,False,usa,new york,LGA,47,,,,,,,,,,0,,
513853,F,False,True,usa,san francisco,SFO,51,,,3.0,1.0,1350.0,1251.04,1.0,2.0,0.0,0,3.0,
513860,F,True,False,canada,montreal,YUL,66,,1.0,2.0,1.5,2729.0,2675.94,1.3333333333333333,4.0,0.5,0,2.0,
513869,F,False,True,usa,newark,EWR,43,,1.0,,,665.0,,1.0,7.0,,1,,
513917,F,True,True,usa,philadelphia,PHL,58,,,3.0,1.0,2345.2,1777.12,1.0,4.0,0.6666666666666666,0,3.0,
513926,M,False,False,usa,new york,JFK,39,1.0,,3.0,1.5,2013.8,2144.813,1.6666666666666667,1.6666666666666667,0.5,0,4.0,
513933,M,False,False,canada,toronto,YKZ,40,,,3.0,1.0,846.0,868.36,1.0,2.3333333333333335,0.6666666666666666,0,3.0,
513956,F,False,False,canada,vancouver,YVR,30,2.0,,2.0,1.0,172.0,2047.266,1.0,1.0,0.5,0,4.0,
513967,F,False,False,usa,phoenix,PHX,40,,,6.0,1.0,5255.0,3986.093,1.0,4.5,0.6666666666666666,0,6.0,
513995,F,True,True,usa,dallas,DAL,40,,2.0,2.0,1.0,7434.0,87.58,1.0,4.75,0.5,0,2.0,
514003,F,True,False,usa,chicago,MDW,39,,,3.0,1.0,2916.0,764.23,1.0,2.3333333333333335,1.3333333333333333,0,3.0,
514071,F,False,False,usa,new york,LGA,40,,,3.0,1.0,936.0,1183.1834999999999,1.0,1.0,0.6666666666666666,0,3.0,
514076,F,True,True,usa,new york,JFK,59,,1.0,1.0,1.0,5382.0,98.83,2.0,10.5,1.0,0,1.0,
514113,F,False,True,usa,jacksonville,LRF,19,,1.0,1.0,1.0,574.0,309.1,1.0,3.0,0.0,0,1.0,
514206,F,True,False,usa,austin,AUS,37,1.0,,2.0,1.6666666666666667,2484.0,1233.892,1.0,3.0,1.6666666666666667,0,2.0,
514208,F,False,True,usa,portland,PWM,40,,,1.0,1.0,303.0,186.61,1.0,3.0,0.0,0,1.0,
514215,F,False,False,usa,minneapolis,MSP,56,,,3.0,1.0,1990.5,951.46,1.0,4.333333333333333,0.0,0,3.0,
514275,F,False,False,canada,montreal,YMX,32,,1.0,2.0,1.5,2494.0,2046.13,1.3333333333333333,5.0,0.5,0,2.0,
514324,F,True,False,usa,los angeles,LAX,56,,,3.0,1.0,1279.0,618.7065,1.0,2.3333333333333335,0.6666666666666666,0,3.0,
514344,F,False,False,usa,jacksonville,NZC,68,1.0,,5.0,1.0,3195.0,1669.2785000000001,1.0,2.6,0.6666666666666666,0,5.0,
514395,F,False,False,usa,los angeles,LAX,41,,,3.0,1.0,1767.6,946.27,1.0,8.0,0.3333333333333333,0,3.0,
514461,F,True,True,usa,philadelphia,PHL,38,,2.0,1.0,1.0,8434.0,90.64,1.0,10.666666666666666,1.0,0,1.0,Banyan Tree 
514501,F,True,True,usa,kansas city,MCI,52,,1.0,,,703.0,,1.0,10.0,,0,,
514526,F,True,True,usa,jacksonville,NIP,52,,,5.0,1.2,2660.4,1790.088,1.2,1.4,0.4,0,5.0,
514551,F,False,False,usa,new york,LGA,25,,1.0,,,3856.45,,1.0,13.0,,0,,
514617,F,False,True,usa,san diego,SAN,41,1.0,1.0,2.0,1.3333333333333333,2904.0,2057.268,1.3333333333333333,3.0,0.3333333333333333,0,3.0,
514627,F,False,False,canada,hamilton,YHM,47,1.0,,2.0,1.3333333333333333,2118.0,1203.08,1.5,2.0,0.6666666666666666,1,3.0,Rosewood
514639,F,True,False,usa,houston,IAH,71,,,,,,,,,,0,,
514642,F,True,False,usa,los angeles,LAX,70,,,,,,,,,,0,,
514682,F,False,False,usa,chicago,ORD,45,,1.0,3.0,1.0,1395.5,844.5474999999999,1.0,3.0,0.6666666666666666,0,3.0,Four Seasons
514684,F,False,False,usa,minneapolis,MSP,26,,,,,,,,,,0,,
514689,M,True,True,usa,akron,AKR,45,,,2.0,1.0,140.10000000000002,233.45,1.0,1.0,0.5,0,1.0,
514785,F,True,False,usa,fort worth,FTW,48,,,3.0,1.0,622.0,744.0680000000001,1.0,1.6666666666666667,0.3333333333333333,0,3.0,
514810,M,False,True,usa,nashville,BNA,34,,2.0,1.0,1.0,4323.0,63.346000000000004,1.3333333333333333,7.0,0.0,0,1.0,
514876,F,False,False,usa,milwaukee,MKE,20,,1.0,,,2432.0,,1.0,8.0,,0,,
514899,F,False,True,usa,boston,BOS,39,1.0,,5.0,1.5,4223.4,2287.932,1.6,2.2,0.8333333333333334,0,5.0,
514925,F,False,False,canada,ottawa,YOW,19,,1.0,,,1288.0,,1.0,7.0,,1,,
514926,F,False,False,canada,halifax,YHZ,31,,1.0,2.0,1.0,1368.0,905.35,1.0,3.3333333333333335,0.0,0,2.0,Hilton
514951,F,False,True,usa,austin,AUS,40,1.0,,1.0,1.5,420.0,7829.92,1.0,4.0,1.0,0,2.0,
514953,F,True,False,usa,sacramento,SMF,48,,2.0,,,8922.0,,2.0,10.0,,1,,Shangri-La
515020,F,False,False,usa,san francisco,SFO,23,,1.0,2.0,1.0,2644.0,709.2,1.0,5.0,1.0,0,2.0,
515030,M,False,False,usa,fort worth,FTW,36,,,1.0,1.0,1482.0,8.17,1.0,13.0,0.0,0,1.0,
515058,F,False,False,canada,saskatoon,YXE,52,,1.0,4.0,1.0,4557.0,1417.67,1.2,2.4,0.25,0,4.0,Best Western
515060,F,False,False,usa,chicago,ORD,51,,,2.0,1.0,1545.0,209.26,1.0,3.0,1.0,0,2.0,
515085,F,True,True,usa,new york,JFK,63,,1.0,,,1737.0,,1.0,9.0,,1,,
515103,F,True,True,usa,chicago,MDW,53,,,3.0,1.0,1401.9,651.46,1.0,2.3333333333333335,1.0,0,3.0,
515124,F,False,False,usa,reno,RNO,52,,,3.0,1.3333333333333333,690.0,2737.58,1.3333333333333333,1.6666666666666667,0.6666666666666666,1,3.0,
515131,F,True,False,usa,san antonio,RND,49,,,5.0,1.2,4254.6,2875.9300000000003,1.2,3.8,0.6,0,5.0,Hilton
515139,F,False,False,usa,new york,JFK,38,,,2.0,1.0,762.0,1191.67,1.0,2.0,0.0,1,2.0,
515168,F,False,True,canada,london,YXU,48,,2.0,,,5286.0,,1.5,3.5,,0,,
515198,F,False,False,canada,toronto,YTZ,41,,1.0,,,3096.0,,2.0,20.0,,0,,
515205,F,True,False,usa,spokane,GEG,73,,,,,,,,,,1,,
515243,F,True,False,usa,honolulu,HNL,43,2.0,,2.0,1.25,412.9,7162.34,1.0,1.5,0.25,0,4.0,
515258,M,False,False,usa,des moines,DSM,29,,,3.0,1.3333333333333333,603.7,1305.424,1.3333333333333333,1.3333333333333333,0.3333333333333333,0,3.0,
515274,M,False,False,canada,toronto,YKZ,38,,2.0,4.0,1.0,2954.0,1194.39,1.0,2.8333333333333335,0.25,0,4.0,Shangri-La
515398,F,True,True,usa,new york,LGA,42,1.0,,3.0,1.5,559.6,4746.2535,1.3333333333333333,1.3333333333333333,1.5,0,4.0,
515421,F,False,False,canada,toronto,YKZ,50,,,4.0,1.25,1464.0,2890.7000000000003,1.25,2.5,0.5,0,3.0,
515436,F,False,False,usa,grand rapids,GRR,25,,1.0,,,868.0,,1.0,4.0,,0,,
515490,F,True,True,usa,oklahoma city,TIK,58,,,4.0,1.25,2372.0,2307.4900000000002,1.25,3.0,0.25,0,4.0,
515514,F,True,False,usa,newport news,PHF,21,,,,,,,,,,0,,
515529,F,True,True,usa,richmond,RIC,46,1.0,,1.0,1.0,119.0,760.12,1.0,1.0,1.0,0,2.0,
515565,F,False,True,usa,los angeles,LAX,46,,,4.0,1.25,2675.0,4631.280000000001,1.25,3.5,0.75,0,4.0,
515578,M,False,False,usa,san francisco,SFO,39,,1.0,5.0,1.0,2828.7,2275.992,1.0,2.8333333333333335,0.6,0,4.0,Extended Stay 
515675,F,False,False,usa,tacoma,TCM,33,,1.0,1.0,1.0,792.4,429.49199999999996,1.5,1.5,0.0,1,1.0,
515688,F,True,True,usa,akron,AKR,49,,,4.0,1.25,2027.0,1035.13,1.25,2.75,1.25,0,4.0,
515694,F,False,False,usa,lubbock,LBB,46,,,6.0,1.0,2145.0,1763.2765,1.0,1.1666666666666667,0.5,0,5.0,Aman Resorts
515713,F,True,False,usa,tucson,DMA,45,,1.0,2.0,1.0,8355.0,1084.438,1.3333333333333333,20.333333333333332,0.0,0,2.0,
515739,F,True,False,usa,new york,LGA,50,1.0,,2.0,1.0,563.0,659.72,1.0,2.5,0.6666666666666666,0,2.0,
515764,F,False,True,canada,edmonton,YED,26,,2.0,1.0,1.0,8889.0,364.7,1.0,9.666666666666666,2.0,0,1.0,
515802,F,False,False,usa,las vegas,LAS,43,,1.0,4.0,1.5,3245.2,3645.92,1.4,2.8,0.75,0,4.0,
515835,F,True,True,usa,fort worth,FTW,50,,,3.0,1.3333333333333333,1929.0,1183.67,1.3333333333333333,1.6666666666666667,0.3333333333333333,0,3.0,
515908,F,True,True,usa,st. louis,STL,50,,,2.0,1.0,289.29999999999995,564.1215,1.0,1.5,0.5,0,2.0,
515941,F,True,True,usa,st. petersburg,PIE,49,,2.0,2.0,1.0,3951.0,1236.24,1.0,5.0,0.5,0,1.0,
515947,F,False,False,usa,new york,LGA,33,,,2.0,1.0,454.0,528.13,1.0,1.0,0.5,0,2.0,
515953,F,True,False,usa,los angeles,LAX,45,,,3.0,1.6666666666666667,1140.0,2587.838,1.6666666666666667,1.6666666666666667,0.6666666666666666,0,3.0,
516004,F,True,True,usa,san francisco,SFO,53,,,2.0,1.0,1095.0,684.1099999999999,1.0,2.0,0.5,0,2.0,Crowne Plaza
516039,F,False,False,usa,santa ana,SNA,19,,,,,,,,,,0,,
516061,F,True,False,usa,chicago,UGN,57,1.0,,2.0,1.3333333333333333,2244.0,1138.6390000000001,1.5,4.0,0.3333333333333333,0,2.0,
516089,F,True,True,usa,baltimore,BWI,59,,,3.0,1.0,598.0,1013.7080000000001,1.0,3.0,0.6666666666666666,0,3.0,
516092,M,True,False,usa,indianapolis,IND,40,1.0,,3.0,1.25,632.8,1699.29,1.0,1.3333333333333333,1.0,0,4.0,
516118,M,True,False,usa,newark,EWR,40,,1.0,1.0,1.0,6554.0,472.03999999999996,1.5,9.5,0.0,0,1.0,
516144,F,True,True,usa,denver,DEN,53,1.0,,3.0,1.0,818.0,1271.74,1.0,1.0,0.75,0,3.0,
516150,F,True,True,usa,baton rouge,BTR,67,,1.0,,,2520.0,,1.0,20.0,,0,,
516176,O,False,True,usa,new york,JFK,53,1.0,,3.0,1.0,1325.0,743.41,1.0,5.0,0.25,0,4.0,
516177,F,False,False,usa,philadelphia,PNE,52,,,3.0,1.0,620.0,1358.82,1.0,4.0,1.0,0,3.0,
516178,F,False,True,canada,vancouver,YVR,30,1.0,,2.0,1.0,224.05,1080.354,1.0,1.5,0.3333333333333333,0,3.0,
516246,F,False,False,usa,austin,AUS,40,,,4.0,1.0,1303.4,1304.0355,1.0,1.75,0.75,0,4.0,Hilton
516251,F,True,False,canada,calgary,YYC,54,1.0,,6.0,1.2857142857142858,2077.85,7127.1900000000005,1.3333333333333333,2.0,0.7142857142857143,0,7.0,Choice Hotels
516269,F,False,False,usa,stockton,SCK,39,,1.0,4.0,1.5,1813.0,5873.707,1.4,2.4,0.25,0,4.0,Accor
516282,F,True,False,canada,victoria,YYJ,45,,,2.0,1.0,515.0,1002.4499999999999,1.0,1.5,1.5,0,2.0,
516287,F,True,False,usa,honolulu,HNL,55,,,1.0,1.0,488.0,700.54,1.0,8.0,0.0,1,1.0,
516375,F,True,False,usa,houston,IAH,40,,,5.0,1.0,2028.75,1636.4524999999999,1.0,2.0,0.4,0,5.0,
516418,F,True,False,usa,dallas,DAL,29,,1.0,2.0,1.5,2186.5,1884.764,1.3333333333333333,4.333333333333333,0.5,0,2.0,
516420,F,True,False,usa,san francisco,SFO,48,,1.0,1.0,1.0,381.0,616.02,1.0,1.0,1.0,0,1.0,
516456,F,True,False,canada,halifax,YHZ,41,1.0,,3.0,1.0,554.9,1928.377,1.0,1.3333333333333333,0.25,0,4.0,
516507,M,True,False,usa,san diego,SAN,44,,,2.0,1.5,1888.0,1531.47,1.5,5.0,0.0,0,2.0,
516528,F,True,False,usa,las vegas,LAS,56,,,3.0,1.0,5014.0,1349.085,1.0,4.666666666666667,0.6666666666666666,0,3.0,
516571,F,True,False,usa,new york,LGA,66,1.0,2.0,1.0,2.5,2493.5,10292.67,1.0,4.333333333333333,0.5,0,2.0,
516579,F,False,False,usa,stockton,SCK,31,,2.0,2.0,1.0,6620.0,729.9200000000001,1.25,7.75,1.0,0,2.0,Shangri-La
516590,F,False,False,usa,jacksonville,JAX,21,,1.0,1.0,1.0,1149.0,192.23399999999998,1.0,2.0,0.0,0,1.0,
516593,F,False,False,usa,las vegas,LAS,40,,,3.0,1.0,5767.2,1260.49,1.0,10.333333333333334,0.6666666666666666,0,3.0,
516614,M,False,False,usa,new york,LGA,39,1.0,,3.0,1.0,1566.6,1782.6,1.0,4.333333333333333,0.75,0,4.0,
516639,F,True,True,usa,phoenix,PHX,55,3.0,,2.0,1.0,772.0,2100.76,1.0,3.5,1.0,0,3.0,
516679,F,False,False,usa,kansas city,MCI,45,,,1.0,1.0,72.0,405.2,1.0,1.0,1.0,1,1.0,
516680,F,True,False,usa,baltimore,BWI,68,,,,,,,,,,0,,
516697,F,False,False,usa,fresno,FAT,78,,1.0,,,1580.0,,2.0,5.0,,0,,
516704,F,True,False,usa,long beach,LGB,49,,1.0,3.0,1.0,2687.0,1326.65,1.0,4.5,0.3333333333333333,0,3.0,
516739,F,False,True,usa,norfolk,ORF,41,,,2.0,1.0,968.0,588.48,1.0,3.5,0.5,0,2.0,
516744,F,False,False,usa,kansas city,MCI,24,,1.0,,,648.55,,1.0,7.0,,0,,
516763,M,True,False,usa,denver,DEN,48,,,1.0,1.0,534.0,248.08,1.0,2.0,1.0,0,1.0,
516789,F,False,False,usa,jacksonville,NCA,41,,,4.0,1.5,3730.0,6766.58,1.5,1.75,0.75,0,3.0,
516808,F,False,False,usa,san diego,SAN,31,,,3.0,1.3333333333333333,2134.0,2837.32,1.3333333333333333,3.0,0.3333333333333333,0,3.0,Starwood 
516833,F,False,False,canada,toronto,YTZ,21,1.0,,2.0,1.3333333333333333,1866.0,1544.4499999999998,1.5,4.0,0.3333333333333333,0,3.0,
516933,F,False,False,usa,new york,LGA,19,2.0,,1.0,1.0,137.0,1814.18,1.0,1.0,0.0,0,2.0,
516965,F,False,True,usa,miami,OPF,38,,,4.0,1.0,1198.0,1481.6799999999998,1.0,1.75,0.0,0,4.0,Wyndham
517131,F,True,False,usa,los angeles,LAX,70,,2.0,,,1050.0,,1.5,3.5,,1,,
517142,M,True,False,usa,philadelphia,PNE,41,2.0,,1.0,1.0,124.0,1216.5,1.0,1.0,0.6666666666666666,0,3.0,
517205,F,False,False,canada,calgary,YYC,50,,,2.0,1.0,1982.0,634.53,1.0,3.5,0.5,0,2.0,
517212,F,True,True,usa,louisville,LOU,56,1.0,,4.0,1.2,2423.0,1129.57,1.25,2.75,0.2,0,5.0,
517219,F,False,False,usa,boston,BOS,24,,,,,,,,,,0,,
517231,F,True,False,canada,edmonton,YXD,49,,1.0,1.0,1.0,3623.0,411.88,1.5,8.5,1.0,0,1.0,
517284,F,True,True,usa,san antonio,SAT,46,2.0,1.0,2.0,1.5,2116.0,13832.560000000001,1.0,3.6666666666666665,0.5,0,4.0,
517324,F,True,False,usa,austin,AUS,71,1.0,,,1.0,,472.44,,,1.0,0,1.0,
517356,F,True,False,usa,orlando,MCO,54,,,2.0,1.0,3202.0,511.03,1.0,5.0,0.0,1,2.0,
517370,F,True,False,usa,new york,LGA,43,,1.0,2.0,1.0,1875.0,805.73,1.0,4.333333333333333,1.5,0,2.0,
517392,F,True,False,usa,los angeles,LAX,48,1.0,,3.0,1.25,784.0,2036.3700000000001,1.3333333333333333,1.6666666666666667,0.75,1,4.0,
517393,F,False,False,usa,shreveport,BAD,38,,,1.0,1.0,248.0,333.55,1.0,4.0,0.0,0,1.0,
517397,F,False,False,usa,riverside,RAL,38,,,5.0,1.0,1780.8,1644.07,1.0,2.4,0.4,0,5.0,
517403,F,True,True,canada,toronto,YKZ,51,,1.0,3.0,1.0,5280.95,558.45,1.0,4.25,1.0,0,2.0,
517415,M,False,True,usa,st. petersburg,SPG,37,,,1.0,2.0,350.0,1019.08,2.0,1.0,0.0,0,1.0,
517438,M,False,False,usa,nashville,BNA,41,,,5.0,1.2,1352.7,2251.56,1.2,1.0,0.4,0,5.0,
517445,F,True,False,usa,st. petersburg,PIE,43,,2.0,1.0,1.0,6615.0,271.98,1.0,12.333333333333334,1.0,0,1.0,
517545,F,True,False,canada,saskatoon,YXE,54,1.0,,1.0,1.0,95.0,696.2225,1.0,1.0,0.0,0,2.0,
517548,F,True,False,usa,new york,JFK,54,1.0,,2.0,1.0,445.0,930.7099999999999,1.0,1.5,0.6666666666666666,0,3.0,
517579,F,False,False,usa,los angeles,LAX,22,,,1.0,2.0,840.0,1844.2979999999998,2.0,2.0,0.0,0,1.0,
517596,F,True,True,usa,kansas city,MCI,56,,,3.0,1.0,2390.0,719.48,1.0,4.666666666666667,0.3333333333333333,0,2.0,
517622,F,False,True,usa,san diego,NZY,20,,,,,,,,,,0,,
517633,F,True,False,usa,houston,IAH,40,,1.0,3.0,1.0,4571.4,911.6099999999999,1.0,6.5,0.6666666666666666,0,3.0,
517653,F,True,True,usa,phoenix,LUF,55,,,2.0,1.0,219.7,559.799,1.0,1.5,1.0,0,2.0,
517676,F,True,False,usa,new york,JFK,45,2.0,,2.0,1.25,485.0,3618.4,1.0,1.0,0.25,0,4.0,
517700,F,False,False,usa,dallas,DAL,49,,,4.0,1.25,1220.0,1920.5,1.25,2.5,0.75,0,4.0,
517715,M,True,False,usa,chicago,MDW,84,,,2.0,1.0,3436.0,450.36,1.0,5.5,1.0,0,2.0,
517732,F,False,False,usa,tacoma,TCM,46,,,2.0,1.0,261.0,920.018,1.0,1.0,0.5,0,2.0,
517735,F,True,True,usa,memphis,MEM,50,1.0,,1.0,1.5,2964.0,872.2650000000001,2.0,6.0,0.5,0,2.0,
517743,F,False,False,usa,new york,JFK,37,,,4.0,1.0,738.0,1617.5929999999998,1.0,1.75,0.5,0,4.0,
517772,F,False,True,usa,new york,JFK,40,,,4.0,1.0,1130.0,1934.48,1.0,3.0,0.0,1,4.0,
517776,F,True,True,usa,honolulu,HNL,62,,,3.0,1.0,1764.0,3944.09,1.0,2.3333333333333335,1.0,0,3.0,Shangri-La
517825,F,True,False,usa,milwaukee,MKE,56,,,4.0,1.0,460.0,630.55,1.0,1.0,0.75,0,2.0,Conrad 
517839,F,True,False,usa,milwaukee,MKE,49,1.0,,2.0,1.0,731.0,1014.68,1.0,2.0,0.3333333333333333,0,3.0,
517894,F,True,False,canada,montreal,YUL,49,,1.0,2.0,1.0,2313.0,1269.6,1.0,4.666666666666667,0.0,0,2.0,
517898,F,False,True,usa,lubbock,LBB,22,,,1.0,1.0,174.0,418.25,1.0,1.0,0.0,1,1.0,
517925,F,True,False,usa,st. louis,STL,29,,,1.0,2.0,8400.0,1018.52,2.0,10.0,0.0,0,1.0,
517967,F,False,True,usa,phoenix,PHX,48,,1.0,1.0,1.0,1779.0,389.94,1.5,3.0,0.0,0,1.0,
517968,F,True,False,usa,new york,LGA,45,,2.0,2.0,1.0,2633.8500000000004,539.62,1.25,3.5,0.0,0,2.0,
518012,M,False,False,usa,rochester,ROC,36,,,2.0,1.0,328.0,573.25,1.0,2.0,0.0,0,2.0,
518084,F,False,False,usa,san francisco,SFO,26,,,1.0,2.0,2124.0,1958.691,1.0,18.0,1.0,0,1.0,
518127,F,False,False,usa,memphis,MEM,37,,,4.0,1.25,1633.1499999999999,1226.0700000000002,1.25,3.75,0.25,0,4.0,
518211,F,False,True,usa,new york,LGA,41,,,4.0,1.0,609.0,1709.18,1.0,1.5,0.75,0,2.0,
518219,F,False,False,usa,columbus,LCK,28,1.0,,2.0,1.0,476.0,1045.74,1.0,2.0,0.3333333333333333,0,3.0,
518324,F,False,False,usa,norfolk,NGU,42,,,5.0,1.2,1566.0,1201.268,1.2,1.0,0.4,0,4.0,
518348,F,True,True,usa,rochester,ROC,37,,1.0,1.0,1.0,4188.799999999999,474.928,1.5,2.5,1.0,0,1.0,
518354,M,False,False,usa,denver,DEN,23,,,,,,,,,,0,,
518393,F,False,False,usa,los angeles,LAX,43,,,2.0,1.0,252.1,1017.22,1.0,2.0,0.0,0,2.0,InterContinental 
518416,F,False,False,usa,houston,EFD,47,,,3.0,1.3333333333333333,4681.0,1002.134,1.3333333333333333,3.6666666666666665,0.6666666666666666,0,3.0,
518422,F,True,False,usa,colorado springs,COS,61,,1.0,,,339.0,,1.0,3.0,,0,,
518443,F,True,False,canada,calgary,YYC,80,,1.0,1.0,1.0,2416.0,550.93,1.0,5.5,1.0,0,1.0,
518516,F,True,True,usa,new york,LGA,58,,,3.0,1.0,2300.0,871.4300000000001,1.0,3.6666666666666665,0.6666666666666666,0,3.0,
518527,F,True,False,canada,edmonton,YED,46,,,5.0,1.6,4866.0,4071.704,1.6,3.2,0.2,0,5.0,
518533,F,False,True,usa,phoenix,LUF,39,2.0,,1.0,1.0,76.0,1339.8220000000001,1.0,1.0,0.6666666666666666,0,3.0,
518541,F,False,False,usa,long beach,LGB,49,2.0,1.0,1.0,1.0,1624.0,1990.813,1.0,5.5,0.6666666666666666,0,2.0,
518582,F,True,True,usa,jacksonville,NZC,52,1.0,1.0,2.0,2.0,8158.0,10180.4,2.0,8.0,0.3333333333333333,0,3.0,
518612,F,False,False,usa,chicago,UGN,46,,1.0,5.0,1.2,3283.2,1565.01,1.3333333333333333,2.6666666666666665,0.6,0,5.0,
518628,F,True,True,usa,charlotte,CLT,50,,,,,,,,,,0,,
518629,F,False,False,usa,indianapolis,IND,50,,,4.0,1.0,620.0,949.04,1.0,1.25,0.5,1,4.0,Radisson 
518639,F,False,False,usa,phoenix,PHX,36,,,1.0,1.0,96.0,233.1,1.0,1.0,1.0,0,1.0,
518642,F,True,False,usa,memphis,MEM,73,,1.0,,,5346.0,,3.0,6.0,,0,,
518696,F,False,True,canada,winnipeg,YWG,39,,1.0,,,396.0,,1.0,6.0,,0,,
518716,F,True,True,canada,montreal,YUL,42,,1.0,1.0,1.0,4378.5,628.5,1.0,10.0,1.0,0,1.0,
518722,F,True,False,usa,tulsa,TUL,55,1.0,,3.0,1.0,378.04999999999995,1331.74,1.0,1.6666666666666667,1.0,0,4.0,
518726,F,False,True,usa,oklahoma city,OKC,19,1.0,,,2.0,,1277.82,,,0.0,0,1.0,
518867,F,True,False,canada,toronto,YZD,36,,,2.0,1.5,638.9,3171.36,1.5,2.0,0.5,0,2.0,
518894,F,False,False,usa,philadelphia,PNE,52,2.0,,1.0,1.0,83.6,1072.82,1.0,2.0,0.6666666666666666,0,3.0,
518907,M,False,False,usa,san antonio,SAT,44,,2.0,3.0,1.0,2675.9,1011.1959999999999,1.0,3.6,0.6666666666666666,0,3.0,Fairmont
518925,F,False,True,usa,shreveport,BAD,33,,1.0,,,976.0,,1.0,8.0,,0,,
518931,F,False,True,usa,el paso,BIF,19,,,,,,,,,,0,,
518954,F,True,True,usa,new york,LGA,38,,,3.0,1.0,1147.0,811.26,1.0,3.0,0.3333333333333333,0,3.0,
518963,F,False,True,usa,san jose,SJC,33,,,2.0,1.0,642.0,328.36,1.0,2.5,0.0,0,2.0,Conrad 
518998,F,True,True,usa,st. petersburg,SPG,48,,,3.0,1.0,624.2,989.8299999999999,1.0,1.6666666666666667,1.3333333333333333,0,3.0,
519014,F,False,False,usa,portland,PWM,40,1.0,2.0,1.0,1.0,5241.0,507.69,1.0,10.333333333333334,0.5,0,2.0,
519089,F,False,True,usa,philadelphia,PHL,36,1.0,,2.0,1.0,728.0,2862.1,1.0,5.0,1.0,0,3.0,
519096,F,False,True,usa,tampa,MCF,35,,,2.0,1.0,840.25,416.363,1.0,3.0,0.0,0,2.0,
519114,F,False,True,usa,san antonio,RND,41,,,3.0,1.0,2083.0,1259.4279999999999,1.0,5.0,0.3333333333333333,0,3.0,
519117,F,True,True,usa,san antonio,SAT,47,,,4.0,1.0,2501.45,1014.6149999999999,1.0,3.75,0.5,0,4.0,
519137,F,False,False,usa,houston,IAH,52,,,3.0,1.3333333333333333,1684.95,2380.87,1.3333333333333333,2.6666666666666665,0.3333333333333333,0,3.0,
519140,F,True,False,usa,new york,LGA,58,,1.0,4.0,1.25,2191.0,844.45,1.2,2.4,1.0,0,4.0,
519171,F,False,True,usa,austin,AUS,50,1.0,,1.0,1.5,868.0,1925.8,2.0,7.0,0.5,0,2.0,
519191,M,False,False,usa,tampa,TPA,22,,1.0,,,1808.8,,2.0,14.0,,0,,
519210,M,True,False,usa,san antonio,RND,46,1.0,2.0,1.0,1.0,1514.0,772.61,1.0,7.666666666666667,0.5,0,2.0,
519211,F,True,False,usa,san antonio,RND,38,,1.0,4.0,1.0,1643.0,1584.23,1.0,3.4,0.75,0,4.0,Best Western
519260,F,False,True,usa,los angeles,LAX,29,,1.0,2.0,1.0,945.0,1088.69,1.0,1.3333333333333333,1.0,0,2.0,
519267,F,False,False,usa,portland,PWM,49,,,1.0,1.0,65.0,361.38,1.0,1.0,1.0,0,1.0,
519312,F,True,True,usa,modesto,MOD,61,,,,,,,,,,0,,
519353,F,False,False,usa,phoenix,LUF,70,,1.0,,,1092.0,,1.0,6.0,,0,,
519357,F,False,True,usa,philadelphia,PHL,47,1.0,,4.0,1.0,1267.0,688.4005,1.0,1.75,0.6,0,4.0,Crowne Plaza
519383,F,False,False,usa,fayetteville,POB,35,,1.0,,,1140.0,,1.0,5.0,,1,,
519392,F,True,False,usa,fort worth,FTW,59,1.0,,1.0,1.0,262.0,787.34,1.0,2.0,1.0,0,2.0,
519412,F,True,False,usa,houston,EFD,52,,1.0,1.0,1.0,720.0,67.83,1.0,2.0,0.0,0,1.0,
519419,F,False,True,usa,fresno,FAT,35,,,1.0,1.0,576.0,295.76,1.0,2.0,0.0,0,1.0,
519430,F,False,False,usa,new york,JFK,37,,,2.0,1.5,1199.75,1182.76,1.5,3.0,0.5,0,2.0,
519515,M,True,True,usa,indianapolis,IND,53,1.0,1.0,2.0,1.0,5762.0,962.046,1.3333333333333333,8.333333333333334,1.3333333333333333,0,3.0,
519529,M,True,True,canada,windsor,YQG,27,,,1.0,1.0,96.0,173.81,1.0,2.0,1.0,0,1.0,
519548,M,True,True,usa,wichita,IAB,27,,,,,,,,,,0,,
519554,F,False,True,usa,seattle,SEA,35,,,3.0,1.0,2760.0,1530.0100000000002,1.0,5.0,0.6666666666666666,0,3.0,
519626,M,False,True,usa,cleveland,CLE,49,,,3.0,1.0,1482.0,656.48,1.0,4.0,0.3333333333333333,0,3.0,Conrad 
519631,F,False,False,usa,san francisco,SFO,53,,,6.0,1.0,2066.5,1382.0700000000002,1.0,2.0,0.5,0,5.0,Best Western
519664,F,True,True,usa,riverside,RAL,55,,,2.0,1.0,1392.8,415.99,1.0,5.5,1.0,0,2.0,
519695,F,False,False,usa,houston,EFD,41,,1.0,2.0,1.0,1838.0,773.0899999999999,1.3333333333333333,2.3333333333333335,0.0,0,2.0,
519709,F,True,False,usa,chicago,MDW,34,2.0,,2.0,1.0,902.0,639.3305,1.0,2.0,0.25,1,4.0,
519718,F,True,True,usa,buffalo,BUF,54,,1.0,2.0,1.0,1953.0,427.78,1.0,4.333333333333333,0.5,1,2.0,
519722,F,True,True,usa,new york,JFK,30,1.0,2.0,,3.0,2520.0,3515.76,1.5,6.0,0.0,0,1.0,
519725,F,True,True,usa,louisville,LOU,43,,1.0,1.0,1.0,567.45,232.88,1.0,2.0,1.0,0,1.0,
519774,F,False,True,usa,las vegas,LAS,56,,1.0,2.0,1.0,1914.6000000000001,661.7800000000001,1.0,6.0,1.0,0,2.0,
519859,F,False,False,usa,san diego,NZY,44,1.0,,4.0,1.4,5366.5,5223.378,1.25,6.5,0.0,0,4.0,
519885,F,False,False,usa,houston,HOU,30,,1.0,2.0,1.5,1927.0,1470.42,1.3333333333333333,6.0,0.5,0,2.0,
519893,F,True,False,usa,spokane,GEG,45,,1.0,3.0,1.6666666666666667,2188.0,6454.74,1.5,2.75,0.6666666666666666,0,2.0,
519912,M,False,False,usa,houston,EFD,47,,,4.0,1.0,2043.0,855.4145,1.0,2.5,0.5,0,4.0,
519943,F,True,True,canada,toronto,YTZ,61,,,,,,,,,,0,,
519955,F,False,False,usa,orlando,MCO,40,,,2.0,1.0,1101.0,879.63,1.0,2.5,0.5,0,2.0,
519957,F,True,False,usa,new york,LGA,56,,,2.0,1.0,502.0,1063.394,1.0,2.0,1.0,0,2.0,
520106,F,False,True,usa,salt lake city,SLC,28,,,1.0,1.0,490.0,185.18,1.0,2.0,1.0,0,1.0,
520170,F,False,True,usa,omaha,OMA,26,,1.0,1.0,2.0,1670.0,1402.26,2.0,3.0,0.0,0,1.0,
520175,F,False,False,usa,atlanta,ATL,54,,,3.0,1.0,842.5,890.547,1.0,2.3333333333333335,0.6666666666666666,0,3.0,
520177,F,True,False,usa,nashville,BNA,56,2.0,1.0,3.0,1.0,2666.8,1150.25,1.0,6.0,0.4,0,5.0,
520182,F,True,True,usa,new york,LGA,46,2.0,,1.0,1.3333333333333333,2130.0,1540.59,1.0,6.0,0.6666666666666666,0,3.0,
520188,F,False,False,canada,victoria,YYJ,38,,1.0,1.0,1.0,531.6,488.46,1.0,4.5,1.0,0,1.0,
520244,F,True,False,usa,new york,JFK,44,,,2.0,1.0,792.0,754.0799999999999,1.0,4.0,0.5,0,2.0,
520248,F,False,True,usa,new york,JFK,40,,,4.0,1.0,1547.0,1878.804,1.0,2.0,0.25,0,3.0,
520250,M,True,False,usa,austin,AUS,57,,,4.0,1.25,1507.3,2388.6400000000003,1.25,2.0,0.5,0,4.0,
520256,F,True,False,usa,dallas,DAL,45,,1.0,3.0,1.3333333333333333,1919.0,702.01,1.25,5.0,0.0,0,3.0,
520298,F,False,False,usa,houston,EFD,43,,1.0,1.0,1.0,1934.2,218.27399999999997,1.0,3.5,2.0,0,1.0,
520307,F,False,False,usa,buffalo,BUF,53,,,3.0,1.0,1314.0,781.12,1.0,2.3333333333333335,0.3333333333333333,0,3.0,
520314,F,False,True,usa,new york,JFK,19,,2.0,,,2620.0,,2.0,5.0,,0,,
520327,F,False,False,usa,new york,LGA,27,,,2.0,1.0,482.0,1120.857,1.0,1.0,0.0,0,2.0,
520358,F,True,False,usa,montgomery,MXF,52,,1.0,3.0,1.0,2078.0,796.8000000000001,1.0,3.5,1.0,0,3.0,
520373,F,False,True,usa,buffalo,BUF,50,,,3.0,1.3333333333333333,1967.0,521.8299999999999,1.3333333333333333,3.0,0.0,0,3.0,
520405,F,False,False,usa,cleveland,CLE,32,,,1.0,1.0,164.0,142.46,1.0,1.0,1.0,0,1.0,
520422,F,False,False,usa,mobile,MOB,40,1.0,,1.0,1.0,645.0,561.124,1.0,3.0,0.0,0,2.0,
520491,M,False,True,usa,new york,LGA,57,1.0,1.0,3.0,1.25,1089.0,2665.6000000000004,1.25,1.75,1.25,0,3.0,
520497,F,False,False,usa,long beach,LGB,50,1.0,,2.0,1.0,457.0,1610.245,1.0,2.5,1.0,0,3.0,
520527,F,False,False,usa,denver,DEN,35,,,2.0,1.0,1468.0,640.56,1.0,3.0,1.0,0,2.0,
520530,F,True,False,usa,los angeles,LAX,43,,,4.0,1.0,1421.0,2141.482,1.0,2.75,0.75,0,4.0,
520561,F,False,True,usa,nashville,BNA,33,,,,,,,,,,0,,
520619,F,True,False,usa,houston,IAH,60,,,2.0,1.0,1137.0,708.439,1.0,2.0,1.0,0,1.0,
520696,F,False,False,usa,lincoln,LNK,43,,,1.0,1.0,122.0,316.25,1.0,2.0,0.0,1,1.0,
520708,F,False,False,usa,tampa,MCF,44,1.0,,2.0,1.3333333333333333,1194.0,1274.3,1.0,2.5,0.6666666666666666,0,2.0,
520745,F,False,False,usa,new york,JFK,42,,,2.0,1.0,883.0,152.51,1.0,4.5,0.5,0,2.0,
520783,F,True,False,canada,calgary,YYC,42,,1.0,2.0,1.0,1978.0,806.02,1.3333333333333333,2.3333333333333335,0.5,0,2.0,
520804,F,True,False,usa,chicago,ORD,52,1.0,,2.0,1.0,394.0,457.0775,1.0,1.5,0.0,0,3.0,
520861,M,False,True,usa,austin,AUS,53,,,2.0,1.0,1824.6,689.03,1.0,4.5,1.0,1,2.0,
520877,F,True,False,usa,grand rapids,GRR,52,,,3.0,1.0,1400.0,1213.15,1.0,4.333333333333333,0.0,0,3.0,
520878,F,True,False,canada,ottawa,YOW,40,,2.0,2.0,1.0,6121.0,1281.8605,1.25,5.25,1.0,0,2.0,Crowne Plaza
520882,F,False,False,usa,louisville,LOU,20,,1.0,,,780.0,,1.0,6.0,,0,,
520885,M,True,True,usa,el paso,ELP,38,,,4.0,1.0,6277.0,852.69,1.0,3.25,0.75,1,4.0,
520920,F,False,False,usa,memphis,MEM,42,,1.0,,,440.3,,1.0,7.0,,0,,
520934,F,False,True,usa,newark,EWR,55,,,1.0,2.0,346.0,2282.464,2.0,1.0,0.0,0,1.0,
520947,O,True,True,usa,new york,LGA,25,,2.0,,,2143.3,,1.5,4.0,,1,,
521004,F,True,False,usa,san antonio,SKF,53,,,4.0,1.0,585.0,1669.44,1.0,1.5,0.5,0,4.0,
521044,F,False,False,usa,houston,EFD,43,,1.0,3.0,1.0,2707.0,1044.81,1.0,3.75,0.3333333333333333,0,3.0,
521062,F,True,False,usa,little rock,LIT,62,,,,,,,,,,0,,
521066,F,False,False,usa,knoxville,TYS,43,,,4.0,1.0,2398.7,1459.69,1.0,2.25,1.5,0,4.0,
521070,F,True,True,usa,knoxville,TYS,52,1.0,,5.0,1.3333333333333333,2663.2,16269.149999999998,1.2,2.8,0.3333333333333333,0,6.0,NH Hotel 
521109,F,False,True,usa,dallas,DAL,32,1.0,,2.0,1.0,1435.0,727.72,1.0,6.0,0.3333333333333333,0,3.0,
521170,M,False,False,usa,chicago,MDW,45,,1.0,2.0,2.5,5213.0,3589.04,2.0,3.3333333333333335,0.5,0,2.0,
521192,F,False,False,usa,wichita,ICT,29,,1.0,2.0,1.0,2299.0,394.1775,1.3333333333333333,4.0,1.0,0,2.0,
521201,F,True,True,usa,memphis,MEM,60,,,1.0,1.0,63.0,242.08849999999998,1.0,1.0,0.0,0,1.0,
521211,M,False,False,usa,bakersfield,BFL,28,,1.0,,,582.0,,1.0,6.0,,0,,
521235,F,False,False,usa,seattle,SEA,36,,,5.0,1.8,3709.0,7276.3875,1.6,4.6,1.2,0,4.0,
521250,M,False,False,usa,sacramento,MHR,33,1.0,,1.0,1.0,75.0,1049.989,1.0,1.0,0.0,0,2.0,
521286,F,False,False,canada,hamilton,YHM,36,,,1.0,1.0,112.0,627.07,1.0,1.0,1.0,0,1.0,
521293,F,True,False,usa,akron,AKR,37,,,5.0,1.0,2584.8,984.02,1.0,4.8,0.4,0,5.0,Best Western
521331,F,False,False,usa,cleveland,CLE,66,,,1.0,1.0,288.0,13.77,1.0,6.0,1.0,1,1.0,
521392,F,True,False,usa,chicago,MDW,42,,1.0,1.0,1.0,1468.0,321.28,1.0,6.0,0.0,0,1.0,
521404,F,False,False,usa,detroit,DTW,47,,1.0,4.0,1.25,2304.0,2311.0299999999997,1.4,2.8,0.5,0,3.0,Extended Stay 
521408,F,True,False,usa,san diego,NZY,58,,,2.0,1.0,2829.0,1160.0265,1.0,6.5,1.0,0,2.0,
521416,F,True,False,usa,new york,JFK,49,,,3.0,1.3333333333333333,1141.0,658.0,1.3333333333333333,1.0,0.6666666666666666,0,3.0,
521474,F,False,False,usa,san francisco,SFO,20,,,1.0,2.0,144.0,2764.8,2.0,1.0,2.0,0,1.0,
521491,F,False,False,usa,philadelphia,PNE,37,1.0,1.0,2.0,1.0,4708.5,927.0800000000002,1.0,4.333333333333333,0.3333333333333333,1,3.0,
521510,F,True,False,usa,chicago,MDW,51,,1.0,2.0,1.0,959.0,501.23,1.0,2.0,1.5,0,2.0,
521657,F,False,False,canada,montreal,YUL,29,,1.0,2.0,1.0,1548.0,1233.74,1.3333333333333333,3.0,1.0,0,2.0,
521658,F,True,False,usa,new york,LGA,52,,1.0,4.0,1.0,1437.0,1603.74,1.0,2.4,0.0,0,4.0,
521785,F,False,False,usa,los angeles,LAX,26,,1.0,1.0,1.0,2505.0,301.52,1.5,4.5,0.0,0,1.0,Banyan Tree 
521814,F,True,True,canada,toronto,YKZ,44,1.0,,5.0,1.1666666666666667,2153.85,3730.0599999999995,1.2,2.4,0.16666666666666666,0,6.0,
521859,M,False,False,usa,new york,LGA,43,,,5.0,1.0,1370.0,1563.26,1.0,2.6,0.4,0,5.0,
521883,F,False,False,usa,tulsa,TUL,34,2.0,,1.0,1.3333333333333333,208.0,2043.2140000000002,1.0,2.0,1.0,0,2.0,
521884,F,False,True,usa,jacksonville,LRF,54,,,2.0,2.0,805.0,4515.18,2.0,1.0,1.0,0,2.0,
521885,M,True,True,usa,houston,HOU,47,,,2.0,1.0,960.0,727.25,1.0,2.0,1.0,0,2.0,
521904,F,False,True,usa,bakersfield,BFL,36,,,1.0,1.0,207.0,217.55,1.0,1.0,0.0,0,1.0,
521921,F,True,True,usa,san antonio,SAT,51,,,1.0,2.0,376.0,1717.18,2.0,2.0,0.0,0,1.0,
521925,F,False,False,canada,edmonton,YED,44,,2.0,3.0,1.0,4688.95,1269.4475,1.2,5.0,0.3333333333333333,0,3.0,Extended Stay 
521941,F,True,True,usa,new orleans,MSY,30,,1.0,2.0,1.0,4346.0,819.91,1.3333333333333333,6.333333333333333,0.5,0,2.0,
521943,F,True,False,usa,philadelphia,PNE,55,,,3.0,1.0,1275.0,1544.98,1.0,2.6666666666666665,0.6666666666666666,0,3.0,
521992,F,True,True,usa,los angeles,LAX,35,,,4.0,1.25,2716.8,3689.158,1.25,3.0,0.75,0,4.0,
521997,F,True,False,usa,new york,JFK,34,,2.0,2.0,1.0,2314.0,934.7,1.0,5.0,0.0,0,2.0,
522111,F,False,True,usa,philadelphia,PHL,25,1.0,1.0,1.0,1.5,1332.0,1499.0900000000001,1.5,5.0,0.5,1,2.0,
522115,M,False,True,usa,chicago,MDW,41,,,3.0,1.0,2859.3,496.98,1.0,3.3333333333333335,1.0,1,3.0,
522134,F,False,True,usa,houston,IAH,20,,,,,,,,,,0,,
522152,F,False,True,usa,dallas,DAL,33,,,1.0,1.0,59.0,381.11,1.0,1.0,1.0,1,1.0,
522171,F,False,False,usa,louisville,LOU,39,1.0,1.0,2.0,1.6666666666666667,4758.0,838.0,1.6666666666666667,7.333333333333333,0.6666666666666666,0,3.0,
522179,M,True,True,usa,dallas,DAL,43,1.0,,2.0,1.6666666666666667,1089.0,1222.2065,2.0,2.5,1.0,0,3.0,
522223,F,True,True,usa,nashville,BNA,52,,,4.0,1.25,3911.0,3067.12,1.25,4.0,0.75,0,4.0,
522263,F,False,False,usa,oklahoma city,TIK,33,,,2.0,1.0,1125.3,698.246,1.0,3.0,0.0,0,2.0,
522265,F,False,True,usa,bakersfield,BFL,44,,1.0,3.0,1.0,1368.3,1345.57,1.0,3.5,0.3333333333333333,0,3.0,
522276,F,False,False,usa,anchorage,EDF,49,,,2.0,2.0,1688.0,7215.62,2.0,1.5,1.5,0,2.0,
522286,F,False,False,canada,edmonton,YXD,47,1.0,,2.0,1.0,606.0,1395.03,1.0,2.0,1.0,0,3.0,
522323,F,False,False,usa,little rock,LIT,49,2.0,1.0,2.0,1.0,2251.6,476.13,1.3333333333333333,3.6666666666666665,0.5,0,4.0,NH Hotel 
522387,F,False,False,usa,louisville,LOU,25,,1.0,,,4800.0,,2.0,10.0,,0,,
522420,F,True,False,usa,oakland,OAK,33,,,,,,,,,,1,,
522445,F,True,False,usa,stockton,SCK,49,,1.0,1.0,1.0,7505.0,570.93,1.5,8.5,0.0,0,1.0,Banyan Tree 
522457,F,False,True,usa,san diego,NZY,38,1.0,,5.0,1.1666666666666667,3424.0,4832.336,1.2,2.2,0.5,0,6.0,
522465,M,True,False,usa,new york,LGA,66,1.0,1.0,2.0,1.0,5279.0,1470.452,1.0,14.666666666666666,1.3333333333333333,0,3.0,
522484,F,True,False,usa,washington,DCA,53,2.0,,4.0,1.5,5073.0,4801.92,1.0,4.75,0.0,0,6.0,
522533,F,False,False,usa,jacksonville,NCA,20,,,3.0,1.0,1510.0,3160.51,1.0,4.333333333333333,0.0,0,3.0,
522585,M,True,True,canada,edmonton,YED,43,,,2.0,1.0,920.6,992.652,1.0,2.0,1.0,0,1.0,
522607,F,True,False,usa,miami,MIA,46,,1.0,2.0,1.0,2679.8,611.678,1.0,5.666666666666667,1.0,0,2.0,
522633,F,False,False,usa,new york,LGA,40,,,3.0,1.0,1217.0,904.8499999999999,1.0,1.6666666666666667,0.0,0,3.0,
522738,F,False,False,usa,chicago,UGN,42,,,2.0,1.0,2472.6,1781.3609999999999,1.0,9.0,0.0,0,2.0,
522748,F,True,False,usa,las vegas,LSV,45,2.0,1.0,2.0,1.0,3385.95,2097.3475,1.0,5.0,0.75,0,3.0,Hyatt
522761,M,False,False,usa,houston,HOU,42,,,2.0,1.5,1120.0,1449.6000000000001,1.5,2.0,0.5,1,2.0,
522800,F,False,False,usa,new york,LGA,30,1.0,1.0,3.0,1.0,2643.0,1762.29,1.0,4.0,0.75,0,3.0,
522873,F,False,True,canada,victoria,YYJ,35,1.0,,,1.0,,807.06,,,1.0,0,1.0,
522898,F,False,True,usa,honolulu,HNL,44,,,2.0,1.0,4058.0,2966.6099999999997,1.0,9.0,1.0,0,1.0,
522943,F,True,False,usa,los angeles,LAX,78,,1.0,,,399.0,,1.0,3.0,,0,,
522970,F,False,False,usa,atlanta,ATL,46,1.0,,5.0,1.0,2958.0,2270.594,1.0,3.8,0.3333333333333333,0,5.0,
522981,F,False,False,usa,atlanta,ATL,40,1.0,,4.0,1.0,2905.2,1157.71,1.0,3.0,0.6,0,4.0,
523030,F,False,False,usa,birmingham,BHM,36,,,2.0,1.0,108.5,372.894,1.0,1.0,0.0,0,2.0,
523057,F,False,False,usa,portland,PWM,70,,,,,,,,,,0,,
523073,F,True,True,usa,orlando,MCO,37,,1.0,1.0,1.0,1016.0,274.75,1.5,2.0,0.0,0,1.0,
523098,M,False,False,usa,miami,MIA,43,1.0,,2.0,1.0,1473.0,772.07,1.0,4.0,0.3333333333333333,0,3.0,
523146,F,False,True,usa,new york,LGA,50,,,4.0,1.25,5316.2,1283.925,1.25,6.75,0.25,0,4.0,
523158,F,True,True,usa,san francisco,SFO,44,1.0,,2.0,1.0,1846.0,1002.5699999999999,1.0,5.0,0.6666666666666666,0,3.0,
523209,F,False,True,usa,lincoln,LNK,51,,,4.0,1.25,3031.0,1348.0140000000001,1.25,3.0,0.75,0,2.0,InterContinental 
523231,F,False,False,usa,los angeles,LAX,44,,,4.0,1.0,1827.0,1799.41,1.0,3.0,0.5,0,4.0,Hilton
523271,F,True,False,usa,los angeles,LAX,41,,,3.0,1.0,791.0,1810.79,1.0,2.0,0.3333333333333333,0,3.0,
523273,F,True,False,canada,ottawa,YOW,53,,1.0,1.0,1.0,2109.0,462.18,1.0,6.5,0.0,0,1.0,
523299,F,True,False,usa,seattle,BFI,61,,,,,,,,,,1,,
523335,F,False,False,usa,houston,IAH,31,1.0,,2.0,1.0,1821.8,557.03,1.0,5.0,0.6666666666666666,0,3.0,
523392,F,False,False,usa,houston,IAH,42,1.0,,2.0,1.3333333333333333,1150.0,1958.6950000000002,1.5,2.0,0.3333333333333333,0,3.0,
523395,F,False,False,usa,tucson,DMA,34,,,3.0,1.0,2098.0,1283.315,1.0,2.6666666666666665,1.3333333333333333,0,3.0,Marriott 
523442,F,True,True,usa,milwaukee,MKE,56,,1.0,3.0,1.0,2421.0,642.89,1.0,4.0,1.0,0,3.0,Choice Hotels
523465,F,True,False,canada,montreal,YUL,52,1.0,,2.0,1.0,1751.0,322.09499999999997,1.0,2.0,0.3333333333333333,0,3.0,
523474,F,False,False,usa,houston,IAH,42,,,4.0,1.0,1566.0,1088.92,1.0,2.5,0.5,0,4.0,
523513,F,True,True,usa,new york,JFK,56,,,3.0,1.0,4019.0,626.868,1.0,6.333333333333333,0.6666666666666666,0,3.0,
523526,F,False,False,usa,denver,DEN,30,,,1.0,4.0,364.0,7160.24,4.0,1.0,1.0,0,1.0,
523546,M,False,True,usa,austin,AUS,61,1.0,1.0,1.0,1.0,1643.0,396.65000000000003,1.0,4.0,0.5,0,2.0,
523619,F,True,True,canada,toronto,YZD,46,,1.0,1.0,2.0,3101.0,261.32,1.5,8.5,1.0,0,1.0,
523657,F,True,False,usa,winston-salem,INT,38,,,2.0,1.5,470.0,3007.5,1.5,1.5,1.0,0,2.0,
523686,F,True,True,canada,saskatoon,YXE,44,,,2.0,1.0,1006.55,910.1200000000001,1.0,1.5,1.0,0,2.0,
523717,F,False,False,usa,baltimore,BWI,43,,,6.0,1.0,1831.8,2599.565,1.0,1.6666666666666667,0.16666666666666666,0,4.0,
523729,F,True,False,usa,kansas city,MCI,77,,1.0,,,314.0,,1.0,2.0,,0,,
523735,F,True,True,canada,ottawa,YOW,57,,1.0,3.0,2.0,3175.6,8121.099,2.0,5.5,0.6666666666666666,0,3.0,
523756,F,False,False,usa,houston,HOU,30,,1.0,4.0,1.5,4472.0,3486.277,1.4,2.2,0.5,0,3.0,
523824,F,False,False,usa,oklahoma city,OKC,24,,,2.0,1.0,950.1,510.27,1.0,2.0,1.0,0,2.0,
523842,M,True,False,usa,lincoln,LNK,45,,1.0,3.0,1.0,2476.0,1031.97,1.0,5.5,0.6666666666666666,0,3.0,Four Seasons
523845,F,False,True,usa,sacramento,MHR,45,2.0,1.0,2.0,1.25,1922.7,2815.733,1.3333333333333333,7.0,0.25,0,4.0,
523846,M,False,True,canada,montreal,YUL,28,,1.0,1.0,1.0,661.8,713.0,1.0,2.5,1.0,0,1.0,Fairmont
523877,F,True,False,usa,los angeles,LAX,53,,,4.0,1.0,1493.0,2251.23,1.0,3.0,0.75,0,4.0,NH Hotel 
523938,F,True,False,usa,new york,JFK,24,,,2.0,1.5,1381.0,2471.02,1.5,3.0,2.0,0,2.0,
524012,F,True,False,usa,new york,LGA,44,,1.0,3.0,1.0,6876.0,508.76,1.25,4.75,0.6666666666666666,0,3.0,
524031,F,True,False,usa,denver,DEN,39,1.0,,3.0,1.25,1559.0,2357.896,1.0,3.3333333333333335,0.75,0,4.0,
524036,F,False,False,usa,new york,LGA,33,1.0,1.0,1.0,1.0,1331.2,853.52,1.0,5.5,1.0,0,2.0,
524052,F,False,False,usa,santa ana,SNA,44,,,3.0,1.0,818.0999999999999,1446.77,1.0,3.0,0.6666666666666666,0,3.0,
524080,F,False,False,usa,los angeles,LAX,37,1.0,,3.0,1.25,1606.0,2654.058,1.3333333333333333,3.6666666666666665,0.0,0,4.0,
524120,F,False,False,usa,honolulu,HNL,42,,,4.0,1.0,2857.0,4252.071,1.0,6.0,0.75,0,4.0,
524151,M,False,False,usa,new york,JFK,25,1.0,1.0,1.0,1.0,1067.0,187.14999999999998,1.0,2.5,1.0,0,1.0,
524194,F,False,False,usa,richmond,RIC,37,,,1.0,1.0,110.0,392.99,1.0,2.0,0.0,1,1.0,
524200,F,True,False,usa,new york,LGA,57,,,4.0,1.0,4738.5,473.46000000000004,1.0,3.75,0.5,0,4.0,Starwood 
524214,F,False,False,usa,st. louis,STL,34,1.0,1.0,,1.0,1184.0,188.57,1.0,4.0,0.0,0,1.0,
524226,F,True,True,usa,new york,LGA,48,,,4.0,1.0,1083.0,1110.4065,1.0,1.75,0.25,0,4.0,Rosewood
524278,M,False,True,usa,portland,PWM,35,,1.0,1.0,1.0,1725.0,67.26,1.0,4.5,1.0,0,1.0,
524318,F,False,True,usa,columbus,LCK,27,,,,,,,,,,0,,
524328,F,False,True,usa,new york,LGA,36,,,2.0,1.0,1469.75,1350.9499999999998,1.0,3.5,0.5,0,2.0,
524358,F,False,True,usa,houston,HOU,38,,,2.0,2.0,842.0,3839.34,2.0,1.5,0.5,1,2.0,
524407,F,False,False,canada,montreal,YMX,51,,,3.0,1.0,2310.0,1455.7,1.0,6.333333333333333,0.6666666666666666,0,3.0,
524448,F,True,True,canada,ottawa,YOW,53,1.0,,,1.0,,555.7784999999999,,,0.0,1,1.0,
524473,M,True,False,usa,santa ana,SNA,52,,1.0,2.0,1.0,3287.9,732.0415,1.0,3.3333333333333335,0.5,0,2.0,
524511,F,False,False,usa,los angeles,LAX,57,,1.0,2.0,1.0,1692.0,1019.6500000000001,1.3333333333333333,1.6666666666666667,1.5,0,2.0,Starwood 
524607,F,True,False,usa,los angeles,LAX,38,2.0,,3.0,1.0,2022.0,3272.17,1.0,2.6666666666666665,0.6,0,4.0,
524615,F,True,False,usa,chicago,UGN,54,,,3.0,1.0,969.0,431.13,1.0,2.3333333333333335,0.3333333333333333,0,3.0,
524620,F,False,False,usa,corpus christi,CRP,33,,,3.0,1.0,883.4,1230.09,1.0,1.6666666666666667,0.0,0,3.0,
524628,M,True,False,usa,los angeles,LAX,51,,,3.0,1.0,860.0,1112.56,1.0,2.3333333333333335,0.0,0,2.0,
524637,F,False,False,usa,new york,JFK,40,,,3.0,1.0,839.0,1072.13,1.0,2.6666666666666665,1.0,0,3.0,
524644,F,False,False,canada,ottawa,YOW,35,1.0,1.0,1.0,1.0,7810.0,1031.68,1.5,6.5,0.0,0,2.0,
524650,F,False,False,usa,chicago,MDW,32,,,2.0,1.0,958.0,124.75,1.0,2.0,0.5,0,2.0,
524663,F,True,True,usa,new york,JFK,40,,,1.0,1.0,128.0,775.34,1.0,4.0,0.0,0,1.0,
524682,F,True,False,usa,birmingham,BHM,50,,,2.0,1.5,1224.0,1302.4099999999999,1.5,2.0,1.0,0,2.0,
524805,F,True,True,usa,sacramento,SAC,38,,1.0,2.0,1.0,906.0,746.988,1.0,1.3333333333333333,0.5,0,2.0,Conrad 
524821,F,True,True,usa,rochester,ROC,30,1.0,,,2.0,,285.76,,,2.0,1,1.0,
524849,F,True,True,canada,edmonton,YEG,52,,1.0,2.0,1.0,2642.4,1059.19,1.3333333333333333,6.0,0.5,0,2.0,Extended Stay 
524880,F,True,True,canada,toronto,YKZ,43,,,,,,,,,,0,,
524885,F,False,False,usa,jacksonville,LRF,42,,,,,,,,,,0,,
524913,F,True,False,canada,toronto,YTZ,23,,1.0,,,9816.0,,3.0,8.0,,0,,
524923,F,False,False,usa,winston-salem,INT,32,2.0,,1.0,1.3333333333333333,138.0,3404.23,2.0,1.0,0.3333333333333333,0,3.0,
524929,F,False,False,usa,st. petersburg,SPG,46,,,4.0,1.5,3009.0,3419.5815,1.5,2.5,0.75,0,4.0,
525043,F,True,False,usa,houston,EFD,41,,,3.0,1.0,570.0,1087.9299999999998,1.0,1.3333333333333333,0.0,0,3.0,
525053,F,True,False,canada,calgary,YYC,51,,,3.0,1.0,473.29999999999995,1434.3375,1.0,1.3333333333333333,0.3333333333333333,0,3.0,
525056,F,False,False,usa,new york,LGA,39,,,4.0,1.5,3587.1,6800.859999999999,1.5,3.5,0.5,0,4.0,
525089,F,True,False,usa,seattle,BFI,45,,,4.0,1.5,2394.0,6030.643,1.5,2.75,0.25,0,3.0,Marriott 
525102,F,False,True,usa,st. louis,STL,39,,1.0,4.0,1.0,7503.6,1327.4479999999999,1.2,9.8,0.5,0,3.0,Best Western
525175,M,True,False,usa,stockton,SCK,87,,1.0,,,1218.0,,2.0,3.0,,0,,
525234,F,False,False,usa,houston,HOU,56,,1.0,2.0,1.0,3337.35,876.1980000000001,1.0,4.666666666666667,0.0,1,2.0,
525244,M,False,False,usa,new york,JFK,34,,1.0,1.0,1.0,2250.9,398.97,1.0,2.5,0.0,0,1.0,
525265,M,True,False,usa,houston,EFD,48,,,3.0,1.3333333333333333,822.8000000000001,1934.624,1.3333333333333333,1.6666666666666667,1.3333333333333333,0,3.0,
525281,F,False,False,usa,chicago,MDW,40,,,5.0,1.4,2967.0,2210.976,1.4,3.8,0.4,0,5.0,
525323,F,False,False,usa,memphis,MEM,33,,,2.0,1.0,2852.0,731.94,1.0,5.0,1.0,0,2.0,
525332,F,False,False,canada,toronto,YKZ,32,,,4.0,1.25,5061.0,1086.999,1.25,4.75,0.75,1,2.0,
525356,F,True,True,usa,los angeles,LAX,54,,,3.0,1.0,3271.0,2023.48,1.0,1.6666666666666667,0.3333333333333333,0,2.0,
525410,F,False,False,usa,san diego,NZY,34,,,4.0,1.0,916.0,604.38,1.0,1.75,0.5,0,3.0,
525447,F,False,False,usa,tucson,DMA,57,,1.0,3.0,1.0,2111.2,1885.72,1.0,4.0,0.0,1,1.0,
525515,F,False,True,canada,toronto,YTZ,35,,,4.0,1.25,3082.5,703.19,1.25,3.75,0.75,0,3.0,Extended Stay 
525555,F,False,True,canada,hamilton,YHM,44,,,2.0,1.0,315.0,977.52,1.0,1.5,0.5,1,2.0,
525611,F,False,False,usa,miami,TNT,42,,1.0,4.0,1.0,2859.0,1593.69,1.0,5.4,1.0,0,2.0,
525615,F,False,False,usa,denver,DEN,37,1.0,1.0,4.0,1.0,1922.5,1554.75,1.2,2.4,0.8,0,5.0,
525631,M,False,False,usa,new york,JFK,47,,1.0,1.0,2.0,1314.0,2870.06,1.5,6.0,1.0,1,1.0,
525647,F,True,True,canada,edmonton,YED,65,,,,,,,,,,0,,
525684,F,True,True,usa,miami,TNT,53,1.0,1.0,2.0,2.0,3408.9,4745.528,1.3333333333333333,3.0,0.3333333333333333,0,3.0,Aman Resorts
525716,F,True,False,usa,oklahoma city,TIK,57,,1.0,3.0,1.0,3577.8,994.908,1.0,6.0,1.0,0,3.0,
525722,F,False,False,usa,phoenix,LUF,52,1.0,,4.0,1.2,1061.1,1971.702,1.0,1.25,0.2,0,4.0,
525734,F,False,True,usa,houston,HOU,37,,1.0,1.0,1.0,1600.0,231.85,1.0,4.5,1.0,0,1.0,
525789,F,True,False,usa,birmingham,BHM,62,,1.0,3.0,1.0,1956.8,1342.74,1.25,3.25,0.3333333333333333,0,2.0,
525824,F,True,False,usa,detroit,YIP,41,1.0,,1.0,1.5,4304.0,2368.176,2.0,8.0,1.0,0,2.0,
525864,F,True,True,usa,minneapolis,MSP,44,,,2.0,1.5,470.0,1382.45,1.5,1.0,0.5,0,2.0,
525879,F,False,True,usa,new york,LGA,41,,,4.0,1.0,2956.0,652.21,1.0,3.5,1.0,0,3.0,
526032,F,False,True,canada,windsor,YQG,37,,,,,,,,,,0,,
526079,F,True,False,usa,salt lake city,SLC,52,2.0,,1.0,1.0,680.0,914.9770000000001,1.0,4.0,1.0,0,3.0,
526144,F,False,True,usa,chicago,MDW,45,1.0,,4.0,1.2,3105.8999999999996,2195.5935,1.25,3.5,0.6,0,5.0,Best Western
526179,M,False,False,usa,colorado springs,COS,43,1.0,,4.0,1.0,2271.0,1626.08,1.0,3.75,0.8,0,5.0,
526184,F,False,False,canada,montreal,YMX,26,,1.0,,,2370.6,,1.0,6.0,,0,,
526203,F,True,True,usa,new york,LGA,35,1.0,,2.0,1.0,2147.0,642.948,1.0,8.5,0.6666666666666666,1,3.0,
526221,F,True,False,usa,oklahoma city,OKC,68,,,1.0,1.0,1160.0,321.74199999999996,1.0,8.0,1.0,0,1.0,
526291,F,False,False,usa,orlando,MCO,33,,,,,,,,,,0,,
526303,F,True,True,usa,mobile,MOB,24,,2.0,,,2788.0,,1.0,7.0,,0,,
526308,F,True,False,canada,toronto,YYZ,46,1.0,,3.0,1.0,1339.0,1109.99,1.0,4.333333333333333,0.5,1,4.0,
526354,F,True,False,usa,boston,BOS,50,,,4.0,1.25,5617.0,2141.344,1.25,5.0,0.25,0,4.0,
526431,F,False,False,usa,charlotte,CLT,44,,2.0,3.0,1.3333333333333333,3235.0,3166.71,1.2,6.0,0.3333333333333333,0,3.0,
526435,F,True,False,usa,anchorage,MRI,72,,,,,,,,,,0,,
526445,F,False,False,usa,tampa,MCF,51,,1.0,2.0,1.0,656.0,520.03,1.0,1.6666666666666667,0.5,0,2.0,
526471,M,False,False,usa,washington,IAD,44,2.0,,4.0,1.1666666666666667,6155.5,2003.6349999999998,1.25,4.0,0.6666666666666666,0,6.0,Accor
526492,F,True,False,usa,dallas,DAL,46,1.0,2.0,2.0,1.0,5845.799999999999,1076.967,1.25,8.25,0.3333333333333333,0,3.0,
526570,F,False,False,usa,seattle,BFI,55,1.0,,3.0,1.5,3268.0,2781.67,1.3333333333333333,2.3333333333333335,0.5,1,3.0,
526628,F,True,True,canada,montreal,YHU,44,1.0,,4.0,1.2,2052.0,3318.199,1.25,1.75,0.8,0,5.0,Starwood 
526683,F,True,False,usa,kansas city,MCI,43,1.0,,2.0,1.0,3374.0,854.9,1.0,7.0,0.6666666666666666,0,3.0,
526727,F,True,True,usa,memphis,MEM,65,,,1.0,1.0,498.0,238.57,1.0,2.0,1.0,1,1.0,
526729,F,False,False,usa,new york,JFK,48,,1.0,3.0,1.0,4508.0,818.9525,1.0,4.5,0.3333333333333333,0,3.0,
526759,F,True,False,usa,washington,IAD,46,,,1.0,2.0,1146.0,398.06899999999996,2.0,3.0,1.0,0,1.0,
526782,F,False,False,canada,montreal,YHU,31,,,2.0,1.5,1078.0,943.83,1.5,2.5,0.5,0,2.0,
526872,F,True,False,usa,st. petersburg,SPG,72,,1.0,,,904.0,,1.0,8.0,,0,,
526873,F,False,False,canada,london,YXU,44,,1.0,2.0,1.0,2941.1,891.83,1.3333333333333333,4.333333333333333,1.0,0,2.0,
526900,F,True,False,usa,new orleans,NBG,55,1.0,,2.0,1.0,253.60000000000002,878.14,1.0,1.5,0.6666666666666666,0,3.0,
526905,F,False,False,usa,chicago,UGN,55,1.0,1.0,3.0,1.0,2627.8,752.01,1.0,4.25,0.75,0,3.0,Hyatt
526913,F,True,True,usa,san francisco,SFO,58,1.0,1.0,3.0,1.0,2057.0,2511.0784999999996,1.0,2.5,0.5,0,4.0,Choice Hotels
526970,F,False,False,canada,ottawa,YOW,41,,2.0,2.0,1.5,1855.0,1597.74,1.25,3.0,0.5,0,2.0,
527004,F,True,False,usa,new york,LGA,48,,,2.0,1.5,1111.8,3404.77,1.5,2.5,0.0,0,2.0,
527019,F,False,False,usa,dallas,DAL,22,,1.0,1.0,1.0,4415.65,72.66,2.0,4.0,1.0,0,1.0,
527038,F,True,False,canada,calgary,YYC,42,2.0,,2.0,1.25,2611.6,2307.3450000000003,1.5,5.0,0.75,0,4.0,
527075,M,True,True,canada,edmonton,YXD,56,,,3.0,1.3333333333333333,2362.0,2641.4,1.3333333333333333,4.0,1.0,0,3.0,
527130,F,True,False,usa,los angeles,LAX,66,,1.0,1.0,1.0,11942.4,679.22,1.0,18.0,0.0,0,1.0,
527132,M,False,False,usa,chicago,UGN,54,,,2.0,1.0,927.0,160.386,1.0,3.0,0.0,0,2.0,
527133,F,False,False,usa,lubbock,LBB,50,,1.0,3.0,1.0,1104.4,1125.55,1.0,3.75,1.0,1,3.0,
527154,F,False,False,usa,denver,DEN,38,,,2.0,1.0,2311.0,742.358,1.0,3.5,1.0,0,2.0,
527197,M,False,False,canada,hamilton,YHM,27,,1.0,2.0,1.5,11710.5,2694.5699999999997,1.6666666666666667,8.0,0.5,0,2.0,
527219,F,False,False,usa,long beach,LGB,27,,,1.0,1.0,891.0,591.51,1.0,3.0,1.0,0,1.0,
527232,F,True,False,usa,houston,EFD,56,,,2.0,1.0,478.0,338.92999999999995,1.0,2.5,0.0,0,2.0,
527253,F,False,False,canada,toronto,YZD,44,1.0,1.0,4.0,1.0,4115.0,1394.48,1.2,5.8,0.6,0,4.0,Marriott 
527326,F,True,False,usa,tacoma,TCM,59,1.0,1.0,1.0,3.0,820.0,3867.072,2.5,1.0,1.0,0,2.0,
527344,F,True,False,usa,memphis,MEM,59,,1.0,1.0,1.0,1915.0,252.47,1.0,2.5,0.0,0,1.0,
527346,F,True,False,canada,toronto,YKZ,48,1.0,,2.0,2.0,1159.0,7119.679999999999,2.5,2.0,0.3333333333333333,0,3.0,
527389,F,False,True,usa,boston,BOS,36,,2.0,,,696.0,,1.5,3.0,,0,,
527396,M,False,False,usa,austin,AUS,43,,1.0,2.0,1.0,3842.0,675.513,1.0,12.666666666666666,1.0,0,2.0,
527406,F,False,False,usa,austin,AUS,41,1.0,,2.0,1.0,2429.2,1382.93,1.0,9.5,0.3333333333333333,0,3.0,
527445,M,False,False,usa,los angeles,LAX,20,,,,,,,,,,0,,
527451,F,False,False,canada,toronto,YKZ,33,,,3.0,1.0,930.45,328.59000000000003,1.0,1.6666666666666667,0.6666666666666666,0,2.0,
527507,M,True,True,usa,san francisco,SFO,45,1.0,1.0,2.0,1.0,2883.7,2364.51,1.0,7.666666666666667,0.6666666666666666,0,3.0,
527524,F,False,False,canada,halifax,YHZ,27,,1.0,,,3792.0,,2.0,8.0,,0,,
527536,F,True,False,usa,richmond,RIC,77,1.0,,,2.0,,340.0,,,1.0,0,1.0,
527541,F,True,False,canada,london,YXU,43,,1.0,,,550.0,,1.0,11.0,,0,,
527552,F,True,True,usa,portland,PDX,59,,1.0,,,700.0,,1.0,7.0,,0,,
527564,F,True,False,canada,gatineau,YND,39,1.0,1.0,2.0,1.0,4204.0,1087.98,1.0,6.666666666666667,0.6666666666666666,0,3.0,
527585,F,False,False,usa,minneapolis,MSP,42,,,4.0,1.5,3215.0,2848.6895,1.5,2.5,0.25,0,4.0,
527605,F,False,False,canada,toronto,YKZ,35,1.0,,2.0,1.0,855.0,1322.932,1.0,3.5,0.3333333333333333,0,3.0,
527689,M,False,False,usa,new orleans,NBG,22,,1.0,,,2000.6999999999998,,1.0,13.0,,0,,
527735,M,False,False,usa,new york,LGA,24,,,1.0,1.0,559.8000000000001,729.63,1.0,2.0,1.0,0,1.0,
527782,F,False,True,usa,memphis,MEM,43,1.0,1.0,1.0,1.0,1403.0,1016.81,1.0,4.0,0.5,1,1.0,
527783,F,False,False,usa,indianapolis,IND,48,,,2.0,1.0,1763.0,545.37,1.0,7.0,0.5,0,2.0,
527824,F,True,False,usa,new york,JFK,48,,,5.0,1.0,498.0,1845.71,1.0,1.4,0.8,0,5.0,
527850,M,True,True,usa,san antonio,SKF,40,,2.0,3.0,1.0,6460.5,1270.28,1.0,4.6,0.6666666666666666,0,3.0,
527886,F,True,False,usa,wichita,IAB,48,,2.0,1.0,1.0,4204.65,374.71,1.0,11.666666666666666,1.0,0,1.0,
527944,M,False,False,usa,san diego,NZY,39,,,4.0,1.0,2238.0,2111.874,1.0,3.25,0.75,0,4.0,
527987,F,False,True,canada,hamilton,YHM,54,1.0,,3.0,1.0,994.0,711.77,1.0,2.3333333333333335,0.75,0,4.0,
528105,F,False,False,usa,san jose,SJC,33,,1.0,3.0,1.0,2347.0,1938.54,1.0,3.75,0.6666666666666666,0,3.0,Best Western
528122,F,False,True,canada,toronto,YYZ,40,,,5.0,1.2,7155.8,1924.071,1.2,3.0,0.6,0,5.0,Hyatt
528137,F,True,False,usa,sacramento,MCC,71,,,,,,,,,,0,,
528139,F,False,True,usa,corpus christi,CRP,28,,1.0,,,2808.0,,1.0,9.0,,0,,
528158,F,True,False,usa,columbus,CMH,52,2.0,,1.0,1.0,373.34999999999997,956.75,1.0,3.0,0.3333333333333333,0,3.0,
528164,M,True,False,usa,san francisco,SFO,49,3.0,1.0,2.0,1.2,1501.0,2757.32,1.0,4.0,0.8,0,5.0,
528186,F,False,False,usa,denver,DEN,45,,,4.0,1.0,1395.0,1236.5929999999998,1.0,2.0,0.0,0,4.0,Conrad 
528216,F,True,True,usa,houston,EFD,52,,,3.0,1.0,630.85,998.72,1.0,2.0,0.6666666666666666,0,3.0,
528242,M,True,True,usa,indianapolis,IND,30,1.0,,2.0,1.0,458.0,529.05,1.0,1.5,0.6666666666666666,0,3.0,
528354,M,True,True,canada,windsor,YQG,57,,,3.0,1.0,786.0,1216.09,1.0,3.0,0.6666666666666666,0,3.0,Wyndham
528372,F,False,True,usa,san antonio,SAT,27,,1.0,,,1881.0,,1.0,11.0,,0,,
528379,F,True,True,usa,new york,LGA,52,,,2.0,1.0,355.0,1019.2365,1.0,1.0,1.0,0,2.0,
528411,F,True,False,usa,milwaukee,MKE,46,1.0,,3.0,1.0,1208.0,635.054,1.0,1.3333333333333333,1.0,0,4.0,
528417,F,False,False,usa,oakland,OAK,54,,,2.0,1.0,407.2,1041.78,1.0,2.0,0.5,0,2.0,
528455,F,True,True,usa,fresno,FAT,49,,,3.0,1.0,3531.2,1649.5140000000001,1.0,6.333333333333333,0.6666666666666666,0,3.0,NH Hotel 
528500,F,False,False,usa,cincinnati,LUK,42,,,,,,,,,,1,,
528528,M,False,False,usa,charlotte,CLT,19,,,1.0,1.0,616.0,185.81,1.0,4.0,0.0,0,1.0,
528612,F,True,True,usa,boston,BOS,41,,,2.0,1.0,372.0,847.014,1.0,1.0,0.5,0,2.0,
528657,F,False,False,usa,st. louis,STL,41,,,4.0,1.0,4191.0,1182.13,1.0,3.75,0.75,0,4.0,
528683,F,True,False,usa,houston,HOU,52,,1.0,1.0,1.0,3792.0,274.63,1.5,8.0,0.0,0,1.0,
528723,F,False,True,canada,calgary,YYC,37,,1.0,3.0,1.6666666666666667,3910.0,3749.6400000000003,1.5,7.0,1.0,0,3.0,
528744,M,False,False,usa,san francisco,SFO,50,,1.0,3.0,1.0,2109.05,1428.3500000000001,1.0,2.75,0.6666666666666666,0,3.0,
528777,F,True,False,usa,new york,LGA,49,,1.0,3.0,1.3333333333333333,4136.0,854.45,1.25,3.5,0.6666666666666666,0,3.0,Shangri-La
528816,F,True,True,usa,san antonio,SAT,56,,,5.0,1.2,14926.0,2133.95,1.2,6.0,0.8,0,5.0,
528826,F,False,False,usa,san francisco,SFO,33,,,2.0,1.0,430.0,573.59,1.0,1.5,0.5,0,2.0,
528827,F,True,True,usa,st. petersburg,SPG,53,,1.0,3.0,1.0,2027.4,745.7165,1.0,3.5,0.3333333333333333,0,3.0,
528839,F,False,False,usa,baltimore,BWI,35,1.0,,,1.0,,53.62,,,0.0,1,1.0,
528844,F,False,False,usa,houston,IAH,38,,,2.0,1.5,669.75,2435.2999999999997,1.5,2.0,1.0,0,2.0,
528906,F,False,False,usa,portland,PWM,36,,,1.0,1.0,368.0,77.86,1.0,4.0,0.0,0,1.0,
528929,F,False,True,usa,st. petersburg,PIE,50,1.0,,1.0,1.0,1722.0,1017.04,1.0,2.0,0.5,0,2.0,
528930,F,True,True,usa,tucson,TUS,52,,,2.0,1.0,941.5,486.78,1.0,2.0,0.5,0,2.0,
528965,F,False,False,usa,miami,MIA,33,,1.0,1.0,1.0,2753.0,721.67,1.5,13.5,0.0,0,1.0,
528995,M,True,False,usa,houston,HOU,56,,,3.0,1.0,3421.0,1232.1399999999999,1.0,3.6666666666666665,0.3333333333333333,0,3.0,
529048,F,True,True,usa,portland,PDX,66,,,1.0,1.0,522.0,483.46,1.0,2.0,0.0,0,1.0,
529050,F,False,False,usa,new york,JFK,43,,,2.0,1.0,1178.0,1185.19,1.0,4.0,1.0,0,2.0,
529214,F,True,False,usa,tucson,DMA,65,,,2.0,1.0,361.0,1219.93,1.0,1.5,1.0,0,2.0,
529216,F,False,False,usa,new orleans,NBG,27,,1.0,,,1572.0,,1.0,12.0,,0,,
529224,F,True,False,usa,new york,LGA,57,2.0,1.0,4.0,1.0,3508.0,3267.13,1.2,3.0,0.8333333333333334,0,6.0,Extended Stay 
529229,F,False,False,usa,tucson,DMA,30,,,2.0,1.5,2964.0,2409.09,1.5,5.0,0.0,0,2.0,
529231,F,False,False,usa,newark,EWR,24,,1.0,1.0,1.0,3380.0,679.34,1.0,17.0,1.0,0,1.0,
529237,F,True,True,usa,colorado springs,COS,46,,1.0,1.0,1.0,1825.0,454.19,1.0,5.5,1.0,0,1.0,Wyndham
529249,F,True,False,usa,dallas,DAL,53,1.0,,2.0,1.3333333333333333,428.0,2220.522,1.5,2.0,0.3333333333333333,0,3.0,
529309,F,False,False,usa,san antonio,SKF,43,,1.0,4.0,1.0,4281.0,1669.5,1.2,3.2,0.5,0,3.0,Crowne Plaza
529362,F,False,False,usa,san antonio,SAT,40,,,4.0,1.0,1001.0,1252.153,1.0,1.75,0.0,1,4.0,Marriott 
529421,F,False,False,usa,sacramento,MCC,41,,1.0,4.0,1.0,3258.0,1926.5,1.0,3.0,0.0,0,4.0,
529488,F,True,False,usa,sacramento,SMF,47,1.0,,1.0,2.0,180.0,8095.605,2.0,2.0,0.5,0,2.0,
529502,F,True,False,usa,new york,JFK,41,,,3.0,1.3333333333333333,1274.8,2762.469,1.3333333333333333,2.0,0.3333333333333333,0,3.0,
529513,F,False,False,usa,louisville,LOU,43,1.0,2.0,2.0,1.0,3930.0,1129.7334999999998,1.25,5.0,0.3333333333333333,0,3.0,
529520,M,False,True,usa,stockton,SCK,23,,,1.0,2.0,318.0,2466.9039999999995,2.0,1.0,0.0,0,1.0,
529602,M,True,True,usa,charlotte,CLT,47,,,2.0,1.0,2667.0,809.56,1.0,6.5,0.0,1,2.0,
529677,F,False,True,canada,montreal,YMX,24,,1.0,,,1730.0,,1.0,10.0,,0,,
529678,F,False,False,usa,houston,IAH,43,,,3.0,1.6666666666666667,1729.25,4320.049,1.6666666666666667,2.0,0.6666666666666666,0,3.0,
529689,F,True,True,usa,san jose,SJC,48,1.0,1.0,2.0,1.0,5005.0,2000.7785,1.0,12.333333333333334,0.3333333333333333,0,1.0,
529695,F,False,False,usa,new york,LGA,39,1.0,,4.0,1.4,1157.0,5321.6,1.5,2.75,0.4,0,5.0,
529781,F,True,True,usa,lubbock,LBB,45,,2.0,1.0,1.0,1514.0,86.24,1.3333333333333333,3.6666666666666665,1.0,0,1.0,
529783,F,False,False,usa,phoenix,PHX,23,,2.0,,,6300.0,,1.5,4.5,,0,,
529787,F,True,True,usa,dallas,DAL,51,1.0,,3.0,1.0,544.0,973.5,1.0,2.0,0.75,0,4.0,Starwood 
529801,F,False,True,usa,chicago,MDW,45,1.0,1.0,3.0,1.0,3872.0,921.0300000000001,1.0,5.5,0.75,0,4.0,
529831,F,False,False,usa,dallas,DAL,30,1.0,1.0,3.0,1.0,4254.0,1199.33,1.0,6.0,0.5,0,4.0,Best Western
529840,M,False,False,usa,new york,LGA,49,1.0,,,1.0,,109.03,,,1.0,0,1.0,
529845,F,True,False,usa,cleveland,CLE,39,,,2.0,1.0,900.0,198.32,1.0,4.0,0.0,0,2.0,
529913,F,False,False,usa,sacramento,SAC,37,,,,,,,,,,0,,
529940,F,True,True,usa,nashville,BNA,68,1.0,1.0,1.0,1.0,973.0,326.8,1.0,2.5,1.0,0,2.0,
530004,M,False,False,usa,cincinnati,CVG,45,1.0,,1.0,1.0,1572.0,515.564,1.0,6.0,0.5,0,2.0,
530090,F,False,True,usa,bakersfield,BFL,45,,,3.0,1.0,1327.4,888.91,1.0,1.6666666666666667,0.6666666666666666,0,3.0,
530196,F,False,False,usa,detroit,DTW,19,,2.0,,,3176.0,,1.0,3.5,,1,,
530199,F,True,False,usa,burlington,BTV,47,,1.0,1.0,2.0,3078.0,165.08,2.0,8.5,1.0,1,1.0,
530213,F,True,False,usa,houston,HOU,51,,,3.0,1.0,719.0,795.6600000000001,1.0,2.3333333333333335,0.6666666666666666,0,3.0,
530383,F,False,False,usa,oakland,OAK,33,1.0,,2.0,1.0,529.0,1185.62,1.0,2.5,0.6666666666666666,0,3.0,
530421,M,True,False,usa,detroit,DET,48,,,4.0,1.25,2485.0,1508.098,1.25,3.5,0.25,0,4.0,
530453,F,False,False,usa,montgomery,MXF,19,,,,,,,,,,0,,
530463,F,False,False,usa,seattle,SEA,41,1.0,,5.0,1.6666666666666667,3913.3,6873.1140000000005,1.8,2.0,0.16666666666666666,0,5.0,InterContinental 
530468,F,True,True,usa,tampa,MCF,40,,,4.0,1.5,2354.0,2901.5,1.5,1.75,0.25,0,4.0,
530563,M,True,True,usa,phoenix,LUF,49,,,4.0,1.75,2430.8,6943.526,1.75,3.0,1.0,0,4.0,Best Western
530579,F,True,False,usa,bakersfield,BFL,53,,,4.0,2.0,1407.8,8024.369999999999,2.0,1.75,0.25,0,4.0,
530581,M,True,True,usa,san diego,NZY,20,,1.0,,,1760.0,,1.0,10.0,,0,,
530599,F,False,False,usa,dallas,DAL,27,,1.0,,,1640.0,,1.0,8.0,,0,,
530625,F,False,True,usa,reno,RNO,45,,,2.0,1.0,1363.0,525.78,1.0,4.5,0.5,0,2.0,
530627,F,False,False,usa,shreveport,SHV,41,1.0,,2.0,1.0,1081.6,906.22,1.0,2.5,0.6666666666666666,0,3.0,Shangri-La
530645,F,False,False,usa,new york,JFK,39,,,6.0,1.3333333333333333,821.8,2861.3,1.3333333333333333,1.3333333333333333,0.3333333333333333,0,6.0,Marriott 
530649,F,True,False,canada,halifax,YAW,52,,1.0,3.0,1.6666666666666667,1799.4,3386.31,1.75,4.0,1.0,0,3.0,
530656,F,True,False,usa,san francisco,SFO,44,,,2.0,1.0,562.0,833.1400000000001,1.0,2.0,0.0,0,2.0,
530665,F,False,False,usa,jacksonville,LRF,40,,,3.0,1.0,1192.0,834.0999999999999,1.0,4.0,0.6666666666666666,0,3.0,
530724,F,False,False,canada,edmonton,YED,42,1.0,,6.0,1.0,1881.7,2936.65,1.0,2.6666666666666665,0.42857142857142855,0,5.0,Hyatt
530739,F,False,False,usa,houston,HOU,27,,,1.0,1.0,798.0,356.93,1.0,7.0,1.0,0,1.0,
530743,F,False,False,usa,birmingham,BHM,58,1.0,,2.0,1.3333333333333333,936.0,1048.044,1.5,1.5,1.0,0,3.0,
530754,F,False,True,usa,seattle,BFI,39,1.0,1.0,3.0,1.0,2937.0,2298.785,1.0,4.5,0.75,0,4.0,
530797,F,False,False,usa,indianapolis,IND,27,,,2.0,1.0,345.0,740.94,1.0,1.5,0.0,0,2.0,
530811,F,False,True,canada,toronto,YTZ,20,1.0,2.0,,2.0,1195.0,4528.32,1.0,4.5,1.0,0,1.0,
530906,F,True,False,usa,tacoma,TCM,53,,,1.0,1.0,551.0,611.65,1.0,2.0,1.0,0,1.0,
530949,F,True,False,usa,amarillo,AMA,41,,,2.0,2.0,7458.0,2249.3999999999996,2.0,7.0,0.5,0,2.0,
530950,F,False,False,canada,victoria,YYJ,41,1.0,1.0,2.0,1.0,3835.0,1555.43,1.0,5.666666666666667,0.6666666666666666,0,3.0,
531006,M,False,True,usa,new york,JFK,42,,,2.0,1.0,1450.0,812.744,1.0,5.5,0.0,0,2.0,
531009,M,True,False,usa,san jose,SJC,53,,1.0,4.0,1.25,3582.0,4255.23,1.2,5.6,0.5,0,4.0,
531016,M,False,False,usa,new york,JFK,42,,2.0,4.0,1.0,5378.0,1116.274,1.1666666666666667,4.5,0.5,0,4.0,
531020,M,False,False,usa,los angeles,LAX,49,,,5.0,1.2,2534.0,2168.1620000000003,1.2,1.2,0.6,0,5.0,Shangri-La
531094,F,False,False,usa,columbus,LCK,31,,,3.0,2.0,2445.6,1539.8375,2.0,2.6666666666666665,1.0,0,3.0,
531109,F,True,True,usa,san francisco,SFO,51,,,4.0,1.0,511.6,961.4565,1.0,1.25,1.0,0,4.0,
531143,F,True,False,usa,miami,MIA,50,,,4.0,1.5,2002.0,5061.774,1.5,2.75,0.5,0,4.0,Banyan Tree 
531198,F,False,False,usa,dallas,DAL,26,,1.0,1.0,1.0,2084.0,322.45,1.5,6.0,0.0,0,1.0,
531204,M,True,False,canada,calgary,YYC,44,,1.0,2.0,1.0,3032.0,577.174,1.0,5.0,0.5,0,2.0,
531217,F,True,True,canada,toronto,YKZ,54,1.0,,3.0,1.0,531.0,1366.4824999999998,1.0,1.0,0.0,0,4.0,Extended Stay 
531322,F,False,True,canada,hamilton,YHM,39,,1.0,3.0,1.0,1964.1,1047.463,1.25,2.0,0.3333333333333333,0,2.0,
531339,F,True,False,usa,madison,MSN,45,1.0,,,1.0,,392.93,,,1.0,1,1.0,
531344,F,False,False,usa,anchorage,MRI,50,,,2.0,1.0,1284.0,1750.51,1.0,6.0,0.5,0,2.0,
531361,F,False,True,usa,montgomery,MXF,34,1.0,,1.0,1.5,696.0,7032.79,1.0,4.0,0.5,0,2.0,
531373,F,False,True,usa,riverside,RIV,52,,1.0,2.0,1.0,1683.0,947.1700000000001,1.0,5.0,0.5,0,2.0,
531386,F,True,False,canada,calgary,YYC,54,,1.0,5.0,1.0,3976.0,2537.39,1.0,4.0,0.4,0,5.0,Aman Resorts
531427,F,True,False,usa,new york,JFK,56,,,3.0,1.0,1261.0,1498.4,1.0,2.0,0.3333333333333333,1,3.0,
531431,F,True,False,usa,san antonio,SAT,53,1.0,,5.0,2.0,5430.8,11968.36,2.2,3.0,0.5,0,2.0,Accor
531471,F,True,False,usa,new york,JFK,47,1.0,,3.0,1.5,1266.0,2704.62,1.6666666666666667,2.6666666666666665,1.25,0,4.0,
531499,F,True,False,usa,new york,LGA,40,,,3.0,1.3333333333333333,3772.0,1545.82,1.3333333333333333,4.0,0.6666666666666666,0,3.0,
531511,F,False,False,usa,tulsa,TUL,47,,,3.0,1.0,1608.0,697.14,1.0,3.0,0.6666666666666666,0,3.0,Marriott 
531512,F,False,False,usa,minneapolis,MSP,41,,,1.0,1.0,1152.0,275.27,1.0,4.0,0.0,0,1.0,
531557,F,True,False,canada,winnipeg,YAV,51,,,6.0,1.1666666666666667,5463.2,2741.0015000000003,1.1666666666666667,3.1666666666666665,0.8333333333333334,0,4.0,Marriott 
531562,F,False,True,usa,baton rouge,BTR,25,,2.0,,,1292.0,,1.5,2.5,,0,,
531620,F,True,False,usa,new york,LGA,72,,,,,,,,,,0,,
531625,F,True,False,canada,ottawa,YOW,36,,1.0,1.0,1.0,1034.1999999999998,294.9,1.0,4.0,0.0,0,1.0,
531650,F,False,False,canada,calgary,YYC,37,1.0,1.0,1.0,1.0,720.0,983.77,1.0,2.0,0.5,0,2.0,
531663,F,False,True,usa,birmingham,BHM,50,,,2.0,1.0,269.0,349.81050000000005,1.0,1.5,0.5,0,2.0,
531682,F,False,True,usa,las vegas,LSV,24,,,,,,,,,,0,,
531771,F,True,True,usa,austin,AUS,53,,,3.0,2.0,1640.55,4630.148499999999,2.0,1.0,0.3333333333333333,0,3.0,
531789,F,True,False,usa,san francisco,SFO,43,1.0,,2.0,1.0,1646.0,1678.15,1.0,4.0,0.6666666666666666,0,3.0,
531824,F,False,False,usa,denver,DEN,34,,,4.0,1.25,1048.0,2632.75,1.25,1.25,0.75,0,4.0,
531844,F,False,True,usa,columbus,LCK,29,,,1.0,1.0,2313.0,82.04,1.0,3.0,0.0,0,1.0,
531847,F,True,False,usa,miami,OPF,67,,,2.0,1.0,1436.0,603.05,1.0,3.5,1.0,0,2.0,
531868,F,True,True,canada,toronto,YTZ,61,,,3.0,1.3333333333333333,969.0,2618.8779999999997,1.3333333333333333,1.3333333333333333,0.3333333333333333,0,3.0,
531884,F,True,True,usa,chicago,UGN,53,,1.0,3.0,1.0,7061.0,980.524,1.0,8.5,0.3333333333333333,0,3.0,
531967,F,False,False,usa,st. louis,STL,25,,,,,,,,,,0,,
531987,F,False,False,usa,san antonio,SKF,37,1.0,,1.0,1.0,636.0,700.21,1.0,3.0,0.5,0,1.0,
531989,F,False,True,usa,san francisco,SFO,56,,1.0,2.0,2.0,1992.0,5265.704,1.6666666666666667,5.0,0.5,0,2.0,
532064,F,False,True,usa,san diego,SAN,27,,,,,,,,,,1,,
532073,F,False,False,usa,atlanta,ATL,42,2.0,,3.0,1.0,1889.0,993.152,1.0,3.0,0.6,0,4.0,
532106,F,True,True,usa,new york,LGA,46,,1.0,3.0,1.0,1952.0,1959.63,1.0,2.5,0.6666666666666666,0,3.0,
532159,F,False,False,usa,san antonio,RND,23,,1.0,1.0,1.0,1477.0,509.22,1.5,3.0,0.0,0,1.0,
532225,F,True,False,usa,new york,JFK,57,,,3.0,1.0,715.0,1088.96,1.0,1.3333333333333333,1.0,0,3.0,Extended Stay 
532233,M,True,False,usa,washington,DCA,45,2.0,1.0,1.0,2.6666666666666665,1911.0,12241.449999999999,2.5,3.0,0.6666666666666666,0,3.0,
532329,F,False,True,usa,newark,EWR,21,,1.0,1.0,1.0,6993.0,216.97,1.0,15.5,0.0,0,1.0,Extended Stay 
532347,F,False,False,usa,philadelphia,PNE,33,,,3.0,1.0,485.0,1212.71,1.0,1.3333333333333333,1.0,0,3.0,
532365,M,True,False,usa,omaha,OFF,52,,,1.0,3.0,1950.0,1387.02,3.0,5.0,1.0,0,1.0,
532381,F,False,False,usa,omaha,OMA,54,,,3.0,1.3333333333333333,583.0,1218.5325,1.3333333333333333,1.3333333333333333,1.0,1,2.0,Wyndham
532388,F,True,False,usa,wichita,IAB,58,,1.0,1.0,1.0,2149.6,171.01,1.0,4.5,0.0,0,1.0,
532426,F,False,False,usa,salt lake city,SLC,31,,,1.0,1.0,9015.0,1610.23,1.0,15.0,0.0,0,1.0,
532535,F,False,False,usa,los angeles,LAX,43,,1.0,2.0,1.0,4527.5,376.42,1.3333333333333333,5.666666666666667,0.5,0,2.0,
532544,F,False,False,usa,newark,EWR,27,,,,,,,,,,1,,
532568,F,False,False,canada,calgary,YYC,54,,2.0,1.0,1.0,1318.8,380.84,1.3333333333333333,3.0,0.0,0,1.0,Hilton
532607,F,False,False,usa,providence,PVD,33,1.0,,3.0,1.25,729.0,1220.018,1.0,2.0,1.0,0,4.0,
532623,F,False,True,usa,montgomery,MXF,52,,,2.0,1.0,310.0,475.77,1.0,1.0,0.5,0,2.0,
532627,M,False,True,usa,columbus,LCK,22,,,,,,,,,,0,,
532637,M,False,False,usa,madison,MSN,25,,2.0,,,2946.0,,1.0,7.0,,0,,
532650,F,False,False,usa,portland,PWM,41,1.0,1.0,3.0,1.0,3480.0,1018.4100000000001,1.0,4.25,0.5,0,3.0,
532721,F,False,False,usa,spokane,SKA,49,,1.0,2.0,1.5,818.0,639.6,1.3333333333333333,3.0,0.5,0,2.0,Marriott 
532742,F,False,False,usa,new york,JFK,44,,,3.0,1.0,836.0,1259.566,1.0,2.3333333333333335,0.3333333333333333,0,3.0,
532750,F,False,False,canada,london,YXU,33,1.0,,1.0,1.5,732.0,1973.7024999999999,1.0,2.0,0.5,0,2.0,
532774,F,True,False,usa,atlanta,ATL,60,,,,,,,,,,0,,
532810,F,True,False,usa,san antonio,SAT,53,,,3.0,1.3333333333333333,4136.0,2667.22,1.3333333333333333,4.0,0.6666666666666666,0,3.0,
532823,F,False,False,usa,tulsa,TUL,37,1.0,1.0,2.0,1.0,1234.0,1032.263,1.0,3.0,0.6666666666666666,0,3.0,
532863,M,False,False,usa,phoenix,LUF,57,,1.0,3.0,1.0,3621.95,898.5995,1.25,5.5,0.0,0,3.0,
532901,F,False,False,usa,oklahoma city,OKC,27,,,1.0,1.0,123.0,119.44,1.0,1.0,1.0,0,1.0,
532912,F,True,False,usa,new york,JFK,46,1.0,,3.0,1.5,2344.0,5565.595499999999,1.6666666666666667,5.0,1.0,0,4.0,
532941,F,False,False,canada,toronto,YZD,32,,1.0,2.0,1.0,2248.0,742.45,1.0,4.666666666666667,0.5,1,2.0,Hyatt
532989,F,True,True,usa,seattle,BFI,53,,1.0,4.0,1.0,2716.0,2274.8,1.0,2.8,0.5,0,4.0,
533093,F,False,False,usa,new york,JFK,23,,1.0,1.0,1.0,742.0,648.69,1.0,3.0,1.0,0,1.0,
533155,F,True,False,usa,los angeles,LAX,49,,,3.0,1.3333333333333333,2799.6,3202.646,1.3333333333333333,1.6666666666666667,1.0,0,3.0,
533199,F,False,False,usa,new york,LGA,29,,,3.0,1.0,972.0,933.65,1.0,1.3333333333333333,0.3333333333333333,0,3.0,
533248,F,True,True,usa,los angeles,LAX,46,,,3.0,1.3333333333333333,1284.0,4148.476,1.3333333333333333,2.3333333333333335,1.0,0,3.0,
533251,F,True,True,usa,detroit,DET,48,,,2.0,1.0,1624.0,645.03,1.0,2.0,0.5,0,2.0,
533388,F,True,True,usa,wichita,ICT,54,,,1.0,4.0,2442.0,4665.76,2.0,11.0,3.0,0,1.0,
533396,F,True,False,usa,austin,AUS,51,,,5.0,1.0,3819.2,1564.734,1.0,2.8,0.6,0,4.0,
533449,F,False,False,usa,new york,JFK,20,,,1.0,1.0,151.0,814.84,1.0,1.0,1.0,0,1.0,
533492,F,True,True,usa,chicago,MDW,47,1.0,,2.0,2.3333333333333335,732.0,51987.94,1.0,2.0,1.6666666666666667,0,3.0,
533537,F,False,False,canada,montreal,YMX,35,1.0,1.0,1.0,1.0,4369.200000000001,669.6185,1.0,9.5,0.0,0,2.0,
533573,F,False,False,canada,windsor,YQG,47,1.0,,1.0,1.0,93.0,302.009,1.0,1.0,1.0,0,2.0,
533575,F,False,True,usa,indianapolis,IND,38,,,4.0,1.0,1203.0,613.812,1.0,2.5,0.75,0,4.0,Hilton
533598,F,False,False,usa,milwaukee,MKE,45,,,3.0,1.0,2827.2,432.8885,1.0,6.333333333333333,0.0,0,3.0,
533613,F,True,True,usa,oklahoma city,TIK,49,,,3.0,1.0,1633.2,896.73,1.0,2.6666666666666665,0.3333333333333333,0,3.0,
533656,M,False,False,usa,boston,BOS,40,1.0,,1.0,2.0,1219.8,2104.125,2.0,6.0,1.0,0,2.0,
533716,F,False,False,usa,tampa,TPA,51,2.0,,1.0,1.0,463.59999999999997,1134.18,1.0,4.0,0.6666666666666666,0,3.0,
533742,M,True,True,usa,el paso,BIF,35,1.0,,2.0,1.0,170.0,1000.29,1.0,1.0,0.6666666666666666,0,3.0,
533755,F,False,False,canada,toronto,YTZ,23,,,,,,,,,,1,,
533773,F,False,False,canada,calgary,YYC,32,1.0,1.0,2.0,1.3333333333333333,4340.0,1594.54,1.3333333333333333,6.0,0.6666666666666666,0,2.0,
533782,F,True,False,usa,honolulu,HNL,55,,1.0,2.0,1.0,2024.0,1848.2399999999998,1.0,4.333333333333333,1.0,0,2.0,
533809,F,True,True,usa,milwaukee,MKE,40,,,2.0,1.5,505.0,1405.15,1.5,2.0,0.5,0,2.0,
533895,F,False,False,usa,houston,IAH,34,1.0,,1.0,1.0,238.0,518.94,1.0,1.0,0.0,0,2.0,
533975,F,False,True,usa,sacramento,SAC,39,,3.0,,,4128.7,,1.0,5.0,,0,,
533990,F,False,True,canada,windsor,YQG,52,1.0,1.0,3.0,1.25,4048.0,2310.295,1.25,4.75,0.25,0,4.0,
534040,F,True,True,usa,chicago,ORD,57,,1.0,1.0,1.0,4864.0,249.08,2.0,11.0,0.0,0,1.0,
534066,F,True,True,usa,new york,JFK,45,1.0,,4.0,1.0,625.8,1487.774,1.0,2.0,0.4,0,5.0,Starwood 
534088,M,False,True,usa,kansas city,MCI,29,1.0,1.0,1.0,1.0,1659.0,452.71049999999997,1.0,3.5,0.5,0,2.0,
534105,F,False,False,usa,tucson,TUS,53,1.0,,5.0,1.1666666666666667,3158.6,3307.017,1.2,5.6,0.3333333333333333,0,6.0,Four Seasons
534246,F,True,False,usa,houston,HOU,40,,1.0,1.0,1.0,1489.0,49.97,1.0,6.0,0.0,0,1.0,
534295,F,False,False,usa,new york,JFK,50,,,3.0,2.0,3382.0,13654.535,2.0,5.0,0.6666666666666666,0,3.0,Aman Resorts
534333,F,False,True,usa,houston,IAH,52,,,2.0,1.5,1400.0,1637.22,1.5,2.5,0.0,0,2.0,
534378,F,True,True,usa,los angeles,LAX,62,,,1.0,1.0,83.0,730.57,1.0,1.0,1.0,0,1.0,
534380,M,False,True,canada,saskatoon,YXE,39,,,3.0,1.3333333333333333,1733.0,5617.263000000001,1.0,6.0,0.3333333333333333,0,3.0,
534391,F,True,False,canada,victoria,YYJ,51,,,3.0,1.0,2179.0,964.1055,1.0,3.6666666666666665,0.6666666666666666,0,3.0,
534499,F,True,True,usa,madison,MSN,34,,1.0,,,136.0,,1.0,2.0,,0,,
534564,F,True,False,usa,miami,MIA,52,,,1.0,1.0,176.0,326.33,1.0,1.0,0.0,0,1.0,
534594,F,True,False,canada,windsor,YQG,46,,1.0,1.0,1.0,28114.0,147.43,2.0,15.5,0.0,0,1.0,
534697,F,True,False,usa,omaha,OMA,51,,1.0,1.0,1.0,1147.0,284.12,1.5,4.5,0.0,0,1.0,
534742,F,False,False,usa,dallas,DAL,72,,1.0,1.0,1.0,616.0,354.66,1.0,2.5,0.0,0,1.0,
534798,F,False,False,usa,lubbock,LBB,30,,,3.0,1.0,353.9,766.914,1.0,1.3333333333333333,0.0,0,3.0,
534842,F,True,False,usa,tulsa,TUL,48,,,2.0,1.0,321.0,226.942,1.0,1.0,0.0,0,2.0,
534858,F,True,True,usa,new york,LGA,56,,,3.0,1.0,2482.0,912.24,1.0,2.0,1.0,1,3.0,
534895,M,False,True,canada,winnipeg,YWG,35,,,2.0,1.0,906.0,708.1085,1.0,3.0,0.5,0,2.0,
534903,F,False,True,usa,nashville,BNA,53,,,3.0,2.3333333333333335,3298.0,5153.93,2.3333333333333335,2.0,0.6666666666666666,0,3.0,Crowne Plaza
534939,F,False,False,usa,washington,IAD,46,,1.0,2.0,1.0,4581.0,1334.48,1.0,5.666666666666667,0.0,0,2.0,
534948,F,True,False,usa,colorado springs,COS,42,,3.0,1.0,2.0,2658.6,1823.72,1.5,5.75,1.0,0,1.0,
534971,F,False,False,canada,toronto,YTZ,35,,,2.0,1.0,374.55,281.82,1.0,1.5,0.5,0,2.0,
534986,M,False,False,usa,oakland,OAK,62,,,4.0,1.25,2263.1,4098.15,1.25,5.0,0.75,0,4.0,
535047,F,False,True,usa,rochester,ROC,48,,,4.0,1.25,2625.6000000000004,2361.16,1.25,3.5,0.5,0,3.0,
535060,F,False,False,usa,los angeles,LAX,36,,,4.0,1.0,1035.0,1198.9270000000001,1.0,1.0,0.5,0,4.0,Starwood 
535081,F,True,False,usa,knoxville,TYS,41,,2.0,2.0,1.0,4516.8,408.26,1.5,4.5,1.0,0,2.0,
535136,M,False,False,usa,new york,JFK,28,,,3.0,1.0,1220.0,935.191,1.0,2.6666666666666665,0.3333333333333333,0,3.0,
535149,F,False,True,usa,baton rouge,BTR,57,,,1.0,1.0,207.4,272.85,1.0,2.0,2.0,0,1.0,
535155,F,True,False,usa,nashville,BNA,55,,,1.0,1.0,144.0,595.66,1.0,1.0,1.0,0,1.0,
535177,F,False,False,canada,toronto,YYZ,41,,,2.0,1.5,3705.2000000000003,1710.4989999999998,1.5,4.5,1.0,0,2.0,
535189,M,True,True,usa,memphis,MEM,50,,,2.0,1.5,1016.0,959.74,1.5,1.5,0.5,0,2.0,
535365,F,False,True,usa,los angeles,LAX,32,,,2.0,1.0,594.0,247.96,1.0,3.0,0.5,0,2.0,
535447,F,True,False,canada,ottawa,YOW,54,,,5.0,1.4,5550.0,1933.355,1.4,2.2,1.2,0,5.0,Hilton
535495,F,True,True,usa,corpus christi,CRP,45,,1.0,2.0,1.0,2352.0,949.46,1.0,2.6666666666666665,1.0,0,2.0,
535497,F,False,True,usa,chicago,MDW,36,,,,,,,,,,0,,
535600,F,False,False,usa,los angeles,LAX,39,1.0,1.0,1.0,1.0,3236.0,379.78999999999996,2.0,6.0,0.0,0,2.0,
535637,F,False,False,canada,calgary,YYC,34,,2.0,1.0,1.0,939.0,539.85,1.0,3.6666666666666665,0.0,0,1.0,
535644,F,True,False,usa,nashville,BNA,50,,,4.0,1.0,1735.2,1083.65,1.0,2.5,0.25,0,3.0,
535682,F,False,False,usa,los angeles,LAX,20,,,,,,,,,,0,,
535686,F,True,False,canada,windsor,YQG,59,,,3.0,1.6666666666666667,1824.0,1551.782,1.6666666666666667,1.6666666666666667,0.6666666666666666,1,2.0,
535701,F,False,False,usa,san jose,SJC,41,,,1.0,2.0,1082.0,3258.48,2.0,1.0,0.0,0,1.0,
535702,F,True,True,usa,new york,LGA,44,,,5.0,1.0,9929.0,1963.57,1.0,3.8,0.6,0,4.0,
535734,F,False,False,usa,stockton,SCK,43,,,2.0,1.0,394.0,875.2,1.0,1.5,0.0,0,2.0,
535747,F,False,False,usa,new york,JFK,28,,1.0,1.0,1.0,3310.1,98.16,1.5,8.5,0.0,0,1.0,
535878,F,False,False,usa,phoenix,LUF,54,,1.0,3.0,1.3333333333333333,7311.0,3229.099,1.25,7.25,1.0,0,3.0,Choice Hotels
535879,F,True,True,usa,new york,LGA,41,,1.0,4.0,1.0,6884.7,1671.25,1.0,3.6,0.5,0,4.0,
535905,F,False,False,usa,new york,JFK,35,,,1.0,1.0,1065.0,615.87,1.0,3.0,1.0,1,1.0,
535906,F,False,False,usa,new york,JFK,37,,2.0,3.0,1.0,4873.0,866.807,1.0,5.0,0.3333333333333333,0,3.0,
535994,F,False,True,usa,chicago,MDW,28,,1.0,,,1619.75,,1.0,11.0,,0,,
536039,F,False,True,usa,norfolk,NGU,38,2.0,2.0,1.0,1.6666666666666667,10686.0,6151.874500000001,2.3333333333333335,6.333333333333333,0.3333333333333333,1,2.0,
536050,F,False,False,canada,toronto,YYZ,32,,,3.0,1.0,1142.3,952.98,1.0,1.6666666666666667,1.3333333333333333,0,2.0,
536058,F,True,False,usa,philadelphia,PNE,46,,1.0,1.0,1.0,6372.6,410.74,1.0,5.5,1.0,0,1.0,
536099,F,False,True,usa,columbus,CMH,36,,2.0,2.0,1.5,3264.0,644.1800000000001,1.25,5.25,0.0,0,2.0,
536170,F,True,False,canada,calgary,YYC,69,,,,,,,,,,0,,
536241,F,True,True,usa,philadelphia,PHL,52,1.0,,1.0,2.0,1056.0,5665.2119999999995,3.0,4.0,0.5,0,2.0,
536275,F,True,True,usa,jacksonville,LRF,48,,,1.0,1.0,326.0,70.857,1.0,2.0,0.0,0,1.0,
536278,F,True,False,usa,tucson,DMA,41,,1.0,2.0,2.5,3960.0,6171.02,2.0,8.0,0.5,0,2.0,
536343,M,False,False,usa,lubbock,LBB,41,1.0,,1.0,2.5,1644.0,5541.88,4.0,3.0,0.5,0,2.0,
536431,F,True,False,usa,baltimore,BWI,46,,1.0,4.0,1.0,6896.0,466.4075,1.2,5.8,0.75,0,4.0,Best Western
536490,F,False,False,usa,boston,BOS,34,,,3.0,1.0,2139.0,929.2099999999999,1.0,2.0,0.6666666666666666,0,3.0,Marriott 
536532,F,True,True,usa,kansas city,MCI,50,,1.0,2.0,1.0,1749.0,683.74,1.0,6.0,1.0,0,2.0,
536566,F,False,False,usa,phoenix,PHX,54,,,2.0,1.0,451.0,863.4000000000001,1.0,2.5,0.5,0,2.0,
536641,F,False,False,usa,washington,DCA,51,,,5.0,1.0,1340.0,1784.156,1.0,1.4,0.4,0,4.0,
536652,F,False,False,usa,oakland,OAK,28,,1.0,3.0,1.0,2131.0,440.08000000000004,1.0,4.5,0.0,0,3.0,Four Seasons
536658,F,True,False,usa,new york,LGA,56,1.0,,1.0,1.0,708.0,767.1220000000001,1.0,2.0,0.5,0,2.0,
536659,F,False,False,usa,indianapolis,IND,49,,,6.0,1.5,5493.4,1829.61,1.5,4.833333333333333,0.6666666666666666,0,5.0,Conrad 
536675,F,False,False,usa,minneapolis,MSP,30,1.0,,2.0,1.0,555.0,791.2225000000001,1.0,1.5,0.6666666666666666,0,3.0,
536691,M,False,False,usa,new york,LGA,42,3.0,,2.0,1.4,2040.0,6539.7575,1.0,5.0,0.6,0,4.0,
536695,F,True,False,canada,toronto,YZD,42,1.0,,5.0,1.0,2667.0,1930.6,1.0,2.4,0.5,0,6.0,Marriott 
536791,F,False,False,usa,honolulu,HNL,41,,,3.0,1.0,864.0,2413.2455,1.0,1.6666666666666667,0.3333333333333333,0,3.0,
536810,F,False,False,usa,jacksonville,NCA,43,,,4.0,1.25,2954.0,1572.76,1.25,4.0,0.75,0,4.0,
536876,F,False,False,usa,minneapolis,MSP,32,,,1.0,1.0,224.0,190.69,1.0,1.0,1.0,0,1.0,
536893,F,True,False,usa,dallas,DAL,68,,1.0,1.0,1.0,1440.0,69.52,1.0,4.0,0.0,0,1.0,
537066,F,False,False,usa,chicago,UGN,40,2.0,1.0,3.0,1.0,1467.6,1665.2,1.0,3.25,0.2,0,5.0,
537098,M,True,False,usa,denver,DEN,47,,,1.0,2.0,254.0,1542.928,2.0,1.0,1.0,0,1.0,
537177,M,True,True,canada,edmonton,YED,59,1.0,,,1.0,,534.0709999999999,,,0.0,1,1.0,
537181,F,False,True,usa,los angeles,LAX,46,,1.0,4.0,1.25,3704.95,4180.85,1.2,3.4,0.75,0,4.0,
537317,F,False,True,canada,winnipeg,YAV,34,,1.0,3.0,1.6666666666666667,2474.0,3324.97,1.5,5.75,0.3333333333333333,0,3.0,
537373,F,False,True,usa,new york,LGA,39,,,5.0,1.0,2665.1,2168.75,1.0,2.8,0.4,0,5.0,
537393,F,False,False,usa,kansas city,MCI,47,1.0,,3.0,1.5,1564.5,3318.4800000000005,1.6666666666666667,2.6666666666666665,0.5,0,4.0,
537400,M,False,True,usa,san antonio,SAT,23,,2.0,,,5120.0,,1.5,8.0,,0,,
537470,F,True,True,usa,omaha,OFF,26,,2.0,,,599.9,,1.0,4.0,,0,,
537481,F,True,False,usa,atlanta,ATL,72,,1.0,,,406.59999999999997,,1.0,4.0,,0,,
537507,F,False,False,usa,riverside,RIV,42,,2.0,1.0,1.0,4992.0,952.48,1.3333333333333333,11.333333333333334,0.0,0,1.0,
537560,F,True,False,usa,nashville,BNA,47,1.0,1.0,4.0,1.0,1463.6,913.8275000000001,1.0,2.2,0.8,0,4.0,
537595,F,False,False,usa,portland,PDX,51,1.0,,3.0,1.25,777.1,3464.44,1.3333333333333333,1.3333333333333333,0.25,0,3.0,Marriott 
537671,F,True,False,usa,new york,JFK,47,,,3.0,1.0,1206.2,1278.16,1.0,2.6666666666666665,1.3333333333333333,0,3.0,
537723,M,False,False,usa,new york,LGA,19,,,1.0,1.0,200.0,216.24,1.0,1.0,0.0,0,1.0,
537725,F,True,False,usa,columbus,CMH,34,,,2.0,1.0,390.5,336.499,1.0,1.0,0.5,0,2.0,
537748,F,False,False,usa,oakland,OAK,38,1.0,1.0,4.0,1.2,5663.0,4765.62,1.0,6.0,0.6,0,5.0,
537770,F,True,False,usa,philadelphia,PHL,43,,1.0,3.0,1.0,1621.6,842.25,1.25,3.0,1.0,0,3.0,Banyan Tree 
537795,M,False,False,canada,montreal,YUL,25,,,1.0,2.0,190.0,837.8,2.0,1.0,1.0,0,1.0,
537804,F,False,True,usa,boston,BOS,22,,,1.0,1.0,248.0,56.9,1.0,2.0,0.0,0,1.0,
537818,F,False,True,usa,minneapolis,MSP,33,,2.0,1.0,2.0,4698.0,441.9,2.0,3.6666666666666665,1.0,0,1.0,Shangri-La
537819,F,False,False,usa,chicago,ORD,40,,1.0,3.0,1.0,3174.6,1032.17,1.25,2.75,1.0,0,3.0,
537861,F,False,True,usa,spokane,SKA,42,,1.0,2.0,1.0,1490.0,1091.49,1.0,5.666666666666667,0.0,0,1.0,
537975,M,False,False,usa,santa ana,SNA,28,,1.0,,,360.0,,1.0,6.0,,0,,
538069,F,False,True,usa,nashville,BNA,52,,,2.0,2.0,2842.0,3729.4399999999996,2.0,3.5,0.0,2,2.0,
538074,F,False,False,canada,calgary,YYC,51,,,5.0,1.0,5890.6,2484.681,1.0,3.4,0.2,0,3.0,Hilton
538108,F,False,True,canada,toronto,YTZ,32,2.0,,,1.5,,382.853,,,1.0,0,2.0,
538134,M,True,False,usa,san antonio,SAT,56,1.0,,2.0,1.6666666666666667,3172.0,3295.9799999999996,2.0,4.5,1.0,0,3.0,
538139,F,False,False,canada,london,YXU,19,,,1.0,1.0,482.40000000000003,577.54,1.0,2.0,1.0,0,1.0,
538167,F,False,True,canada,toronto,YKZ,54,,,3.0,1.3333333333333333,1354.0,2007.37,1.3333333333333333,2.6666666666666665,0.6666666666666666,0,3.0,
538188,F,True,True,canada,hamilton,YHM,47,,1.0,3.0,1.3333333333333333,3397.0,1551.0905,1.25,3.0,0.0,0,3.0,
538197,F,False,False,canada,calgary,YYC,47,,,4.0,1.0,888.8,1889.261,1.0,2.25,0.25,0,4.0,
538214,F,False,True,usa,oakland,OAK,52,,1.0,2.0,1.0,1136.0,51.839999999999996,1.0,3.3333333333333335,0.0,0,2.0,Fairmont
538216,F,False,False,canada,calgary,YYC,66,,,3.0,1.3333333333333333,850.0,2725.92,1.3333333333333333,1.6666666666666667,0.6666666666666666,0,3.0,
538306,F,True,True,usa,tucson,DMA,57,,,2.0,1.0,635.0,858.3,1.0,1.5,0.0,0,2.0,
538321,F,False,True,usa,san antonio,SKF,30,1.0,1.0,,1.0,2835.0,368.594,1.0,9.0,0.0,0,1.0,
538331,F,False,True,usa,portland,PDX,42,1.0,1.0,3.0,1.25,6509.0,1981.1399999999999,1.25,5.5,0.75,0,4.0,
538388,M,True,False,usa,san diego,NZY,46,,,5.0,1.0,1364.15,2371.96,1.0,2.4,1.0,0,5.0,NH Hotel 
538413,F,True,True,usa,new york,JFK,61,,,,,,,,,,1,,
538426,F,True,True,usa,washington,IAD,54,,,1.0,1.0,39.0,104.13,1.0,1.0,0.0,0,1.0,
538454,F,True,False,usa,baltimore,BWI,58,1.0,1.0,1.0,1.0,1184.0,198.2,2.0,4.5,0.0,0,2.0,Radisson 
538457,F,False,False,usa,philadelphia,PHL,31,,,3.0,1.0,1196.1,864.99,1.0,3.3333333333333335,1.0,0,3.0,
538489,F,False,True,usa,omaha,OFF,37,,1.0,2.0,1.5,2348.4,1514.3200000000002,1.3333333333333333,4.0,1.5,0,2.0,
538522,F,False,False,canada,montreal,YMX,35,,,4.0,1.25,2633.0,995.944,1.25,3.25,0.5,0,4.0,
538638,F,True,False,canada,toronto,YKZ,41,,,2.0,2.0,1259.0,3561.59,2.0,2.0,0.5,0,2.0,
538641,M,True,False,canada,toronto,YYZ,39,,,1.0,1.0,618.0,459.44,1.0,2.0,0.0,2,1.0,
538677,F,True,False,usa,knoxville,TYS,60,,,1.0,1.0,96.0,171.12,1.0,1.0,0.0,0,1.0,
538681,F,False,False,usa,new york,LGA,20,,,1.0,4.0,608.0,1005.8,4.0,1.0,2.0,0,1.0,
538691,F,True,False,canada,montreal,YMX,53,,1.0,3.0,1.0,2540.0,684.1800000000001,1.25,4.0,0.6666666666666666,0,3.0,
538696,F,False,True,usa,shreveport,BAD,27,,2.0,,,282.0,,1.0,2.0,,0,,
538703,M,True,True,usa,el paso,BIF,55,1.0,,2.0,2.3333333333333335,846.0,8543.637,2.0,1.0,0.6666666666666666,0,3.0,
538714,F,True,False,usa,norfolk,ORF,41,,,3.0,2.0,1700.0,6544.234,2.0,2.6666666666666665,0.3333333333333333,0,3.0,
538780,F,True,True,usa,los angeles,LAX,49,,,3.0,1.0,2236.0,1608.62,1.0,5.0,0.3333333333333333,0,3.0,
538814,F,True,True,usa,st. petersburg,SPG,48,1.0,1.0,,1.0,55.800000000000004,284.931,1.0,2.0,0.0,0,1.0,
538883,F,True,False,usa,new york,JFK,40,,,2.0,1.0,816.0,533.9399999999999,1.0,4.0,0.5,0,2.0,
538915,F,True,False,usa,indianapolis,IND,42,1.0,,3.0,1.0,775.0,1468.22,1.0,1.0,0.0,0,3.0,
538919,F,True,True,usa,riverside,RIV,26,,,,,,,,,,1,,
539008,M,False,False,usa,philadelphia,PHL,42,,,3.0,1.0,1252.0,871.75,1.0,2.0,0.0,0,3.0,
539010,F,True,True,usa,san francisco,SFO,43,,1.0,2.0,1.0,4044.0,1167.0,1.0,4.666666666666667,0.5,0,2.0,
539012,F,True,True,usa,new york,LGA,47,,,3.0,1.6666666666666667,2903.9,5016.629999999999,1.6666666666666667,2.3333333333333335,1.3333333333333333,0,3.0,
539093,F,True,False,usa,miami,TNT,55,,,3.0,1.0,1319.65,1301.93,1.0,3.6666666666666665,0.3333333333333333,0,3.0,
539105,M,True,True,usa,los angeles,LAX,47,,,1.0,1.0,64.0,293.1055,1.0,1.0,1.0,0,1.0,
539140,F,True,False,usa,riverside,RIV,38,,,3.0,1.0,818.0,1915.179,1.0,1.3333333333333333,0.3333333333333333,0,2.0,
539146,F,False,True,usa,tacoma,TCM,38,,,1.0,1.0,404.0,192.71,1.0,1.0,0.0,0,1.0,
539243,F,False,False,usa,dallas,DAL,22,,,3.0,1.0,2915.0,604.13,1.0,7.666666666666667,0.3333333333333333,0,3.0,
539300,F,False,False,usa,new york,JFK,42,2.0,,1.0,1.0,161.0,1231.05,1.0,1.0,1.0,0,3.0,
539315,F,True,True,canada,vancouver,YVR,56,,,3.0,1.3333333333333333,1530.0,2179.2200000000003,1.3333333333333333,2.3333333333333335,0.6666666666666666,0,3.0,
539317,F,False,True,usa,wichita,ICT,41,,1.0,4.0,1.25,3707.7,1625.78,1.2,3.4,0.25,0,4.0,
539384,F,False,False,usa,new york,JFK,34,,,2.0,1.0,470.0,525.87,1.0,1.5,0.0,0,2.0,
539414,F,True,True,usa,fort worth,FTW,38,,1.0,2.0,1.0,3428.5,450.8225,1.0,4.666666666666667,0.0,0,2.0,
539493,F,False,False,usa,richmond,RIC,19,,,,,,,,,,0,,
539510,F,False,True,usa,tulsa,TUL,46,,1.0,3.0,1.0,2473.4,905.1,1.0,5.5,0.6666666666666666,0,3.0,
539519,F,True,False,usa,corpus christi,CRP,43,,1.0,2.0,1.0,1389.0,916.32,1.0,3.3333333333333335,0.5,0,2.0,
539528,F,True,True,usa,boston,BOS,38,1.0,,2.0,2.0,1532.0,4962.6720000000005,2.0,1.5,0.6666666666666666,1,3.0,
539558,M,False,True,usa,new york,LGA,41,,,4.0,1.5,2361.0,1564.66,1.5,3.5,0.25,0,4.0,
539566,F,True,False,canada,quebec,YQB,68,,,2.0,1.5,800.0,11680.4555,1.0,4.0,0.5,0,2.0,
539611,F,True,False,usa,new york,JFK,40,,,3.0,1.0,835.0,990.33,1.0,3.0,0.6666666666666666,0,3.0,
539637,M,True,False,usa,indianapolis,IND,61,,2.0,2.0,1.0,4902.75,402.59000000000003,1.5,5.5,0.5,0,2.0,Extended Stay 
539656,F,True,False,usa,new orleans,NBG,68,,1.0,,,680.0,,1.0,4.0,,0,,
539669,F,False,False,canada,montreal,YMX,20,,1.0,1.0,1.0,914.4,566.8364999999999,2.0,1.5,0.0,0,1.0,
539671,F,True,False,canada,calgary,YYC,47,,,1.0,1.0,312.0,549.43,1.0,3.0,1.0,0,1.0,
539899,M,False,False,usa,new york,LGA,23,1.0,,,2.0,,206.86,,,1.0,0,1.0,
539917,F,False,False,usa,new york,JFK,47,1.0,,3.0,1.25,1091.0,3389.16,1.0,2.0,0.5,0,4.0,
539936,F,False,False,usa,seattle,BFI,55,,,2.0,1.5,901.0,3392.77,1.5,2.5,0.5,0,2.0,
539962,M,False,False,canada,windsor,YQG,19,,,,,,,,,,1,,
540014,F,False,True,usa,honolulu,HNL,45,,,3.0,1.0,555.0,2876.5800000000004,1.0,1.0,0.0,0,3.0,
540094,F,True,True,usa,chicago,MDW,47,1.0,,2.0,1.0,274.0,1032.78,1.0,1.0,1.0,0,3.0,
540150,F,False,True,usa,phoenix,PHX,37,,,2.0,1.0,924.0,688.31,1.0,3.0,0.5,0,1.0,
540226,F,True,False,usa,washington,IAD,79,,,,,,,,,,0,,
540252,F,False,False,usa,baltimore,BWI,40,,1.0,1.0,1.0,2400.0,221.33,1.5,6.0,1.0,0,1.0,
540253,F,True,False,usa,san francisco,SFO,50,,,1.0,1.0,568.0,412.3,1.0,4.0,1.0,0,1.0,
540260,F,True,False,usa,milwaukee,MKE,45,,,3.0,1.6666666666666667,1576.0,2150.34,1.6666666666666667,1.3333333333333333,1.0,0,3.0,
540308,M,False,False,usa,nashville,BNA,57,,,1.0,1.0,89.0,130.38,1.0,1.0,1.0,0,1.0,
540415,F,False,False,usa,new york,LGA,55,,,2.0,1.0,785.0,1096.29,1.0,3.0,0.5,0,2.0,
540444,F,True,False,usa,burlington,BTV,50,1.0,1.0,2.0,1.6666666666666667,2727.8,1862.94,1.3333333333333333,2.6666666666666665,0.6666666666666666,0,3.0,
540475,F,False,False,usa,new york,LGA,38,,1.0,1.0,1.0,3880.4,27.99,1.5,7.5,1.0,0,1.0,
540572,F,True,True,usa,phoenix,LUF,52,,1.0,5.0,2.0,11597.0,10486.776000000002,1.5,4.333333333333333,1.2,0,5.0,
540597,F,True,False,usa,cincinnati,LUK,54,1.0,,1.0,1.0,416.0,179.70999999999998,1.0,2.0,0.0,0,2.0,
540642,F,True,False,usa,new york,LGA,74,,1.0,,,756.0,,1.0,27.0,,0,,
540666,M,False,True,usa,san francisco,SFO,31,,,2.0,1.0,857.0,771.77,1.0,2.0,0.0,0,2.0,
540698,F,True,False,usa,los angeles,LAX,53,,,3.0,1.0,947.05,1092.85,1.0,2.3333333333333335,0.0,0,3.0,
540708,F,True,False,usa,boston,BOS,37,,1.0,3.0,1.0,3111.0,1031.5900000000001,1.0,5.25,0.3333333333333333,0,3.0,Banyan Tree 
540733,F,False,False,canada,montreal,YMX,37,1.0,1.0,2.0,1.3333333333333333,2489.5,1234.13,1.3333333333333333,3.0,0.3333333333333333,0,2.0,
540819,M,False,False,usa,cincinnati,LUK,45,,,3.0,1.0,727.5,1167.1000000000001,1.0,2.0,0.6666666666666666,1,3.0,
540941,F,False,True,usa,los angeles,LAX,23,1.0,1.0,,1.0,239.0,2569.93,1.0,1.0,0.0,0,1.0,
540966,F,True,False,canada,montreal,YUL,59,,,,,,,,,,0,,
540973,F,False,False,usa,portland,PDX,34,,,3.0,1.0,699.0,1534.52,1.0,1.0,1.0,0,3.0,
540974,M,False,False,usa,baton rouge,BTR,35,,1.0,1.0,1.0,609.0,227.72,1.0,3.0,1.0,0,1.0,
541047,F,True,False,usa,madison,MSN,74,,1.0,,,3744.0,,2.0,6.0,,1,,
541083,F,True,False,usa,san jose,SJC,71,,,1.0,2.0,205.7,2790.54,2.0,1.0,0.0,0,1.0,
541112,F,False,False,usa,detroit,DTW,46,,1.0,3.0,1.3333333333333333,2108.0,948.842,1.25,3.25,1.3333333333333333,0,3.0,Crowne Plaza
541132,M,True,True,usa,los angeles,LAX,34,,,,,,,,,,0,,
541193,F,True,True,canada,london,YXU,27,,,,,,,,,,0,,
541224,F,False,True,canada,montreal,YMX,52,,,2.0,1.0,498.0,1363.37,1.0,2.0,0.5,0,2.0,
541236,M,False,True,usa,burlington,BTV,49,,,,,,,,,,0,,
541249,F,True,False,usa,charlotte,CLT,58,,1.0,2.0,1.5,5548.0,621.662,1.3333333333333333,4.0,0.0,0,2.0,
541282,F,True,False,usa,honolulu,HNL,48,,1.0,,,1232.0,,1.0,16.0,,1,,
541352,F,True,True,usa,portland,PWM,46,,,2.0,1.0,2622.0,178.8,1.0,4.0,0.5,0,2.0,
541357,F,False,False,usa,buffalo,BUF,44,1.0,,3.0,1.0,1054.4,1709.2269999999999,1.0,2.0,0.75,0,4.0,
541438,F,True,False,usa,new york,LGA,38,,,2.0,1.0,520.0,162.07,1.0,2.0,0.5,0,2.0,
541497,F,False,False,usa,los angeles,LAX,28,,,,,,,,,,0,,
541516,M,False,False,usa,bakersfield,BFL,55,,1.0,2.0,1.0,1760.0,698.478,1.0,3.0,1.0,0,2.0,Wyndham
541539,F,False,False,usa,washington,IAD,19,,,,,,,,,,1,,
541612,F,False,True,usa,san jose,SJC,40,2.0,,3.0,1.0,746.0,3028.53,1.0,2.0,0.4,0,5.0,
541700,M,True,False,usa,san diego,SAN,47,1.0,,1.0,1.0,1416.0,696.0125,1.0,6.0,1.0,0,2.0,
541735,F,True,False,usa,charlotte,CLT,45,,1.0,,,2624.0,,1.0,4.0,,0,,
541812,F,True,True,canada,toronto,YZD,49,1.0,1.0,4.0,1.2,4444.0,1580.33,1.6,3.0,0.2,0,5.0,
541901,F,False,False,canada,toronto,YZD,45,1.0,1.0,4.0,1.0,7158.1,881.41,1.4,5.6,0.8,0,5.0,Banyan Tree 
541906,F,True,False,usa,san jose,SJC,53,1.0,1.0,1.0,1.0,1069.0,820.14,1.0,6.5,1.5,1,2.0,
541931,F,False,False,usa,omaha,OFF,41,,2.0,2.0,1.5,3814.0,1669.8600000000001,1.25,6.75,0.5,0,2.0,Starwood 
541939,F,True,True,usa,charlotte,CLT,55,1.0,1.0,2.0,1.0,2628.0,908.62,1.3333333333333333,4.333333333333333,0.0,0,3.0,Radisson 
541967,F,True,False,usa,new york,JFK,44,1.0,,3.0,1.75,1959.0,4439.79,2.0,2.0,1.0,0,4.0,
541972,F,True,True,usa,chicago,ORD,56,,,2.0,1.0,4514.0,489.3,1.0,5.5,1.0,0,2.0,
542015,F,True,False,usa,new york,LGA,44,,2.0,4.0,1.0,5097.6,1890.4,1.1666666666666667,5.166666666666667,1.0,0,3.0,
542027,F,False,True,usa,lubbock,LBB,40,,1.0,3.0,1.0,2528.0,648.366,1.25,3.0,0.3333333333333333,0,3.0,
542036,F,True,True,usa,long beach,LGB,43,,,2.0,1.0,402.0,1192.06,1.0,1.5,0.5,0,2.0,
542056,F,False,True,usa,long beach,LGB,30,,1.0,,,2365.0,,1.0,11.0,,1,,
542095,F,True,True,usa,minneapolis,MSP,53,,,,,,,,,,1,,
542153,F,False,False,usa,san jose,SJC,50,,,2.0,1.0,1123.0,1034.89,1.0,2.5,0.5,0,2.0,
542189,F,False,False,canada,winnipeg,YAV,26,,,1.0,1.0,268.2,355.53,1.0,2.0,0.0,0,1.0,
542230,F,True,False,usa,philadelphia,PNE,50,,,1.0,3.0,3000.0,3935.94,3.0,4.0,0.0,0,1.0,
542267,F,True,False,usa,seattle,BFI,26,,,,,,,,,,0,,
542277,F,False,False,canada,london,YXU,37,,,2.0,1.0,1478.0,982.9399999999999,1.0,3.0,1.0,0,2.0,
542303,F,True,True,usa,cleveland,CLE,44,,,1.0,2.0,828.0,828.62,2.0,3.0,0.0,0,1.0,
542366,F,True,False,usa,atlanta,ATL,50,,,3.0,1.0,699.4,453.13,1.0,1.6666666666666667,0.6666666666666666,0,3.0,
542383,M,False,False,usa,dallas,DAL,45,,,3.0,1.0,658.0,1033.67,1.0,1.6666666666666667,0.6666666666666666,0,3.0,
542418,M,False,False,usa,new york,LGA,51,,,3.0,2.0,989.2,1390.88,2.0,1.3333333333333333,0.3333333333333333,1,1.0,
542570,F,True,False,usa,austin,AUS,59,,,1.0,1.0,252.0,327.66,1.0,2.0,1.0,0,1.0,
542585,F,True,True,usa,cleveland,CLE,53,1.0,1.0,1.0,1.5,1674.3999999999999,805.1300000000001,1.0,5.0,0.5,0,2.0,
542605,F,True,True,usa,wichita,ICT,41,,,1.0,1.0,588.0,367.25,1.0,2.0,0.0,0,1.0,
542658,F,False,False,usa,phoenix,PHX,28,2.0,,1.0,1.3333333333333333,274.0,3199.0285,2.0,1.0,0.6666666666666666,0,3.0,
542670,F,False,False,usa,new york,LGA,58,,1.0,2.0,2.0,21672.0,5776.44,2.0,8.333333333333334,0.5,0,2.0,NH Hotel 
542706,F,False,False,canada,calgary,YYC,20,,1.0,,,930.0,,1.0,10.0,,0,,
542767,F,False,False,usa,phoenix,LUF,43,,,2.0,1.0,1587.9,2340.87,1.0,8.5,0.5,0,2.0,
542796,M,False,False,usa,long beach,LGB,50,2.0,,2.0,1.75,308.0,11493.675,1.0,1.0,0.75,0,3.0,
542825,F,False,False,canada,winnipeg,YAV,38,,,4.0,1.0,1979.0,1210.513,1.0,2.0,0.5,0,4.0,Crowne Plaza
542850,F,False,False,usa,columbus,LCK,36,1.0,,3.0,1.0,3296.0,639.26,1.0,5.666666666666667,0.25,0,4.0,Choice Hotels
542857,M,False,False,canada,montreal,YUL,23,,,,,,,,,,0,,
542937,M,False,False,usa,houston,EFD,39,,,5.0,1.4,3707.0,4763.51,1.4,2.0,0.4,0,5.0,
543008,F,True,True,usa,buffalo,BUF,51,,,1.0,1.0,365.0,90.82,1.0,5.0,0.0,1,1.0,
543052,F,True,False,usa,seattle,SEA,42,2.0,,3.0,1.4,738.0,6833.47,1.0,2.3333333333333335,0.4,0,4.0,
543074,F,True,False,usa,jacksonville,NZC,55,,,1.0,1.0,268.0,275.74699999999996,1.0,2.0,0.0,0,1.0,
543075,M,True,True,usa,newark,EWR,53,,,1.0,1.0,534.0,411.4,1.0,2.0,1.0,0,1.0,
543081,F,True,False,usa,louisville,LOU,56,,,4.0,1.75,6262.6,9353.779999999999,1.75,2.75,0.25,0,4.0,
543114,F,True,False,usa,new york,JFK,55,,1.0,4.0,1.0,4240.9,1954.4699999999998,1.0,3.6,0.5,0,3.0,
543126,F,False,False,canada,toronto,YKZ,19,,1.0,2.0,2.0,1369.5,1168.19,1.6666666666666667,4.0,1.0,0,2.0,
543165,F,True,False,usa,washington,DCA,49,1.0,,2.0,1.0,324.9,1145.9920000000002,1.0,1.5,0.3333333333333333,0,3.0,
543240,F,True,False,usa,lubbock,LBB,66,,2.0,1.0,1.0,3744.0,287.17,1.0,9.333333333333334,0.0,0,1.0,Four Seasons
543271,F,False,False,usa,honolulu,HNL,42,,,2.0,1.5,941.0,6972.1900000000005,1.5,2.0,1.0,0,2.0,
543304,F,False,True,usa,st. louis,STL,51,,,3.0,2.0,2355.3,8338.87,2.0,2.0,1.0,0,2.0,
543327,M,False,False,usa,houston,HOU,44,,,4.0,1.0,1391.0,1549.25,1.0,2.0,0.25,0,4.0,
543339,F,False,False,canada,montreal,YMX,30,,,3.0,1.0,2774.0,2073.06,1.0,6.333333333333333,0.3333333333333333,0,2.0,
543375,F,False,False,usa,los angeles,LAX,45,,,4.0,1.25,1716.0,4934.3015,1.25,1.25,0.5,0,4.0,
543385,F,False,False,usa,new york,JFK,42,,1.0,5.0,1.6,3895.0,3398.232,1.5,2.8333333333333335,0.4,0,4.0,
543428,F,False,True,usa,portland,PWM,36,,2.0,,,1839.0,,1.0,7.0,,0,,
543437,F,False,False,usa,san diego,SAN,37,,1.0,1.0,1.0,622.0999999999999,347.33,1.5,1.5,0.0,0,1.0,
543476,F,True,True,usa,oklahoma city,TIK,37,,1.0,,,462.4,,1.0,8.0,,0,,
543557,F,False,False,usa,new york,JFK,38,,,2.0,1.0,594.0,259.71,1.0,2.0,0.5,0,2.0,
543559,M,True,True,usa,new orleans,NBG,49,,,2.0,1.0,562.2,805.4000000000001,1.0,2.0,0.0,0,2.0,
543618,M,False,False,usa,seattle,BFI,38,,,1.0,1.0,399.0,421.73,1.0,1.0,1.0,0,1.0,
543659,F,False,False,usa,los angeles,LAX,36,1.0,,4.0,1.0,1011.0,1822.7145,1.0,2.25,0.8,0,4.0,Shangri-La
543671,F,True,True,usa,phoenix,LUF,54,,1.0,1.0,1.0,1348.1999999999998,288.21,1.5,2.5,0.0,0,1.0,
543716,F,True,True,usa,philadelphia,PNE,42,,,4.0,1.25,2525.0,2285.64,1.25,2.5,1.0,0,4.0,
543778,F,True,True,usa,new york,JFK,58,,1.0,3.0,1.0,1234.8000000000002,1133.5984999999998,1.0,3.25,0.3333333333333333,0,3.0,
543810,F,False,False,usa,new york,JFK,35,,1.0,5.0,1.0,1587.9,2224.047,1.0,1.8333333333333333,0.6,0,5.0,InterContinental 
543885,F,True,False,usa,baton rouge,BTR,42,,1.0,,,936.0,,2.0,6.0,,0,,
543928,F,False,False,usa,houston,EFD,20,,,2.0,1.0,1090.0,626.4000000000001,1.0,4.0,0.5,0,2.0,
543952,F,False,False,usa,san jose,SJC,41,1.0,,4.0,1.0,1372.5,3056.77,1.0,3.0,0.0,0,5.0,Wyndham
543968,F,False,False,usa,modesto,MOD,38,,,6.0,1.0,3565.1,3536.079,1.0,2.6666666666666665,0.5,0,6.0,
543976,F,False,False,usa,chicago,MDW,35,,1.0,2.0,1.0,1754.0,410.62,1.3333333333333333,2.3333333333333335,1.0,1,2.0,
544008,F,False,False,usa,oklahoma city,TIK,40,1.0,,2.0,1.3333333333333333,1495.0,1814.8799999999999,1.5,2.5,0.3333333333333333,0,3.0,Four Seasons
544012,F,False,True,usa,tulsa,TUL,50,,1.0,3.0,1.3333333333333333,3015.0,340.956,1.5,3.0,0.3333333333333333,0,3.0,
544043,F,False,True,usa,santa ana,SNA,43,,1.0,3.0,1.0,1245.55,592.83,1.0,2.75,0.6666666666666666,0,3.0,
544256,F,True,False,usa,birmingham,BHM,46,,,1.0,2.0,288.0,1150.06,2.0,3.0,1.0,0,1.0,
544333,F,True,False,usa,santa ana,SNA,64,,,,,,,,,,0,,
544364,F,False,False,usa,wichita,ICT,34,,,,,,,,,,0,,
544391,M,True,True,usa,phoenix,LUF,46,,1.0,2.0,1.0,3177.8,533.2885,1.3333333333333333,4.0,0.5,0,2.0,
544414,F,True,False,usa,el paso,ELP,58,,,3.0,1.3333333333333333,3496.0,2853.59,1.3333333333333333,3.0,0.6666666666666666,0,2.0,
544444,F,False,False,usa,dallas,DAL,56,,,2.0,1.5,1182.0,426.796,1.5,3.0,0.5,0,2.0,
544447,M,True,False,canada,edmonton,YEG,44,1.0,1.0,,1.0,134.9,316.94,1.0,1.0,1.0,0,1.0,
544449,M,True,True,usa,new york,LGA,47,,2.0,2.0,1.5,6275.8,1086.602,1.25,5.25,0.5,0,2.0,Marriott 
544469,F,False,True,usa,new york,JFK,42,1.0,,2.0,1.3333333333333333,2116.0,1719.087,1.0,2.5,0.6666666666666666,0,3.0,
544476,M,True,True,usa,minneapolis,MSP,49,,,1.0,1.0,124.0,106.04,1.0,1.0,2.0,0,1.0,
544627,F,False,True,usa,chicago,MDW,46,1.0,,3.0,1.0,1039.0,1008.76,1.0,3.6666666666666665,0.75,0,4.0,
544647,F,False,False,canada,edmonton,YEG,28,,1.0,,,602.0,,1.0,7.0,,0,,
544685,M,False,True,usa,kansas city,MCI,39,,,1.0,2.0,348.0,1083.08,2.0,2.0,0.0,1,1.0,
544694,M,True,False,usa,bakersfield,BFL,55,,,2.0,1.0,720.7,736.7,1.0,1.5,0.5,0,2.0,
544698,F,True,True,usa,new york,LGA,38,,1.0,,,635.0,,1.0,5.0,,0,,
544747,M,False,False,usa,phoenix,PHX,35,,1.0,3.0,1.0,2270.5,1058.111,1.0,4.75,1.0,0,3.0,
544749,M,False,False,usa,colorado springs,COS,46,,,1.0,1.0,526.0,463.99,1.0,2.0,0.0,0,1.0,
544868,F,False,False,usa,columbus,CMH,52,1.0,,1.0,1.0,112.0,990.4399999999999,1.0,2.0,0.0,0,2.0,
545011,F,True,True,usa,memphis,MEM,56,1.0,,3.0,1.25,3400.7000000000003,2042.09,1.3333333333333333,3.0,1.0,0,4.0,
545063,M,True,False,usa,mobile,MOB,84,,,,,,,,,,0,,
545132,M,True,True,usa,denver,DEN,28,,,1.0,1.0,144.9,242.269,1.0,1.0,0.0,0,1.0,
545208,F,True,False,usa,atlanta,ATL,58,,,1.0,2.0,256.0,770.66,2.0,1.0,0.0,0,1.0,
545209,F,False,False,canada,edmonton,YEG,39,,,2.0,1.0,2801.0,991.23,1.0,3.5,0.5,1,2.0,
545264,M,False,False,usa,wichita,ICT,27,,,,,,,,,,0,,
545272,M,True,False,usa,phoenix,PHX,55,,,1.0,1.0,2698.0,289.653,1.0,5.0,1.0,0,1.0,
545290,F,False,True,usa,los angeles,LAX,47,1.0,,3.0,1.0,796.25,2128.505,1.0,1.6666666666666667,0.25,0,4.0,
545317,F,False,True,usa,austin,AUS,42,1.0,,5.0,1.1666666666666667,2644.6,2461.5969999999998,1.2,2.8,0.5,0,6.0,
545318,F,True,True,usa,indianapolis,IND,54,,,3.0,1.0,2660.0,944.7684999999999,1.0,3.0,0.3333333333333333,0,3.0,
545327,F,True,True,usa,milwaukee,MKE,30,,1.0,3.0,1.3333333333333333,903.0,708.54,1.25,1.75,0.3333333333333333,0,3.0,
545345,F,False,False,usa,reno,RNO,35,,,1.0,1.0,430.0,291.71,1.0,2.0,1.0,0,1.0,
545360,M,False,False,usa,oklahoma city,OKC,40,1.0,1.0,,1.0,672.0,423.1,1.0,4.0,0.0,0,1.0,
545404,F,False,False,usa,houston,IAH,53,1.0,,4.0,1.2,1499.0,2749.424,1.0,3.5,0.4,1,4.0,
545465,F,True,True,usa,santa ana,SNA,51,,,1.0,1.0,210.0,711.417,1.0,2.0,2.0,0,1.0,
545518,F,False,True,canada,edmonton,YXD,47,,,3.0,1.3333333333333333,1847.0,2994.9675,1.3333333333333333,3.0,0.0,1,3.0,Rosewood
545551,F,False,True,usa,austin,AUS,49,,,4.0,1.0,3539.0,1376.666,1.0,5.25,0.5,0,4.0,Four Seasons
545577,M,False,False,usa,omaha,OMA,41,,,5.0,1.0,1523.0,1310.3555000000001,1.0,2.0,0.4,0,5.0,
545652,F,False,False,usa,fayetteville,FYV,45,,,3.0,1.0,829.0,936.78,1.0,2.3333333333333335,0.0,0,3.0,
545684,F,True,True,usa,chicago,ORD,49,,,1.0,2.0,178.0,955.64,2.0,1.0,1.0,1,1.0,
545736,F,False,False,usa,columbus,LCK,25,,1.0,1.0,1.0,2169.0,95.63,1.0,8.5,0.0,1,1.0,
545754,M,False,True,usa,fayetteville,POB,23,,,,,,,,,,0,,
545770,F,True,False,usa,omaha,OMA,45,,,4.0,1.0,3123.0,995.7,1.0,4.25,0.25,0,3.0,Fairmont
545771,F,False,False,usa,fayetteville,FYV,56,,,2.0,1.0,450.0,499.79999999999995,1.0,2.5,0.0,0,2.0,
545803,F,False,True,usa,des moines,DSM,55,,,3.0,1.0,1246.0,971.4300000000001,1.0,4.0,0.6666666666666666,0,3.0,
545805,F,True,True,usa,rochester,ROC,51,,1.0,3.0,1.6666666666666667,7303.2,1863.5625,1.5,6.0,0.6666666666666666,0,2.0,
545810,F,False,True,usa,phoenix,LUF,24,,1.0,,,1236.8999999999999,,1.0,7.0,,0,,
545848,F,True,True,usa,los angeles,LAX,51,,1.0,,,738.0,,3.0,6.0,,0,,
545865,F,True,False,usa,newark,EWR,43,1.0,,3.0,1.0,1753.6,1482.5900000000001,1.0,3.0,0.75,0,4.0,
545939,F,False,False,usa,newport news,PHF,46,1.0,,3.0,1.0,1262.0,1366.46,1.0,1.6666666666666667,0.5,0,3.0,InterContinental 
545958,F,False,False,usa,houston,IAH,59,1.0,,,1.0,,230.74,,,0.0,0,1.0,
546050,F,True,False,canada,gatineau,YND,54,,,2.0,1.5,244.0,1771.22,1.5,1.0,0.5,0,2.0,
546064,F,True,True,usa,san jose,SJC,56,,,5.0,1.0,4243.0,2757.4210000000003,1.0,4.4,0.6,0,4.0,Fairmont
546065,M,True,True,usa,omaha,OMA,49,,,3.0,1.0,1044.0,884.27,1.0,5.333333333333333,0.3333333333333333,0,3.0,
546121,F,False,False,usa,milwaukee,MKE,19,,,1.0,1.0,353.0,455.84,1.0,1.0,0.0,0,1.0,
546164,F,False,False,canada,winnipeg,YAV,24,,1.0,,,1960.0,,2.0,7.0,,1,,
546224,F,True,True,usa,phoenix,PHX,47,,,2.0,1.0,275.0,481.69000000000005,1.0,1.0,1.0,0,2.0,Rosewood
546280,F,False,False,usa,los angeles,LAX,44,,,2.0,1.0,634.05,1221.77,1.0,1.0,0.5,1,2.0,
546307,F,False,False,usa,portland,PWM,57,,1.0,3.0,1.0,2401.0,1061.49,1.0,3.0,0.6666666666666666,1,3.0,
546399,F,False,False,usa,el paso,BIF,38,1.0,,,1.0,,256.53,,,0.0,0,1.0,
546419,F,False,True,usa,san diego,SAN,56,1.0,,2.0,1.0,921.55,1694.44,1.0,1.0,0.3333333333333333,1,3.0,Banyan Tree 
546462,F,False,False,usa,los angeles,LAX,75,,2.0,,,2900.2000000000003,,1.0,5.5,,0,,Accor
546470,F,True,False,usa,new york,LGA,44,1.0,,,1.0,,592.55,,,0.0,0,1.0,
546529,F,True,False,usa,las vegas,LAS,49,1.0,,2.0,1.3333333333333333,209.0,3756.51,1.0,1.0,1.0,1,3.0,
546648,F,True,True,usa,san jose,SJC,41,1.0,1.0,2.0,1.0,3982.0,1433.164,1.3333333333333333,4.333333333333333,0.6666666666666666,0,3.0,
546664,F,True,False,usa,shreveport,BAD,35,,,1.0,1.0,803.6999999999999,40.69,1.0,6.0,1.0,0,1.0,
546702,F,True,False,usa,chicago,ORD,48,,,3.0,1.3333333333333333,2589.0,1266.73,1.3333333333333333,2.0,0.0,0,2.0,
546740,F,False,False,usa,new york,JFK,43,,,2.0,1.0,408.0,1147.9,1.0,2.0,1.0,0,2.0,
546756,F,False,False,usa,fayetteville,FYV,47,1.0,,1.0,1.5,1912.0,1574.78,2.0,4.0,0.0,0,2.0,
546844,F,True,True,canada,edmonton,YED,47,,,5.0,1.0,1303.0,2046.5439999999999,1.0,1.6,0.6,0,5.0,
546857,F,True,False,usa,kansas city,MCI,68,,1.0,,,5184.0,,1.0,16.0,,0,,
546864,M,True,False,usa,boston,BOS,45,,,1.0,1.0,1155.0,758.132,1.0,7.0,0.0,1,1.0,
546881,F,True,True,usa,new york,LGA,43,,,2.0,1.0,680.0,549.19,1.0,2.0,0.5,0,2.0,
546900,F,False,False,usa,san antonio,SAT,40,,,3.0,1.0,2392.0,1068.6889999999999,1.0,4.666666666666667,0.6666666666666666,0,3.0,
546964,F,True,False,usa,new york,JFK,46,1.0,,5.0,1.1666666666666667,2118.0,3570.5989999999997,1.0,1.8,0.3333333333333333,0,6.0,
547100,F,False,False,canada,toronto,YZD,52,,,2.0,1.0,1162.0,768.34,1.0,2.5,1.0,1,2.0,
547130,F,False,False,usa,new york,LGA,22,,1.0,,,590.0,,1.0,5.0,,1,,
547175,F,False,False,canada,toronto,YZD,20,,1.0,1.0,1.0,1729.5,91.79,1.0,8.5,0.0,0,1.0,
547181,F,True,False,usa,tucson,TUS,65,,2.0,1.0,2.0,1011.0,2699.24,1.3333333333333333,3.3333333333333335,1.0,0,1.0,
547320,F,False,False,usa,knoxville,TYS,31,,1.0,,,1273.95,,1.0,9.0,,0,,
547336,F,True,False,usa,madison,MSN,45,,,1.0,1.0,116.0,310.5,1.0,1.0,0.0,0,1.0,
547342,M,False,False,usa,los angeles,LAX,28,,,1.0,1.0,700.0,255.33,1.0,4.0,1.0,0,1.0,
547412,M,False,False,usa,new york,LGA,55,,,2.0,2.0,3532.0,894.4300000000001,2.0,3.5,1.0,0,2.0,
547453,F,False,True,usa,st. louis,STL,31,,1.0,2.0,1.0,1200.5,846.16,1.0,2.3333333333333335,0.5,0,2.0,
547459,F,True,False,usa,los angeles,LAX,61,,2.0,2.0,1.5,8687.2,880.8785,1.25,8.25,0.5,0,2.0,
547568,F,False,False,usa,new york,JFK,32,,1.0,1.0,1.0,9441.0,364.287,1.5,12.5,2.0,0,1.0,
547606,F,True,True,usa,little rock,LIT,58,,,3.0,1.3333333333333333,906.0,2194.73,1.3333333333333333,2.0,0.3333333333333333,0,3.0,
547617,F,True,False,usa,charlotte,CLT,55,2.0,1.0,,1.0,1000.0,677.13,1.0,8.0,0.0,0,2.0,
547663,F,False,False,canada,london,YXU,46,,,2.0,1.0,1044.3,1318.6399999999999,1.0,3.5,0.0,0,2.0,
547693,M,False,True,usa,bakersfield,BFL,45,,,,,,,,,,1,,
547761,F,False,False,usa,las vegas,LAS,51,,,2.0,1.0,783.0,885.8785,1.0,5.0,0.5,0,2.0,
547779,F,True,True,usa,los angeles,LAX,44,,,3.0,1.3333333333333333,2866.0,1894.125,1.3333333333333333,4.333333333333333,1.0,0,3.0,
547792,F,False,True,usa,seattle,BFI,40,2.0,1.0,2.0,1.5,2350.0,3975.5280000000002,1.3333333333333333,4.666666666666667,0.5,0,4.0,
547817,F,False,False,usa,newport news,PHF,29,,2.0,1.0,1.0,8326.0,218.66,1.3333333333333333,8.0,0.0,0,1.0,
547823,F,True,False,usa,reno,RNO,57,,1.0,4.0,1.0,3579.0,2048.81,1.0,4.8,0.25,0,3.0,InterContinental 
547825,F,False,False,usa,colorado springs,COS,24,,1.0,1.0,1.0,1480.3,501.62,1.0,6.0,1.0,0,1.0,
547834,F,False,False,usa,providence,PVD,28,,,,,,,,,,0,,
547857,F,True,True,usa,new york,JFK,67,,,1.0,1.0,436.0,605.2,1.0,2.0,1.0,0,1.0,
547911,F,False,True,usa,san francisco,SFO,42,,,2.0,1.0,344.0,1001.29,1.0,1.5,0.5,0,2.0,
547966,F,True,True,usa,wichita,ICT,45,,1.0,1.0,2.0,6011.0,670.26,1.5,9.0,1.0,0,1.0,
547997,F,True,False,usa,los angeles,LAX,60,1.0,,,1.0,,327.48,,,1.0,0,1.0,
548022,F,True,False,usa,san antonio,SAT,49,,,4.0,1.0,3330.0,1395.094,1.0,5.5,0.75,0,4.0,InterContinental 
548032,F,False,False,usa,chicago,ORD,44,1.0,,2.0,1.6666666666666667,1322.0,1847.83,2.0,1.5,0.6666666666666666,0,3.0,
548037,F,True,False,usa,new york,JFK,50,,,2.0,1.0,662.0,1153.94,1.0,2.0,1.0,0,2.0,
548120,F,False,False,usa,tampa,MCF,49,1.0,,2.0,1.0,317.1,939.494,1.0,1.0,1.0,0,3.0,
548123,M,True,True,canada,edmonton,YEG,50,,,,,,,,,,0,,
548185,F,False,False,usa,long beach,LGB,29,,2.0,,,2916.0,,1.5,8.0,,0,,
548189,F,False,False,canada,montreal,YUL,32,,2.0,1.0,3.0,4467.4,783.2085000000001,2.3333333333333335,4.666666666666667,0.0,1,1.0,
548193,F,False,True,usa,denver,DEN,19,1.0,,,1.0,,283.93,,,1.0,1,1.0,
548256,F,True,True,usa,cleveland,CLE,44,1.0,1.0,2.0,1.0,1570.0,844.44,1.0,3.0,0.3333333333333333,0,3.0,
548258,M,False,False,usa,louisville,LOU,46,,,6.0,1.0,2452.4,1747.08,1.0,2.1666666666666665,0.3333333333333333,0,5.0,
548272,F,True,True,usa,chicago,MDW,44,,,3.0,1.0,5715.0,640.294,1.0,6.0,1.0,0,3.0,
548391,F,True,True,canada,toronto,YKZ,59,,,1.0,1.0,506.0,363.18,1.0,2.0,1.0,0,1.0,
548422,F,True,False,usa,tulsa,TUL,41,,,4.0,1.0,2690.0,1540.08,1.0,3.25,1.0,1,4.0,
548448,F,False,False,usa,sacramento,SAC,65,,2.0,1.0,1.0,8465.0,582.82,1.0,9.333333333333334,0.0,0,1.0,
548474,F,True,True,usa,anchorage,ANC,35,1.0,2.0,,1.0,3529.0,689.31,1.0,7.0,0.0,0,1.0,
548488,F,False,False,usa,new york,JFK,38,,,3.0,1.3333333333333333,1042.0,1080.4299999999998,1.3333333333333333,1.6666666666666667,0.6666666666666666,0,3.0,
548651,F,True,True,usa,milwaukee,MKE,46,1.0,,4.0,1.4,1536.6,2795.1695,1.5,2.0,0.4,0,5.0,
548708,M,True,False,usa,cleveland,CLE,40,,1.0,2.0,1.0,6009.5,454.02,1.3333333333333333,6.0,0.0,0,2.0,Choice Hotels
548853,F,True,False,canada,quebec,YQB,55,1.0,1.0,1.0,2.0,1554.0,3142.4595,1.0,3.0,1.0,0,2.0,
548872,F,False,True,usa,chicago,MDW,22,,1.0,,,664.0,,1.0,4.0,,0,,
548961,F,False,True,usa,san antonio,RND,41,1.0,1.0,1.0,1.0,2695.0,547.6020000000001,1.0,5.5,0.5,1,2.0,Best Western
548990,F,False,False,usa,los angeles,LAX,34,,1.0,1.0,1.0,434.4,687.54,1.0,4.0,1.0,0,1.0,
549115,F,False,True,canada,victoria,YYJ,35,,,1.0,1.0,4188.0,263.86,1.0,12.0,0.0,0,1.0,
549116,F,True,True,usa,columbus,LCK,46,,,3.0,1.3333333333333333,6773.0,888.74,1.3333333333333333,5.0,0.0,0,3.0,
549121,F,False,False,usa,san antonio,SKF,75,,,1.0,1.0,462.0,227.99,1.0,3.0,1.0,1,1.0,
549152,F,False,False,canada,quebec,YQB,35,,1.0,2.0,1.0,2180.0,809.9000000000001,1.3333333333333333,4.333333333333333,0.0,1,2.0,
549154,M,True,True,canada,toronto,YKZ,51,,2.0,3.0,1.0,4261.6,1066.262,1.2,5.2,0.3333333333333333,0,3.0,
549190,F,False,False,canada,montreal,YMX,19,,1.0,,,738.0,,1.0,6.0,,1,,
549235,F,True,True,usa,los angeles,LAX,43,,2.0,,,4042.0,,1.5,7.5,,0,,
549251,F,False,True,usa,los angeles,LAX,32,1.0,,1.0,1.0,492.0,1377.56,1.0,3.0,0.0,0,2.0,
549290,M,False,False,usa,norfolk,ORF,20,,1.0,,,1782.0,,1.0,11.0,,0,,
549313,F,False,True,usa,corpus christi,CRP,47,,,2.0,1.0,469.0,327.40000000000003,1.0,1.5,0.0,0,2.0,
549320,F,False,True,usa,long beach,LGB,19,,2.0,,,1704.0,,1.0,4.5,,0,,
549357,F,False,False,usa,new orleans,MSY,48,1.0,,1.0,1.0,655.5,583.501,1.0,5.0,1.0,0,2.0,
549359,F,False,True,usa,colorado springs,COS,38,,,3.0,1.0,2632.0,1148.32,1.0,2.3333333333333335,0.3333333333333333,0,3.0,
549361,F,True,True,usa,new york,JFK,54,,,4.0,1.25,1889.0,1292.5194999999999,1.25,3.5,1.0,0,4.0,Rosewood
549366,M,True,True,usa,new york,JFK,50,,,,,,,,,,0,,
549389,F,False,True,usa,phoenix,LUF,20,,2.0,,,4572.25,,1.0,6.5,,0,,
549450,F,True,True,usa,richmond,RIC,46,,,,,,,,,,1,,
549466,F,True,False,usa,philadelphia,PNE,50,1.0,,2.0,1.0,573.0,380.9,1.0,1.0,0.3333333333333333,0,2.0,
549472,F,False,False,canada,hamilton,YHM,25,,,1.0,1.0,160.0,104.51,1.0,1.0,0.0,0,1.0,
549515,F,False,True,canada,ottawa,YOW,45,1.0,1.0,3.0,1.25,2517.4,3337.5819999999994,1.25,2.5,0.5,0,4.0,
549569,F,True,False,usa,minneapolis,MSP,50,1.0,,2.0,1.3333333333333333,970.8,1967.4159999999997,1.0,2.5,0.6666666666666666,0,3.0,
549572,F,False,True,usa,new york,LGA,56,,,4.0,1.5,1938.6,2299.67,1.5,2.75,0.5,0,4.0,
549579,F,False,False,usa,st. louis,STL,45,,,1.0,1.0,232.0,183.7,1.0,2.0,0.0,0,1.0,
549580,F,True,False,usa,dallas,DAL,49,,,6.0,1.1666666666666667,2722.4,2819.6,1.1666666666666667,2.5,0.16666666666666666,0,6.0,Crowne Plaza
549584,F,True,False,usa,san francisco,SFO,45,,,2.0,1.5,1048.0,3485.9700000000003,1.5,6.0,1.5,0,2.0,
549608,F,True,True,usa,columbus,LCK,61,,,,,,,,,,0,,
549623,M,False,True,usa,louisville,LOU,40,,,4.0,1.5,1140.2,2561.36,1.5,1.25,0.25,0,4.0,Shangri-La
549710,F,True,True,usa,los angeles,LAX,40,,1.0,4.0,1.0,3232.4,2222.7200000000003,1.0,4.6,0.5,0,2.0,Best Western
549733,M,False,False,usa,chicago,ORD,37,1.0,,1.0,1.0,1775.0,2217.45,1.0,5.0,0.5,0,2.0,
549759,F,True,False,canada,montreal,YHU,69,,,,,,,,,,0,,
549777,F,True,True,canada,edmonton,YXD,31,,,1.0,1.0,81.0,533.85,1.0,2.0,0.0,0,1.0,
549800,F,True,True,usa,knoxville,TYS,42,1.0,,1.0,1.5,140.0,2321.63,1.0,2.0,3.5,0,2.0,
549850,F,False,False,canada,winnipeg,YAV,52,,,4.0,1.0,1181.0,1251.7224999999999,1.0,5.5,0.25,0,4.0,
549894,F,True,True,usa,denver,DEN,51,1.0,,,1.0,,232.92,,,0.0,0,1.0,
549938,F,False,False,usa,los angeles,LAX,40,,1.0,1.0,1.0,1153.0,315.72,1.0,4.0,1.0,1,1.0,
549988,F,True,False,usa,los angeles,LAX,52,1.0,,,1.0,,658.47,,,1.0,0,1.0,
550022,F,False,False,canada,edmonton,YXD,25,,,,,,,,,,0,,
550077,M,True,False,canada,montreal,YUL,53,,,2.0,1.0,209.4,676.55,1.0,1.0,0.0,0,2.0,
550110,F,True,False,canada,halifax,YHZ,56,,,2.0,1.0,1658.0,913.29,1.0,6.5,0.5,1,2.0,
550229,F,False,False,canada,edmonton,YEG,40,,,3.0,1.3333333333333333,899.0,2636.33,1.3333333333333333,2.3333333333333335,0.3333333333333333,0,3.0,
550298,F,False,False,usa,las vegas,LSV,26,,1.0,,,528.0,,1.0,8.0,,0,,
550400,F,True,False,usa,new york,JFK,75,,,1.0,1.0,1449.0,399.62,1.0,7.0,0.0,1,1.0,
550426,F,True,True,canada,windsor,YQG,51,,1.0,3.0,1.0,6433.9,265.353,1.0,7.25,0.0,0,3.0,
550455,F,True,True,usa,jacksonville,NZC,53,,1.0,1.0,1.0,1660.0,715.94,1.5,5.0,0.0,0,1.0,
550460,F,False,False,usa,las vegas,LAS,47,,1.0,3.0,1.0,2395.8,1567.862,1.0,4.5,0.0,0,2.0,Four Seasons
550482,F,False,True,canada,windsor,YQG,24,,,,,,,,,,0,,
550506,F,True,True,usa,montgomery,MXF,42,,1.0,1.0,3.0,8595.0,2543.43,2.5,5.0,1.0,0,1.0,
550579,F,True,True,usa,portland,PDX,48,2.0,,3.0,1.4,2885.0,9050.496000000001,1.0,5.0,1.2,0,5.0,
550703,F,True,False,usa,san jose,SJC,70,,2.0,,,7762.0,,1.5,10.5,,0,,
550711,F,False,False,usa,new york,LGA,19,,,1.0,1.0,503.0,44.93,1.0,1.0,0.0,0,1.0,
550754,F,True,True,usa,tulsa,TUL,54,,,3.0,1.0,3476.0,551.704,1.0,4.666666666666667,0.3333333333333333,0,3.0,
550804,M,True,True,usa,dallas,DAL,48,,,1.0,1.0,180.0,435.62,1.0,1.0,0.0,0,1.0,
550830,F,True,False,usa,atlanta,ATL,80,,,,,,,,,,1,,
550868,F,True,False,usa,jacksonville,NIP,50,,,1.0,1.0,314.0,141.38,1.0,1.0,0.0,0,1.0,
550904,F,True,False,usa,new york,JFK,49,,,5.0,1.2,2038.0,4169.764,1.2,1.8,0.4,0,4.0,
550973,F,False,False,usa,detroit,YIP,45,,,4.0,1.0,609.0,630.606,1.0,1.5,0.75,0,4.0,
550985,F,False,False,usa,laredo,LRD,49,,,2.0,2.0,511.65,4733.25,2.0,3.0,0.0,0,1.0,
551023,F,False,False,usa,denver,DEN,58,1.0,,2.0,1.0,904.0,1125.5990000000002,1.0,2.5,0.6666666666666666,1,2.0,
551051,F,False,True,canada,london,YXU,50,,1.0,,,567.0,,1.0,9.0,,0,,
551116,F,False,False,canada,ottawa,YOW,41,,,2.0,1.0,2544.0,1106.4499999999998,1.0,5.5,1.0,0,2.0,
551237,F,False,False,usa,tulsa,TUL,45,1.0,,1.0,1.0,113.0,614.79,1.0,1.0,0.5,0,2.0,
551241,M,False,False,usa,los angeles,LAX,31,1.0,1.0,1.0,1.0,1269.0,1015.1500000000001,1.0,4.0,0.5,0,2.0,
551278,F,True,False,usa,austin,AUS,43,1.0,,1.0,1.0,150.0,762.37,1.0,1.0,0.0,0,2.0,
551282,F,True,False,usa,oakland,OAK,56,,,4.0,1.0,1047.1,757.4014999999999,1.0,2.0,0.75,0,3.0,
551331,F,True,True,canada,winnipeg,YWG,51,,,3.0,1.3333333333333333,2070.2,1606.2565,1.3333333333333333,3.0,1.0,0,3.0,
551340,F,True,False,usa,portland,PWM,37,1.0,1.0,,2.0,2690.0,341.3,2.0,5.0,2.0,0,1.0,
551359,F,False,False,usa,denver,DEN,47,,2.0,3.0,1.0,5963.0,1026.53,1.2,4.8,1.0,0,2.0,
551430,F,False,True,canada,vancouver,YVR,45,,,2.0,1.5,1021.0,3318.2,1.5,2.0,1.0,0,2.0,
551431,F,False,False,usa,san diego,SAN,24,,,,,,,,,,0,,
551448,F,True,False,usa,grand rapids,GRR,49,1.0,,2.0,1.3333333333333333,222.10000000000002,2248.556,1.0,1.0,0.3333333333333333,0,3.0,
551468,F,False,False,usa,oakland,OAK,54,,,4.0,1.0,3514.0,1847.67,1.0,4.5,0.5,0,4.0,Four Seasons
551486,F,False,True,usa,chicago,ORD,20,,,1.0,2.0,448.0,1733.68,2.0,1.0,0.0,0,1.0,
551501,F,True,False,usa,shreveport,BAD,68,,,,,,,,,,0,,
551549,F,False,True,canada,toronto,YTZ,60,1.0,,2.0,1.0,252.0,682.89,1.0,1.0,0.0,0,3.0,
551560,F,False,True,usa,minneapolis,MSP,38,,,1.0,1.0,146.29999999999998,489.59,1.0,1.0,0.0,0,1.0,
551567,F,True,False,usa,los angeles,LAX,52,,,6.0,1.1666666666666667,4110.0,5769.382500000001,1.1666666666666667,3.3333333333333335,0.8333333333333334,0,5.0,
551576,F,False,False,usa,tallahassee,TLH,19,,,1.0,1.0,249.0,198.03,1.0,3.0,1.0,0,1.0,
551600,F,False,False,usa,boston,BOS,20,,,1.0,2.0,5124.0,1694.12,2.0,7.0,1.0,0,1.0,
551615,F,True,False,usa,omaha,OFF,31,1.0,1.0,,1.0,464.0,235.86,1.0,4.0,0.0,0,1.0,
551620,F,False,False,usa,chicago,UGN,31,1.0,1.0,1.0,1.0,662.25,654.655,1.5,3.0,0.0,0,2.0,
551622,M,True,False,usa,san antonio,SKF,60,,,,,,,,,,1,,
551662,F,False,False,usa,san diego,SAN,47,,,1.0,1.0,297.0,519.88,1.0,3.0,0.0,0,1.0,
551671,F,False,True,canada,winnipeg,YAV,26,,,,,,,,,,0,,
551681,F,False,False,canada,edmonton,YXD,33,,,2.0,2.0,549.0,4376.276999999999,2.0,1.0,0.5,0,2.0,
551718,F,False,True,usa,baltimore,BWI,35,,1.0,2.0,2.0,6297.0,685.0600000000001,1.6666666666666667,6.666666666666667,0.5,0,2.0,
551834,F,True,False,usa,cleveland,CLE,57,1.0,1.0,1.0,1.0,1881.0,236.32,1.0,4.0,0.0,0,1.0,Best Western
551847,F,True,False,usa,washington,DCA,38,,,2.0,1.0,2422.0,524.66,1.0,6.5,0.5,0,2.0,
551914,F,False,False,canada,calgary,YYC,53,,,2.0,1.0,355.0,1172.72,1.0,1.0,1.0,0,2.0,
551990,F,False,False,usa,washington,IAD,20,,1.0,2.0,1.5,3645.0,1962.88,1.3333333333333333,6.666666666666667,0.0,0,2.0,
552088,F,False,False,usa,kansas city,MCI,31,,1.0,2.0,1.0,479.0,405.0355,1.0,3.3333333333333335,0.0,0,2.0,
552165,F,True,True,usa,bakersfield,BFL,58,,,,,,,,,,0,,
552192,F,False,False,usa,los angeles,LAX,40,,1.0,4.0,1.25,1059.0,3575.46,1.2,1.8,0.75,0,3.0,Banyan Tree 
552209,F,False,False,usa,indianapolis,IND,53,1.0,,,3.0,,1070.1074999999998,,,1.0,0,1.0,
552303,F,True,False,usa,oklahoma city,OKC,58,,1.0,3.0,1.0,3881.0,600.1,1.0,6.0,0.6666666666666666,0,3.0,
552314,F,True,True,usa,san diego,SAN,54,2.0,1.0,1.0,1.0,738.0,1814.9965,1.0,3.0,0.3333333333333333,0,3.0,
552345,M,True,True,usa,san jose,SJC,43,,,3.0,1.3333333333333333,844.0,4651.38,1.3333333333333333,1.0,0.3333333333333333,0,3.0,
552363,F,True,False,canada,saskatoon,YXE,34,,,3.0,1.0,1408.3000000000002,962.6700000000001,1.0,2.6666666666666665,1.0,0,3.0,
552372,F,True,False,canada,ottawa,YOW,51,,,2.0,1.0,237.0,479.92999999999995,1.0,1.0,0.5,0,2.0,
552414,F,False,False,usa,las vegas,LSV,34,,,4.0,1.0,2291.9,1409.45,1.0,3.25,0.25,0,4.0,
552432,F,True,False,usa,new york,JFK,50,1.0,,3.0,1.5,2598.0,4756.25,1.3333333333333333,2.3333333333333335,0.75,0,4.0,Best Western
552440,F,True,True,usa,san jose,SJC,58,,,2.0,1.0,201.0,683.6600000000001,1.0,2.0,0.5,0,2.0,
552473,F,False,False,canada,montreal,YUL,41,2.0,,1.0,1.0,80.0,2188.09,1.0,1.0,0.3333333333333333,0,3.0,
552487,F,True,False,usa,new orleans,NBG,52,,1.0,1.0,1.0,591.1,476.52,1.0,2.0,0.0,0,1.0,
552532,F,True,True,usa,los angeles,LAX,55,,,2.0,2.5,1670.0,1914.06,2.5,2.0,0.5,0,2.0,
552558,F,True,True,canada,vancouver,YVR,54,,2.0,2.0,1.0,2132.2,888.28,1.0,4.25,1.0,0,2.0,
552598,F,True,True,usa,san diego,SAN,55,1.0,,2.0,1.3333333333333333,238.0,1457.09,1.0,1.0,0.3333333333333333,0,3.0,Crowne Plaza
552613,F,False,True,usa,philadelphia,PNE,45,,,4.0,1.0,2247.0,1051.999,1.0,2.75,0.0,0,3.0,
552623,F,False,True,usa,austin,AUS,19,,,1.0,2.0,495.0,12105.8,1.0,9.0,2.0,0,1.0,
552642,F,True,False,usa,phoenix,LUF,45,,,3.0,1.0,1445.25,889.6825,1.0,1.6666666666666667,0.6666666666666666,0,3.0,
552643,F,True,True,canada,saskatoon,YXE,47,,,3.0,1.0,850.0,955.3,1.0,1.6666666666666667,0.0,0,2.0,
552653,F,True,False,usa,philadelphia,PHL,61,,,1.0,1.0,180.0,127.03,1.0,2.0,0.0,1,1.0,
552661,F,False,False,usa,dallas,DAL,32,,,3.0,1.0,1136.5,515.447,1.0,3.3333333333333335,0.6666666666666666,0,3.0,
552726,F,True,True,canada,victoria,YYJ,62,,1.0,,,816.0,,3.0,4.0,,0,,
552734,F,False,True,usa,nashville,BNA,54,1.0,,3.0,1.0,978.0,1294.15,1.0,2.6666666666666665,1.0,0,4.0,
552763,M,True,False,usa,omaha,OMA,45,1.0,,2.0,1.0,183.0,901.5799999999999,1.0,1.0,1.0,0,3.0,
552775,F,False,False,canada,calgary,YYC,23,,1.0,2.0,1.0,2528.0,799.6600000000001,1.3333333333333333,2.0,1.0,0,1.0,
552809,F,False,False,usa,nashville,BNA,35,1.0,1.0,2.0,1.0,1883.2,1088.31,1.0,4.0,0.6666666666666666,0,2.0,
552861,F,True,False,usa,new york,LGA,47,,,1.0,2.0,312.0,1420.58,2.0,2.0,0.0,1,1.0,
552904,F,False,True,usa,new york,JFK,50,,,4.0,1.25,2012.9,1088.504,1.25,3.25,0.5,0,3.0,
553139,F,False,False,usa,st. louis,STL,43,,,4.0,1.75,3564.0,5119.6515,1.75,2.25,0.75,0,4.0,Marriott 
553151,F,True,True,usa,omaha,OFF,49,2.0,1.0,1.0,1.0,795.0,1081.92,1.0,6.5,1.0,0,3.0,
553208,F,False,False,usa,richmond,RIC,27,,1.0,,,531.0,,1.0,9.0,,0,,
553220,F,False,True,usa,bakersfield,BFL,60,,1.0,2.0,1.0,2602.0,388.199,1.3333333333333333,3.3333333333333335,0.0,1,2.0,
553231,F,True,True,usa,milwaukee,MKE,50,,,3.0,1.6666666666666667,1334.4,2056.58,1.6666666666666667,2.6666666666666665,0.6666666666666666,0,2.0,
553339,F,False,False,usa,riverside,RIV,45,1.0,,3.0,1.0,4782.0,1508.24,1.0,4.666666666666667,1.0,0,4.0,Hyatt
553456,M,False,False,usa,nashville,BNA,45,1.0,,2.0,1.6666666666666667,1494.0,3138.3599999999997,2.0,1.5,0.6666666666666666,0,3.0,
553533,F,False,True,usa,rochester,ROC,43,,,1.0,1.0,87.0,158.96,1.0,1.0,1.0,0,1.0,
553607,F,True,True,usa,omaha,OFF,54,,,3.0,1.3333333333333333,3296.55,1443.972,1.3333333333333333,4.666666666666667,0.6666666666666666,0,3.0,
553645,F,True,False,usa,cleveland,CLE,55,1.0,1.0,2.0,1.0,3020.0,802.8699999999999,1.6666666666666667,1.6666666666666667,1.0,0,3.0,
553664,F,False,False,canada,ottawa,YOW,54,,,2.0,1.0,1091.7,632.7905,1.0,2.5,0.5,0,2.0,
553690,F,True,False,usa,los angeles,LAX,70,,,,,,,,,,0,,
553704,F,False,False,usa,los angeles,LAX,26,,1.0,1.0,2.0,1362.0,1853.982,1.5,4.5,1.0,0,1.0,
553754,F,True,True,usa,shreveport,SHV,50,,,3.0,1.3333333333333333,1142.0,1457.84,1.3333333333333333,3.0,0.3333333333333333,0,2.0,
553783,F,False,False,usa,los angeles,LAX,36,,,1.0,1.0,351.0,30.0,1.0,1.0,0.0,0,1.0,
553805,F,True,True,usa,minneapolis,MSP,52,,,2.0,1.5,943.0,1518.8200000000002,1.5,1.0,0.5,0,2.0,
553938,F,False,False,usa,oakland,OAK,46,,,2.0,1.0,496.0,1051.4099999999999,1.0,3.0,1.0,1,2.0,Hyatt
553943,F,False,False,usa,tucson,DMA,49,1.0,,3.0,1.5,1317.0,6807.43,1.0,2.0,0.5,0,4.0,
553967,F,False,True,usa,phoenix,LUF,42,1.0,,1.0,1.0,496.0,842.19,1.0,4.0,0.0,1,2.0,
553985,F,False,False,usa,san jose,SJC,38,,,2.0,1.0,207.0,923.4,1.0,3.0,0.0,1,2.0,
554175,F,True,False,usa,tallahassee,TLH,48,,,3.0,1.3333333333333333,1543.0,3469.34,1.3333333333333333,3.0,0.6666666666666666,0,3.0,
554202,F,False,False,usa,new york,LGA,20,,1.0,1.0,1.0,657.9,770.4215,1.0,4.0,1.0,0,1.0,
554213,F,False,False,usa,memphis,MEM,31,,,2.0,1.0,360.0,651.0699999999999,1.0,1.5,1.0,1,2.0,
554217,F,False,False,usa,boston,BOS,26,1.0,,1.0,1.5,870.0,3301.46,2.0,3.0,0.5,0,1.0,
554284,F,True,True,usa,san antonio,SAT,37,,,2.0,1.0,445.0,365.37,1.0,1.0,1.0,0,2.0,
554289,F,False,False,usa,newark,EWR,23,,1.0,,,1296.0,,1.0,9.0,,0,,
554299,F,True,False,usa,santa ana,SNA,70,,,,,,,,,,0,,
554413,F,False,True,usa,santa ana,SNA,44,1.0,,3.0,1.0,2776.0,2218.9125,1.0,5.333333333333333,0.75,0,4.0,
554450,F,False,False,usa,boston,BOS,27,,,,,,,,,,0,,
554532,F,False,False,canada,vancouver,YVR,41,,,3.0,1.0,1754.0,1517.63,1.0,3.3333333333333335,0.3333333333333333,0,3.0,
554560,F,False,False,canada,calgary,YYC,22,,,1.0,1.0,906.3,469.05600000000004,1.0,3.0,0.0,0,1.0,
554670,F,True,False,usa,austin,AUS,56,1.0,,1.0,1.0,96.0,847.4639999999999,1.0,2.0,0.5,0,2.0,
554681,F,True,True,usa,columbus,CMH,26,,1.0,,,3500.0,,2.0,7.0,,0,,
554801,F,False,False,canada,toronto,YYZ,54,,,3.0,1.0,2798.0,3524.2799999999997,1.0,3.0,0.0,0,3.0,
554866,F,False,False,usa,akron,AKR,21,,,,,,,,,,0,,
554922,F,True,False,usa,winston-salem,INT,42,,,1.0,1.0,272.0,327.51,1.0,4.0,0.0,0,1.0,
554939,F,False,False,usa,phoenix,PHX,26,,,,,,,,,,0,,
555030,F,False,False,usa,long beach,LGB,26,,,,,,,,,,1,,
555075,F,False,False,usa,memphis,MEM,20,,,,,,,,,,0,,
555083,F,True,True,usa,louisville,LOU,61,,,2.0,1.0,4068.0,521.85,1.0,5.5,1.0,0,2.0,
555108,F,False,False,usa,fort worth,FTW,41,1.0,,2.0,1.0,1112.0,830.79,1.0,4.0,0.6666666666666666,0,3.0,
555135,F,False,False,usa,houston,EFD,52,,3.0,3.0,1.0,4388.1,851.24,1.0,4.5,0.3333333333333333,0,3.0,
555147,F,False,False,usa,denver,DEN,19,,,1.0,1.0,104.0,517.59,1.0,1.0,1.0,0,1.0,
555180,F,True,True,usa,houston,IAH,46,,1.0,1.0,1.0,3042.0,386.41,1.5,5.5,0.0,0,1.0,
555186,F,False,True,usa,portland,PDX,41,,,4.0,1.0,1757.6,2185.75,1.0,1.75,0.75,0,4.0,Hilton
555187,F,True,False,usa,winston-salem,INT,65,,,,,,,,,,0,,
555191,F,True,False,usa,new orleans,NBG,56,,,2.0,1.5,1557.0,1946.88,1.5,4.0,0.5,0,2.0,
555193,M,True,True,usa,jacksonville,JAX,52,,,2.0,1.0,264.20000000000005,799.2449999999999,1.0,2.0,0.5,0,2.0,
555203,F,False,False,usa,boston,BOS,66,,2.0,,,3741.0,,1.5,7.5,,0,,
555257,F,False,True,usa,new york,JFK,30,,,3.0,1.0,1237.0,985.9725,1.0,5.0,0.6666666666666666,1,3.0,
555275,F,False,False,usa,chicago,UGN,61,,,2.0,1.0,544.0,494.03,1.0,1.5,0.5,0,2.0,
555301,F,True,True,usa,des moines,DSM,47,,1.0,3.0,1.0,2409.0,741.77,1.25,2.75,0.6666666666666666,0,3.0,
555418,F,True,False,usa,jacksonville,JAX,77,,,,,,,,,,0,,
555478,F,False,False,usa,new york,LGA,32,,,3.0,1.3333333333333333,3627.0,2623.7065000000002,1.0,4.333333333333333,0.3333333333333333,0,3.0,
555484,F,False,False,usa,el paso,BIF,41,,1.0,4.0,1.0,6023.0,1454.2,1.0,4.6,0.75,0,4.0,Accor
555492,F,False,False,usa,atlanta,ATL,52,1.0,,1.0,1.0,178.0,460.1,1.0,1.0,1.0,0,1.0,
555499,F,True,True,canada,montreal,YMX,45,,1.0,3.0,1.0,2315.0,1362.5500000000002,1.0,3.25,1.3333333333333333,0,3.0,Extended Stay 
555521,F,True,False,usa,tulsa,TUL,51,,,2.0,1.0,7655.0,681.7975,1.0,12.5,0.5,0,2.0,
555587,F,True,False,usa,miami,OPF,38,1.0,1.0,2.0,1.0,2522.4,1801.9499999999998,1.3333333333333333,3.3333333333333335,0.3333333333333333,0,3.0,
555648,M,False,False,usa,austin,AUS,43,,,5.0,1.2,2475.6,2618.964,1.2,3.0,0.4,0,5.0,
555656,F,False,False,usa,new york,JFK,33,,,,,,,,,,0,,
555710,F,True,False,canada,toronto,YZD,49,,1.0,2.0,2.0,4348.0,1151.1399999999999,2.0,5.333333333333333,1.0,0,2.0,
555773,F,False,False,usa,minneapolis,MSP,24,,,,,,,,,,1,,
555784,M,True,True,usa,oklahoma city,TIK,37,,1.0,2.0,1.5,4738.0,1380.3400000000001,1.3333333333333333,6.0,0.0,0,2.0,
555818,F,False,False,usa,cleveland,CLE,25,,,,,,,,,,0,,
555850,F,True,True,usa,memphis,MEM,52,,,2.0,1.0,942.0,338.83,1.0,4.5,1.0,0,2.0,
555894,F,True,False,usa,birmingham,BHM,48,1.0,,3.0,1.25,817.1,1475.16,1.3333333333333333,1.6666666666666667,0.75,0,3.0,
555934,M,False,False,canada,quebec,YQB,37,,,3.0,1.0,1205.0,933.9200000000001,1.0,2.0,0.6666666666666666,0,2.0,
555960,F,True,False,usa,colorado springs,COS,70,,,,,,,,,,0,,
555997,F,False,False,canada,montreal,YUL,44,1.0,,6.0,1.0,3852.1,2233.69,1.0,2.3333333333333335,0.2857142857142857,0,7.0,
556019,F,True,False,usa,indianapolis,IND,59,,,3.0,1.0,1018.0,801.83,1.0,2.6666666666666665,0.3333333333333333,0,3.0,Rosewood
556138,F,False,False,usa,tulsa,TUL,39,,1.0,3.0,1.0,1565.0,781.38,1.0,3.75,0.6666666666666666,0,3.0,
556214,F,False,False,usa,houston,HOU,49,,,2.0,2.0,580.5,4644.150000000001,2.0,2.5,0.5,0,2.0,
556215,F,False,False,usa,houston,IAH,59,,,2.0,1.0,480.0,837.4200000000001,1.0,5.0,1.0,0,1.0,
556395,F,False,False,canada,edmonton,YED,20,,,,,,,,,,0,,
556417,M,True,True,usa,dallas,DAL,32,,,,,,,,,,0,,
556621,F,False,False,canada,toronto,YKZ,59,,1.0,,,2736.0,,3.0,4.0,,0,,
556622,F,True,False,usa,los angeles,LAX,55,2.0,,2.0,1.5,2172.0,5471.65,2.0,3.0,0.5,0,4.0,
556623,F,True,False,usa,newark,EWR,41,,,1.0,1.0,177.0,297.12199999999996,1.0,3.0,1.0,1,1.0,
556647,F,False,False,canada,ottawa,YOW,48,,,2.0,1.0,2347.0,884.331,1.0,2.5,0.5,0,2.0,
556714,F,False,False,usa,memphis,MEM,40,,,2.0,1.5,441.0,968.9739999999999,1.5,1.0,0.0,0,2.0,
556830,F,True,False,usa,new york,JFK,53,1.0,2.0,,1.0,3568.9,168.18,1.5,6.5,0.0,0,1.0,
556841,F,False,True,canada,toronto,YKZ,36,1.0,1.0,1.0,1.0,396.0,698.02,1.0,2.5,0.0,0,2.0,
556900,F,False,False,usa,new york,JFK,20,,1.0,,,153.60000000000002,,1.0,2.0,,0,,
556904,F,True,False,usa,los angeles,LAX,60,,,3.0,1.0,2838.0,1157.644,1.0,4.0,0.6666666666666666,0,3.0,Choice Hotels
557005,M,False,True,canada,hamilton,YHM,52,,1.0,3.0,1.3333333333333333,5569.0,9616.9,1.0,6.5,1.0,0,3.0,
557010,F,False,False,usa,salt lake city,SLC,20,,,,,,,,,,0,,
557033,F,True,False,usa,milwaukee,MKE,58,,,3.0,1.0,2016.0,634.36,1.0,3.0,0.6666666666666666,0,3.0,
557118,F,False,False,usa,dallas,DAL,42,,,5.0,1.0,1436.2,1493.734,1.0,2.2,0.6,0,5.0,
557134,F,True,False,usa,washington,IAD,59,,3.0,2.0,1.0,13624.0,244.65,1.6,6.8,0.5,0,2.0,Rosewood
557236,F,True,False,usa,los angeles,LAX,56,,,4.0,1.25,1361.0,4465.33,1.25,1.75,0.25,0,4.0,
557262,F,True,True,usa,los angeles,LAX,28,,1.0,2.0,1.0,3094.0,869.43,1.0,7.0,0.0,1,2.0,
557298,F,False,False,canada,calgary,YYC,48,,,2.0,1.5,1056.0,796.55,1.5,3.0,0.0,0,2.0,
557307,O,True,True,usa,st. louis,STL,50,,,1.0,1.0,226.0,464.45,1.0,2.0,0.0,0,1.0,
557314,F,True,False,usa,houston,IAH,48,,,4.0,1.5,4315.0,3292.1515000000004,1.5,2.25,0.75,0,4.0,
557343,F,False,False,usa,new york,LGA,44,,,1.0,1.0,73.95,95.52,1.0,1.0,0.0,0,1.0,
557449,F,False,False,usa,san antonio,SAT,40,,,1.0,1.0,126.0,509.96,1.0,1.0,1.0,0,1.0,
557476,M,False,False,usa,seattle,SEA,49,,,3.0,1.0,2834.0,1578.52,1.0,5.0,0.3333333333333333,0,3.0,
557492,M,False,True,usa,chicago,MDW,27,,1.0,1.0,1.0,7444.0,252.54,1.0,5.0,0.0,0,1.0,
557508,F,False,False,usa,san jose,SJC,36,,,4.0,1.25,1278.4,5122.352,1.25,2.0,0.75,0,4.0,
557525,M,False,True,canada,toronto,YYZ,44,,,3.0,1.0,625.0,807.97,1.0,1.0,0.6666666666666666,0,3.0,Hilton
557562,F,True,False,usa,new york,JFK,40,,2.0,3.0,1.0,7865.1,984.29,1.4,8.0,0.3333333333333333,0,3.0,Four Seasons
557643,F,False,False,canada,vancouver,YVR,48,1.0,,2.0,1.0,1882.0,1385.19,1.0,6.0,0.0,0,2.0,
557726,F,True,False,usa,des moines,DSM,52,1.0,,,1.0,,223.70999999999998,,,0.0,1,1.0,
557815,F,True,False,usa,louisville,LOU,51,,1.0,2.0,1.0,2029.1,573.38,1.0,4.333333333333333,0.5,1,2.0,
557834,F,False,False,usa,los angeles,LAX,19,,,1.0,1.0,146.0,98.17,1.0,2.0,1.0,1,1.0,
557851,F,True,False,usa,philadelphia,PHL,48,,,4.0,1.75,4582.05,7712.799999999999,1.75,3.75,1.75,0,4.0,Crowne Plaza
557876,F,False,False,usa,grand rapids,GRR,41,1.0,,2.0,1.3333333333333333,681.5,1740.54,1.5,1.0,0.0,0,2.0,
557963,F,True,False,usa,newport news,PHF,48,,,2.0,1.0,551.0,216.83,1.0,4.0,0.0,1,2.0,
557986,F,False,False,usa,san jose,SJC,19,,,2.0,1.0,1060.0,669.9000000000001,1.0,3.0,1.0,0,2.0,
558019,F,True,False,canada,london,YXU,40,,,2.0,1.0,934.0,526.73,1.0,2.0,0.5,0,2.0,
558081,M,True,False,usa,austin,AUS,52,,,3.0,1.0,1530.0,911.16,1.0,5.333333333333333,0.0,0,3.0,
558138,F,False,False,usa,dallas,DAL,37,,,4.0,1.0,2395.0,1407.093,1.0,2.25,0.75,0,3.0,Rosewood
558202,F,False,False,usa,san diego,SAN,19,1.0,1.0,1.0,2.0,4660.0,3974.499,2.0,3.0,0.0,0,2.0,
558300,F,False,True,usa,san diego,SAN,41,,,3.0,1.3333333333333333,669.0,3811.44,1.3333333333333333,1.6666666666666667,0.6666666666666666,0,3.0,
558388,F,True,True,usa,houston,HOU,42,,1.0,3.0,1.6666666666666667,1577.8,3411.3615,1.5,2.75,1.3333333333333333,0,3.0,
558394,F,True,False,usa,memphis,MEM,58,,,2.0,1.0,2178.0,627.1700000000001,1.0,6.0,1.0,0,2.0,
558506,F,True,True,usa,new york,LGA,57,,,2.0,1.0,681.0,162.405,1.0,1.5,0.5,0,2.0,
558651,F,True,True,usa,philadelphia,PNE,46,1.0,,1.0,1.0,159.0,114.20599999999999,1.0,1.0,1.0,0,2.0,
558682,F,True,True,usa,laredo,LRD,45,,1.0,2.0,1.0,947.6,930.3199999999999,1.0,3.0,0.5,0,2.0,
558774,F,True,False,canada,london,YXU,46,1.0,,1.0,1.0,153.0,753.3299999999999,1.0,1.0,0.5,0,2.0,
558786,F,True,True,usa,houston,EFD,41,1.0,,2.0,1.0,762.0,994.35,1.0,3.5,0.0,0,3.0,
558852,F,False,True,usa,austin,AUS,60,,,,,,,,,,0,,
558966,F,True,True,usa,austin,AUS,46,,,3.0,1.3333333333333333,641.0,898.5905,1.3333333333333333,1.6666666666666667,0.3333333333333333,0,3.0,
559094,F,True,True,canada,vancouver,YVR,54,,1.0,,,1652.0,,2.0,2.0,,0,,
559146,F,True,True,canada,montreal,YHU,36,1.0,2.0,1.0,1.0,2957.0,566.78,1.0,5.666666666666667,0.5,0,2.0,
559176,F,True,True,usa,columbus,LCK,66,,1.0,1.0,1.0,818.0,489.89700000000005,1.0,2.5,0.0,0,1.0,
559194,F,True,False,canada,victoria,YYJ,61,,,2.0,1.0,1294.0,1021.8000000000001,1.0,6.0,0.5,0,2.0,
559226,F,True,True,usa,rochester,ROC,40,,,1.0,1.0,172.0,85.06,1.0,1.0,0.0,0,1.0,
559228,M,False,False,usa,chicago,ORD,60,,,1.0,1.0,504.0,505.98,1.0,3.0,1.0,0,1.0,
559345,F,False,False,canada,toronto,YKZ,40,1.0,1.0,,1.0,5792.0,102.16,2.0,8.0,0.0,0,1.0,
559368,F,False,True,usa,atlanta,ATL,50,,,3.0,1.0,1616.0,1386.2024999999999,1.0,2.3333333333333335,1.3333333333333333,0,2.0,
559407,F,True,False,usa,chicago,UGN,55,,,4.0,1.25,2640.4,1265.5520000000001,1.25,4.5,0.75,0,4.0,
559441,F,True,False,usa,montgomery,MXF,68,1.0,1.0,,1.0,453.0,165.17,1.0,3.0,1.0,0,1.0,
559461,F,True,True,usa,new york,JFK,27,,,,,,,,,,0,,
559465,F,False,False,usa,los angeles,LAX,19,,,,,,,,,,0,,
559468,F,False,False,usa,des moines,DSM,32,,1.0,1.0,1.0,2446.0,314.62,1.0,7.0,1.0,0,1.0,
559473,F,False,False,usa,new york,LGA,44,,,3.0,1.0,728.0,958.4580000000001,1.0,2.3333333333333335,0.3333333333333333,0,3.0,
559547,F,True,False,usa,dallas,DAL,70,,1.0,,,184.5,,2.0,3.0,,0,,
559661,F,False,False,canada,toronto,YZD,24,,,,,,,,,,1,,
559712,F,False,False,canada,toronto,YZD,42,,,3.0,1.0,1767.85,936.25,1.0,3.3333333333333335,1.0,0,3.0,
559775,F,True,False,usa,san antonio,RND,49,,,3.0,1.0,2302.3,583.6700000000001,1.0,3.6666666666666665,1.0,0,3.0,
559787,F,True,False,usa,los angeles,LAX,54,2.0,,2.0,1.25,1344.0,7772.33,1.0,5.0,0.75,0,3.0,
559846,F,True,True,usa,los angeles,LAX,59,,,1.0,1.0,1407.6000000000001,619.242,1.0,4.0,0.0,0,1.0,
560015,F,False,False,usa,boston,BOS,19,,,1.0,1.0,228.0,615.08,1.0,3.0,1.0,0,1.0,
560035,F,False,False,usa,san diego,NZY,53,,,2.0,1.0,1987.0,645.99,1.0,6.0,1.0,0,2.0,
560065,F,True,False,usa,san jose,SJC,52,,2.0,2.0,1.0,3355.0,1110.314,1.25,5.5,0.5,0,2.0,
560078,F,True,False,usa,nashville,BNA,58,1.0,,2.0,1.0,302.4,1029.87,1.0,1.5,1.0,0,3.0,
560085,F,True,True,usa,fresno,FAT,49,1.0,,3.0,1.25,4644.0,3220.09,1.3333333333333333,5.666666666666667,0.5,1,4.0,
560090,F,False,False,usa,new york,LGA,32,,1.0,2.0,1.0,1091.0,298.81,1.0,3.0,0.5,0,2.0,
560279,F,False,False,usa,el paso,ELP,68,,,,,,,,,,0,,
560374,F,True,False,usa,new york,LGA,47,,1.0,4.0,2.25,3142.0,12247.8905,2.0,4.0,0.5,0,4.0,
560495,F,True,False,usa,los angeles,LAX,69,,,,,,,,,,0,,
560519,F,False,False,usa,riverside,RAL,53,1.0,,1.0,1.0,847.0,697.72,1.0,7.0,0.0,0,2.0,
560529,F,False,False,usa,san diego,NZY,19,,1.0,,,1568.0,,2.0,8.0,,0,,
560627,F,False,False,usa,bakersfield,BFL,43,,,2.0,1.0,910.0,819.0915,1.0,5.0,1.0,1,2.0,
560672,F,False,False,usa,los angeles,LAX,34,,,3.0,1.0,2437.3,899.0799999999999,1.0,3.3333333333333335,0.3333333333333333,0,3.0,
560680,F,True,True,usa,washington,IAD,50,,,,,,,,,,1,,
560733,F,True,False,usa,indianapolis,IND,54,,1.0,3.0,1.6666666666666667,2313.0,4031.1299999999997,1.5,2.75,1.0,0,3.0,
560739,F,True,True,usa,columbus,LCK,39,,,3.0,1.0,1483.0,648.3,1.0,2.6666666666666665,0.3333333333333333,1,3.0,
560747,F,True,False,usa,chicago,MDW,44,1.0,,3.0,1.25,1657.0,1605.29,1.3333333333333333,1.6666666666666667,0.25,0,4.0,
560796,F,True,False,canada,calgary,YYC,40,1.0,,1.0,1.0,1208.7,917.933,1.0,9.0,1.0,0,2.0,
560870,M,True,False,usa,spokane,SFF,56,1.0,,1.0,1.0,532.0,1083.52,1.0,4.0,0.5,0,2.0,
560897,F,False,False,usa,los angeles,LAX,55,,,3.0,1.0,433.0,1276.61,1.0,1.3333333333333333,1.0,0,3.0,
560929,F,True,True,usa,seattle,SEA,30,,1.0,1.0,1.0,369.0,495.75,1.0,2.0,1.0,0,1.0,
560948,F,False,False,usa,san diego,NZY,26,,,,,,,,,,0,,
560949,F,False,False,usa,lubbock,LBB,41,,1.0,1.0,3.0,4209.0,3637.1400000000003,3.0,6.5,2.0,0,1.0,
561013,F,True,False,usa,washington,DCA,45,1.0,1.0,1.0,1.0,7264.0,557.64,1.0,16.0,0.5,0,2.0,
561054,M,False,False,canada,winnipeg,YAV,27,,1.0,3.0,1.6666666666666667,922.2,3138.0299999999997,1.25,3.75,1.0,0,3.0,Wyndham
561156,F,True,False,usa,seattle,BFI,80,,,,,,,,,,0,,
561201,F,True,True,canada,montreal,YUL,61,1.0,1.0,1.0,3.5,744.0,4256.46,1.0,3.0,3.0,0,2.0,
561288,F,False,True,usa,laredo,LRD,49,,,,,,,,,,0,,
561326,F,False,False,usa,new orleans,MSY,39,,1.0,1.0,1.0,1537.1999999999998,137.14,1.0,6.0,1.0,0,1.0,
561367,F,True,False,usa,san diego,NZY,44,1.0,,1.0,1.0,165.0,785.79,1.0,3.0,0.5,0,2.0,
561386,F,False,True,usa,chicago,MDW,50,1.0,,3.0,1.0,2085.35,1034.77,1.0,4.0,0.75,0,4.0,
561699,F,False,False,usa,new york,JFK,20,,,1.0,1.0,963.0,380.04,1.0,3.0,0.0,0,1.0,
561837,F,True,False,usa,philadelphia,PNE,46,,1.0,1.0,1.0,852.0,722.26,1.0,4.0,0.0,0,1.0,
561908,F,False,False,canada,ottawa,YOW,36,,,1.0,2.0,812.0,512.12,2.0,1.0,0.0,2,1.0,
561945,F,False,False,canada,toronto,YKZ,29,,,1.0,1.0,103.0,463.70700000000005,1.0,1.0,1.0,0,1.0,
562032,F,False,False,usa,minneapolis,MSP,24,,2.0,,,3924.0,,1.5,7.5,,0,,
562042,M,True,True,canada,edmonton,YED,45,,,2.0,1.0,447.0,926.3365,1.0,1.0,0.5,0,2.0,Shangri-La
562108,F,False,False,usa,chicago,MDW,47,,,5.0,1.2,3417.0,1843.1,1.2,4.0,0.2,0,5.0,
562192,F,True,True,usa,las vegas,LSV,44,1.0,,2.0,1.0,272.0,871.65,1.0,1.0,1.3333333333333333,0,3.0,
562283,F,False,True,usa,anchorage,ANC,28,,1.0,,,367.2,,1.0,4.0,,0,,
562334,F,False,False,usa,mobile,BFM,44,,1.0,3.0,1.3333333333333333,1794.0,1902.75,1.25,3.5,0.6666666666666666,0,3.0,Extended Stay 
562338,F,True,False,usa,houston,EFD,47,,2.0,1.0,1.0,8680.0,245.51,1.3333333333333333,7.333333333333333,1.0,0,1.0,
562362,F,False,True,usa,fort worth,FTW,31,,,2.0,1.0,412.0,797.16,1.0,1.5,0.5,0,1.0,
562416,F,True,False,usa,dallas,DAL,37,,1.0,2.0,1.0,2243.0,722.444,1.3333333333333333,3.6666666666666665,0.5,0,2.0,
562417,F,True,False,usa,dallas,DAL,58,,,3.0,1.0,2552.15,852.45,1.0,4.333333333333333,0.3333333333333333,0,3.0,Hilton
562490,F,True,False,usa,new york,JFK,54,2.0,,1.0,1.3333333333333333,73.1,6972.94,1.0,1.0,1.0,0,3.0,
562516,F,False,False,usa,phoenix,LUF,19,,,,,,,,,,0,,
562585,F,False,False,usa,san diego,SAN,46,,,1.0,1.0,210.89999999999998,658.3405,1.0,1.0,0.0,0,1.0,
562641,F,False,True,usa,anchorage,EDF,43,,,1.0,1.0,385.6,893.08,1.0,2.0,0.0,0,1.0,
562648,F,False,True,usa,oklahoma city,OKC,45,,,3.0,1.3333333333333333,1593.0,1382.727,1.3333333333333333,4.0,0.6666666666666666,0,3.0,
562832,F,True,True,usa,bakersfield,BFL,36,2.0,1.0,2.0,1.5,7346.0,4017.5025,1.6666666666666667,3.6666666666666665,0.25,0,4.0,
562843,M,True,False,usa,san jose,SJC,57,1.0,,3.0,1.25,4450.0,1478.01,1.3333333333333333,2.6666666666666665,0.75,0,4.0,
562869,F,True,False,usa,new york,JFK,51,,,4.0,1.5,1578.0,3364.631,1.5,2.25,0.75,0,4.0,
562894,M,False,True,usa,miami,MIA,41,1.0,,1.0,1.0,61.0,1125.28,1.0,1.0,0.5,0,2.0,
563012,F,False,False,usa,chicago,ORD,26,,1.0,,,2300.4,,2.0,9.0,,0,,
563021,F,True,True,usa,corpus christi,CRP,52,,,1.0,1.0,402.0,499.4,1.0,1.0,0.0,0,1.0,
563100,F,False,False,usa,memphis,MEM,22,,,2.0,1.5,3562.0,782.5799999999999,1.5,3.5,0.5,0,1.0,
563148,F,False,False,usa,new york,JFK,33,,,3.0,1.0,2260.0,866.43,1.0,2.6666666666666665,0.6666666666666666,1,3.0,
563165,M,False,False,usa,colorado springs,COS,56,,,2.0,1.0,1773.0,405.3705,1.0,4.5,0.5,0,2.0,
563221,F,False,True,usa,riverside,RAL,41,,,4.0,1.25,2921.1,3337.5200000000004,1.25,2.25,0.25,0,4.0,
563253,F,False,False,usa,new york,JFK,34,,1.0,2.0,1.0,2062.5,503.88700000000006,1.3333333333333333,2.6666666666666665,1.0,0,2.0,
563266,F,False,False,canada,montreal,YMX,22,,,2.0,1.0,1423.0,725.9525,1.0,1.5,0.0,0,2.0,
563315,F,True,False,canada,calgary,YYC,50,,1.0,2.0,1.0,2277.8,686.54,1.0,4.333333333333333,1.0,0,2.0,Hilton
563340,F,True,False,usa,jacksonville,NCA,44,1.0,,1.0,1.0,54.0,969.7660000000001,1.0,1.0,0.5,0,2.0,
563343,F,True,False,usa,riverside,RIV,68,,1.0,1.0,1.0,953.4,278.37,1.0,3.0,1.0,0,1.0,
563375,F,True,True,usa,los angeles,LAX,67,1.0,1.0,1.0,2.0,2394.45,4041.3599999999997,1.5,7.0,0.5,0,2.0,
563410,F,True,True,canada,winnipeg,YWG,62,,,2.0,1.0,932.0,606.55,1.0,2.0,0.0,0,2.0,
563425,F,True,True,usa,el paso,BIF,65,,1.0,1.0,1.0,1844.4,534.77,1.0,5.0,0.0,0,1.0,
563482,F,False,False,usa,new york,JFK,56,,,2.0,1.0,1231.6,1245.7,1.0,2.5,0.0,0,2.0,
563507,F,True,False,usa,san francisco,SFO,40,1.0,,3.0,1.25,1186.0,2768.8235,1.0,2.0,1.0,0,3.0,
563588,F,True,True,usa,houston,EFD,44,1.0,,1.0,1.0,1263.5,819.535,1.0,14.0,0.5,0,2.0,
563592,M,False,False,usa,newark,EWR,39,,1.0,2.0,2.0,2749.0,6428.677000000001,2.0,4.333333333333333,0.0,0,2.0,
563679,F,False,True,usa,san diego,SAN,23,,,,,,,,,,0,,
563711,F,True,False,usa,riverside,RIV,47,,,3.0,1.0,422.0,1110.2615,1.0,2.0,0.6666666666666666,1,3.0,
563740,F,False,False,canada,winnipeg,YAV,31,,1.0,2.0,1.0,1494.0,787.546,1.0,2.6666666666666665,0.5,0,2.0,
563831,F,True,False,usa,providence,PVD,81,,,,,,,,,,1,,
563896,M,False,True,usa,jacksonville,NCA,46,,,1.0,1.0,154.0,97.35,1.0,2.0,1.0,1,1.0,
564052,F,False,True,usa,wichita,ICT,52,,,3.0,1.3333333333333333,1658.0,1352.02,1.3333333333333333,2.0,0.6666666666666666,0,3.0,
564101,F,False,False,usa,oklahoma city,OKC,19,,,,,,,,,,1,,
564112,F,False,False,usa,san diego,NZY,38,,,3.0,1.0,1424.0,1475.2235,1.0,2.3333333333333335,0.3333333333333333,0,3.0,
564182,M,False,False,usa,dallas,DAL,42,,,3.0,1.3333333333333333,713.6,1957.5600000000002,1.3333333333333333,1.3333333333333333,0.3333333333333333,0,3.0,Fairmont
564204,F,True,False,canada,toronto,YKZ,56,1.0,,4.0,1.4,2210.0,2511.62,1.5,2.25,0.6,0,5.0,Rosewood
564234,F,False,False,usa,grand rapids,GRR,47,1.0,,1.0,1.0,312.0,447.505,1.0,3.0,0.0,0,2.0,
564258,F,False,False,usa,rochester,ROC,19,,2.0,1.0,2.0,8342.0,1634.64,1.6666666666666667,7.666666666666667,0.0,0,1.0,
564306,F,False,False,usa,shreveport,SHV,44,1.0,1.0,2.0,1.0,2221.25,750.19,1.0,5.0,0.6666666666666666,0,3.0,
564312,F,True,False,usa,new york,LGA,46,,1.0,3.0,1.0,2641.0,857.3149999999999,1.0,4.25,0.3333333333333333,0,3.0,
564364,F,False,True,usa,omaha,OFF,57,,,1.0,2.0,3240.0,1440.24,2.0,10.0,1.0,0,1.0,
564369,F,True,True,usa,oakland,OAK,55,,,,,,,,,,0,,
564434,F,True,True,canada,hamilton,YHM,38,,,,,,,,,,0,,
564616,F,True,False,usa,houston,IAH,57,1.0,,1.0,1.0,1050.0,632.64,1.0,3.0,0.5,0,2.0,
564792,F,True,True,usa,new york,LGA,47,,1.0,1.0,1.0,1383.6,433.82,1.0,5.5,1.0,0,1.0,
564822,F,False,False,usa,miami,OPF,25,,,,,,,,,,0,,
564842,M,False,True,usa,indianapolis,IND,23,,,2.0,1.0,480.0,392.31,1.0,1.0,0.5,0,1.0,
564854,F,False,False,usa,new york,LGA,42,,1.0,1.0,1.0,988.0,72.53,1.0,2.5,1.0,0,1.0,
565056,F,False,False,usa,houston,IAH,20,,,,,,,,,,0,,
565131,F,True,False,canada,winnipeg,YAV,40,,,3.0,1.0,1619.0,692.8720000000001,1.0,2.3333333333333335,0.6666666666666666,0,3.0,
565212,F,False,False,usa,nashville,BNA,52,,,4.0,1.25,2233.0,1507.346,1.25,3.5,1.0,0,4.0,
565240,F,False,False,canada,vancouver,YVR,41,,,,,,,,,,0,,
565265,M,False,False,canada,quebec,YQB,29,,1.0,3.0,1.0,3824.0,1126.43,1.25,4.25,0.3333333333333333,1,3.0,
565275,F,True,True,usa,philadelphia,PNE,59,1.0,1.0,,1.0,218.0,600.0300000000001,1.0,2.0,1.0,0,1.0,
565294,F,False,False,usa,el paso,ELP,48,,1.0,4.0,1.0,3830.0,1027.766,1.0,4.6,0.75,0,4.0,Extended Stay 
565301,F,False,True,usa,new orleans,MSY,41,,,5.0,1.2,3608.0,3624.1184999999996,1.2,2.2,0.4,0,4.0,
565348,F,True,False,usa,colorado springs,COS,58,,1.0,,,2670.0,,1.0,15.0,,0,,
565365,M,False,True,usa,memphis,MEM,53,,,1.0,1.0,1928.0,234.44,1.0,8.0,1.0,0,1.0,
565377,F,False,False,usa,orlando,ORL,45,,1.0,3.0,1.0,4339.0,1156.3514999999998,1.25,5.5,0.6666666666666666,0,3.0,Crowne Plaza
565387,F,False,False,usa,new york,JFK,23,1.0,,1.0,1.5,176.0,9086.77,1.0,1.0,0.5,0,2.0,
565467,F,False,False,usa,las vegas,LAS,29,,1.0,2.0,1.0,2306.0,498.04,1.0,5.0,0.0,0,2.0,
565487,F,False,False,canada,halifax,YHZ,20,,,,,,,,,,0,,
565508,F,False,True,usa,dallas,DAL,48,,,,,,,,,,0,,
565514,F,False,False,canada,hamilton,YHM,50,1.0,,3.0,1.75,559.0,2255.1,1.3333333333333333,1.6666666666666667,0.75,0,4.0,
565565,F,True,True,usa,chicago,MDW,61,1.0,1.0,1.0,1.0,1088.0,457.929,1.0,5.0,0.0,1,1.0,
565582,F,True,True,usa,anchorage,ANC,29,,,2.0,1.0,1052.0,1475.9989999999998,1.0,6.0,0.5,0,2.0,
565601,M,True,True,usa,austin,AUS,52,,,,,,,,,,0,,
565718,F,False,False,usa,san antonio,RND,53,,1.0,3.0,1.0,1646.0,786.64,1.25,2.75,1.0,0,3.0,
565755,M,False,False,usa,newark,EWR,34,,,1.0,1.0,456.0,205.317,1.0,1.0,0.0,0,1.0,
565841,F,True,True,canada,toronto,YYZ,45,,1.0,2.0,1.0,1010.0,896.44,1.0,4.0,0.0,0,2.0,
565902,F,False,True,usa,nashville,BNA,24,,,2.0,1.0,1298.0,221.29000000000002,1.0,3.5,0.0,0,2.0,
565910,F,False,False,canada,edmonton,YXD,31,1.0,,1.0,1.0,47.0,973.16,1.0,1.0,0.0,0,2.0,
565912,F,False,False,usa,philadelphia,PNE,56,1.0,1.0,,1.0,1008.0,623.205,2.0,4.0,0.0,0,1.0,
565915,F,False,True,usa,new york,LGA,19,,,1.0,2.0,208.0,1645.46,2.0,1.0,0.0,0,1.0,
565949,F,False,True,usa,los angeles,LAX,39,,1.0,3.0,1.0,3425.0,1430.1219999999998,1.0,5.75,1.0,0,3.0,Banyan Tree 
566002,F,True,False,usa,new york,JFK,70,,,,,,,,,,0,,
566044,M,True,True,usa,dallas,DAL,61,,,,,,,,,,1,,
566097,F,True,False,usa,long beach,LGB,68,,,,,,,,,,0,,
566152,F,False,False,usa,phoenix,LUF,42,2.0,,2.0,1.5,1200.0,5032.5165,1.0,4.5,0.25,0,4.0,
566173,F,False,True,usa,san francisco,SFO,47,,1.0,1.0,1.0,2260.0,727.25,1.0,8.0,0.0,0,1.0,
566174,M,True,True,usa,new york,LGA,49,,,3.0,1.0,1264.0,1002.0799999999999,1.0,4.333333333333333,0.6666666666666666,0,3.0,Hilton
566196,M,True,False,usa,shreveport,SHV,52,,1.0,2.0,1.0,6189.0,334.256,1.6666666666666667,5.0,0.5,0,2.0,
566312,F,False,False,canada,vancouver,YVR,20,,1.0,1.0,1.0,2142.0,292.185,1.5,4.0,1.0,0,1.0,
566336,F,True,False,canada,edmonton,YED,51,,,6.0,1.8333333333333333,1837.0,7552.392,1.8333333333333333,1.0,0.16666666666666666,0,5.0,Conrad 
566366,M,False,False,usa,grand rapids,GRR,39,,1.0,2.0,1.0,1387.0,860.75,1.0,3.3333333333333335,0.0,0,2.0,Wyndham
566424,F,True,False,usa,los angeles,LAX,40,,1.0,1.0,1.0,1636.0,551.9,1.0,4.0,0.0,0,1.0,
566455,F,False,True,usa,new york,LGA,45,,,4.0,1.25,3590.0,3559.58,1.25,2.5,0.75,0,4.0,
566456,M,False,True,usa,new york,LGA,35,,,,,,,,,,0,,
566489,M,False,False,usa,phoenix,LUF,51,1.0,,2.0,1.0,3704.0,698.05,1.0,4.0,1.0,0,3.0,
566533,F,False,False,usa,los angeles,LAX,23,,,,,,,,,,1,,
566592,F,True,False,usa,birmingham,BHM,64,,,,,,,,,,0,,
566614,F,False,False,usa,new york,JFK,31,,1.0,1.0,1.0,1414.0,477.61,1.0,6.0,1.0,0,1.0,
566625,F,True,True,usa,austin,AUS,50,,2.0,2.0,1.0,3234.5,503.09100000000007,1.0,4.0,0.0,0,2.0,Hyatt
566650,F,False,False,usa,new york,LGA,52,,,2.0,1.0,297.0,414.88,1.0,2.0,1.0,0,2.0,
566682,F,False,True,usa,spokane,GEG,54,1.0,,2.0,1.0,466.0,1446.55,1.0,1.0,0.3333333333333333,0,3.0,
566726,F,True,True,usa,portland,PDX,57,,,2.0,1.0,615.0,949.8299999999999,1.0,3.0,1.0,0,2.0,
566749,F,False,False,usa,chicago,MDW,23,,,,,,,,,,0,,
566762,F,True,True,usa,mobile,MOB,42,,1.0,4.0,1.0,4466.9,881.579,1.0,5.0,0.25,0,4.0,
566861,F,True,True,usa,indianapolis,IND,49,1.0,1.0,3.0,1.0,13275.0,1432.49,1.5,4.5,0.75,0,3.0,
566964,M,False,False,usa,new york,JFK,40,,1.0,2.0,1.0,1058.7,742.31,1.0,8.0,0.5,0,2.0,
566992,F,False,False,canada,ottawa,YOW,39,,,5.0,1.2,3393.3,1538.27,1.2,3.0,1.0,0,5.0,
566996,F,True,True,usa,dallas,DAL,32,1.0,,,1.0,,384.92,,,1.0,0,1.0,
566999,F,False,False,usa,las vegas,LSV,48,2.0,,,1.0,,690.26,,,0.0,1,1.0,
567061,F,True,True,usa,chicago,UGN,35,,,1.0,1.0,700.0,258.47,1.0,4.0,1.0,0,1.0,
567114,F,True,False,canada,ottawa,YOW,53,,,,,,,,,,0,,
567172,F,True,False,canada,hamilton,YHM,57,,,2.0,1.0,615.0,368.37,1.0,4.0,1.0,0,2.0,
567195,F,True,False,usa,corpus christi,CRP,45,,1.0,1.0,1.0,714.0,356.35,1.0,3.5,0.0,0,1.0,
567211,F,False,False,usa,tampa,MCF,47,,,2.0,1.0,874.0,637.35,1.0,2.0,0.5,0,2.0,
567256,F,True,False,canada,montreal,YMX,47,1.0,,4.0,2.2,4172.0,6753.87,1.75,2.25,0.6,0,5.0,
567342,F,False,True,usa,chicago,MDW,31,,1.0,,,369.0,,1.0,3.0,,0,,
567390,F,False,False,usa,los angeles,LAX,26,,,,,,,,,,0,,
567431,F,False,False,usa,new york,JFK,42,,,1.0,1.0,204.0,62.47,1.0,3.0,0.0,0,1.0,
567518,F,False,False,usa,new york,JFK,58,,1.0,2.0,1.0,4145.0,322.66999999999996,1.3333333333333333,4.666666666666667,0.5,0,2.0,
567548,F,True,False,usa,tucson,TUS,48,,,1.0,1.0,279.0,404.93,1.0,3.0,1.0,0,1.0,
567558,F,False,True,usa,honolulu,HNL,38,,1.0,1.0,1.0,815.1,786.74,1.0,3.5,0.0,0,1.0,
567563,F,True,False,usa,new york,LGA,47,2.0,,1.0,1.0,176.0,895.23,1.0,1.0,1.0,0,3.0,
567589,F,False,False,usa,chicago,ORD,29,,1.0,,,404.0,,1.0,4.0,,0,,
567682,F,False,False,canada,calgary,YYC,39,1.0,,2.0,1.0,665.4000000000001,1763.8899999999999,1.0,2.0,0.3333333333333333,0,1.0,
567824,F,False,True,canada,ottawa,YOW,37,,,,,,,,,,0,,
567849,F,True,False,usa,washington,IAD,43,,,4.0,1.0,1857.0,2034.3400000000001,1.0,2.25,0.5,0,4.0,
567885,F,False,True,canada,toronto,YZD,41,,1.0,2.0,1.0,1343.35,1046.14,1.0,3.0,1.5,0,2.0,
567906,F,False,False,usa,new york,JFK,42,1.0,,2.0,1.0,1317.0,826.1690000000001,1.0,3.0,0.3333333333333333,0,3.0,
567961,F,False,False,usa,philadelphia,PHL,29,1.0,,2.0,1.3333333333333333,1151.0,3808.08,1.5,2.5,0.6666666666666666,0,3.0,
568013,F,True,False,usa,nashville,BNA,43,,,3.0,1.3333333333333333,684.0,1499.8605,1.3333333333333333,1.6666666666666667,0.3333333333333333,0,2.0,
568060,F,False,True,usa,laredo,LRD,43,,2.0,2.0,1.0,2434.5,763.965,1.25,5.25,0.0,0,2.0,
568093,F,False,False,canada,toronto,YYZ,41,,,3.0,1.0,1319.0,827.3,1.0,2.6666666666666665,0.3333333333333333,0,3.0,
568101,F,True,True,canada,montreal,YUL,55,1.0,,3.0,1.0,795.0,2388.91,1.0,1.3333333333333333,0.5,0,3.0,
568105,F,False,True,usa,new york,LGA,42,,1.0,3.0,1.0,6025.0,572.02,1.0,6.0,0.3333333333333333,0,3.0,
568121,M,True,True,usa,chicago,MDW,43,,,2.0,2.0,1650.0,1763.6790000000003,2.0,1.0,1.5,0,2.0,Marriott 
568182,F,False,True,usa,jacksonville,JAX,40,,1.0,1.0,1.0,1738.0,252.9,1.0,4.0,1.0,0,1.0,
568258,F,False,False,usa,houston,IAH,26,,2.0,,,13438.0,,2.0,13.5,,0,,
568325,F,True,False,usa,houston,HOU,69,,,1.0,1.0,123.0,407.66,1.0,1.0,1.0,0,1.0,
568371,F,False,False,usa,akron,AKR,35,,,1.0,1.0,189.0,71.26,1.0,3.0,0.0,0,1.0,
568536,F,True,False,usa,los angeles,LAX,79,,,,,,,,,,0,,
568605,F,False,False,usa,new york,LGA,26,,1.0,,,1380.0,,2.0,5.0,,1,,
568641,F,True,False,usa,sacramento,SAC,47,,,1.0,1.0,440.0,21.78,1.0,4.0,1.0,0,1.0,
568696,F,True,True,usa,tulsa,TUL,51,1.0,,2.0,1.0,1704.0,711.28,1.0,5.5,0.6666666666666666,0,3.0,
568716,F,False,False,usa,kansas city,MCI,44,1.0,,4.0,1.4,2272.35,2132.551,1.5,4.5,1.0,0,5.0,
568773,F,True,True,usa,dallas,DAL,47,,,4.0,1.25,629.0,2011.53,1.25,1.25,0.5,1,4.0,Starwood 
568931,F,True,True,usa,detroit,DTW,46,1.0,,3.0,1.0,601.0,1296.1200000000001,1.0,2.0,0.5,1,4.0,Conrad 
568970,F,False,True,usa,las vegas,LAS,47,2.0,,,1.0,,400.74,,,0.5,0,2.0,
569031,F,False,False,canada,montreal,YMX,35,,,2.0,1.0,6121.0,2601.6715000000004,1.0,8.5,0.0,0,2.0,
569082,F,True,False,canada,montreal,YUL,50,1.0,,2.0,1.3333333333333333,1990.0,2814.03,1.5,7.0,0.6666666666666666,0,3.0,
569180,F,False,True,usa,washington,IAD,46,1.0,1.0,1.0,1.0,2640.0,1349.65,1.0,4.0,1.5,0,2.0,
569203,M,False,False,usa,jacksonville,NIP,42,,,1.0,1.0,136.0,493.22,1.0,2.0,0.0,0,1.0,
569236,F,True,False,usa,philadelphia,PNE,58,,1.0,3.0,1.3333333333333333,3360.0,1772.8300000000002,1.25,7.5,1.0,0,3.0,
569243,F,False,True,usa,louisville,LOU,40,,,2.0,1.0,1374.0,999.689,1.0,7.0,0.5,0,2.0,
569300,F,False,False,usa,washington,DCA,69,,1.0,3.0,1.3333333333333333,2021.2,2050.91,1.25,2.0,0.0,0,3.0,
569335,F,True,True,usa,chicago,UGN,38,,1.0,,,1380.0,,2.0,3.0,,0,,
569364,F,True,True,usa,fort worth,FTW,42,,1.0,2.0,1.5,1412.8,920.85,1.6666666666666667,2.3333333333333335,0.5,0,2.0,
569530,F,True,False,usa,charlotte,CLT,48,,,3.0,1.0,5420.0,1383.46,1.0,3.6666666666666665,0.6666666666666666,0,3.0,
569733,F,False,False,usa,dallas,DAL,51,,,4.0,1.25,1638.0,1385.6,1.25,1.75,0.5,0,4.0,
569754,F,True,False,usa,akron,AKR,40,2.0,,3.0,1.0,1337.0,536.4259999999999,1.0,2.3333333333333335,0.6,0,3.0,
569779,F,True,False,usa,columbus,CMH,46,,,2.0,1.0,5229.0,627.25,1.0,8.0,0.0,0,2.0,
569788,M,False,False,usa,atlanta,ATL,40,,1.0,1.0,1.0,1764.0,283.82,1.5,3.5,0.0,0,1.0,
569792,F,False,False,usa,tulsa,TUL,38,,,4.0,1.75,3476.0,1604.14,1.75,3.25,0.5,0,4.0,
569829,F,True,False,usa,chicago,ORD,41,,,5.0,1.0,2213.75,1554.9630000000002,1.0,1.6,1.0,0,3.0,Crowne Plaza
569832,F,True,False,usa,tacoma,TCM,35,,,1.0,1.0,749.0,595.15,1.0,7.0,1.0,0,1.0,
569863,F,False,False,usa,new york,LGA,41,1.0,,5.0,1.0,1871.0,2662.754,1.0,2.0,0.5,0,6.0,
569883,F,True,False,usa,nashville,BNA,53,,1.0,3.0,1.3333333333333333,3290.0,1254.02,1.25,3.25,0.3333333333333333,0,3.0,Radisson 
569920,F,True,False,usa,new york,LGA,36,,1.0,1.0,1.0,2445.0,391.78,1.5,4.5,0.0,0,1.0,
570215,F,False,False,usa,honolulu,HNL,48,1.0,,2.0,1.0,649.0,3794.4195,1.0,2.0,0.3333333333333333,0,1.0,
570242,F,False,False,usa,memphis,MEM,21,,,,,,,,,,0,,
570329,M,False,True,usa,jacksonville,LRF,28,,,,,,,,,,0,,
570330,F,True,False,usa,new york,LGA,57,2.0,1.0,,1.0,2384.0,663.95,1.0,16.0,0.5,0,2.0,
570418,F,False,False,canada,toronto,YKZ,41,1.0,,3.0,1.0,1544.0,1964.42,1.0,3.0,0.5,0,4.0,InterContinental 
570436,F,True,False,usa,san diego,SAN,46,,,2.0,1.0,282.0,240.57,1.0,1.0,0.5,0,2.0,
570439,F,False,False,usa,san antonio,RND,40,,,3.0,1.0,1332.2,870.98,1.0,2.6666666666666665,0.3333333333333333,0,3.0,
570600,F,True,False,usa,richmond,RIC,69,,,1.0,2.0,2830.0,10018.6,1.0,10.0,1.0,0,1.0,
570625,F,False,True,usa,new york,LGA,24,,,1.0,3.0,222.0,3343.5,3.0,1.0,0.0,0,1.0,
570626,F,True,False,usa,new york,LGA,51,,,4.0,1.0,764.0,1478.03,1.0,1.75,0.75,0,4.0,Wyndham
570639,F,False,False,usa,new york,JFK,34,1.0,,2.0,1.0,1335.1,1857.5,1.0,2.5,0.0,0,3.0,
570654,F,False,False,usa,el paso,BIF,35,,,1.0,1.0,169.0,504.45,1.0,1.0,0.0,0,1.0,
570683,F,False,False,usa,new york,LGA,50,,,4.0,1.25,2892.4,4314.87,1.25,2.75,1.0,0,3.0,
570692,F,False,False,usa,washington,IAD,37,,,2.0,1.0,366.0,691.71,1.0,2.5,0.0,0,2.0,
570693,F,False,False,canada,toronto,YTZ,59,1.0,1.0,1.0,1.0,1735.0,700.46,1.0,7.5,0.5,0,2.0,
570697,M,False,False,canada,calgary,YYC,19,,,1.0,1.0,237.0,474.29,1.0,3.0,0.0,0,1.0,
570713,F,False,False,usa,new york,JFK,52,1.0,,1.0,2.0,153.0,7591.18,1.0,1.0,1.5,0,2.0,
570746,F,False,False,usa,new york,JFK,44,1.0,1.0,1.0,1.0,8364.4,816.7199999999999,1.5,8.0,1.0,0,2.0,
570750,F,False,False,canada,ottawa,YOW,70,1.0,,,1.0,,89.81,,,1.0,1,1.0,
570821,F,True,True,usa,miami,TNT,43,,,3.0,1.0,884.0,1417.1889999999999,1.0,2.6666666666666665,0.6666666666666666,0,3.0,
570829,M,True,False,usa,baltimore,BWI,48,,,3.0,1.6666666666666667,7291.0,2705.2435,1.6666666666666667,3.3333333333333335,0.6666666666666666,0,3.0,
570837,F,False,False,canada,gatineau,YND,40,1.0,,4.0,1.2,2790.0,2185.87,1.25,2.75,0.4,0,5.0,
570928,F,False,False,usa,fresno,FAT,50,,,2.0,1.5,1360.0,3434.55,1.5,2.5,0.5,0,2.0,
570945,F,True,False,usa,phoenix,PHX,57,,,2.0,1.0,831.0,1064.9099999999999,1.0,2.5,0.0,0,2.0,
571084,F,True,False,usa,san diego,NZY,62,,2.0,2.0,1.5,3672.0,3330.919,1.25,3.5,0.5,0,2.0,
571208,F,True,True,usa,new york,JFK,36,,,,,,,,,,1,,
571233,F,False,False,usa,houston,HOU,46,,,1.0,1.0,1328.0,376.656,1.0,8.0,1.0,0,1.0,
571243,F,False,True,usa,portland,PDX,49,1.0,,,1.0,,445.81,,,1.0,1,1.0,
571300,M,True,False,usa,new york,JFK,50,,,2.0,1.0,1225.5,1022.9309999999999,1.0,3.0,0.5,1,2.0,
571348,F,True,False,usa,philadelphia,PNE,56,,2.0,1.0,1.0,4686.0,352.26,1.3333333333333333,5.0,0.0,0,1.0,
571454,F,True,False,usa,los angeles,LAX,39,,,3.0,1.3333333333333333,4211.0,3369.8199999999997,1.3333333333333333,3.0,0.0,0,3.0,
571523,F,True,False,usa,dallas,DAL,48,1.0,,2.0,1.0,765.3,1141.29,1.0,3.0,0.0,0,3.0,
571525,F,False,False,usa,charlotte,CLT,34,,1.0,3.0,1.3333333333333333,2053.0,1076.142,1.25,2.5,0.6666666666666666,0,3.0,
571553,M,True,True,usa,tucson,TUS,52,,1.0,4.0,1.25,7420.0,3414.861,1.4,5.4,0.5,0,3.0,
571566,F,False,False,canada,montreal,YUL,58,,,6.0,1.5,2590.0,6032.625,1.5,1.6666666666666667,0.6666666666666666,0,5.0,Best Western
571580,F,False,False,usa,omaha,OMA,31,1.0,,1.0,2.0,2574.0,2903.94,3.0,6.0,0.5,0,2.0,
571643,F,False,False,usa,houston,EFD,38,,,3.0,1.0,393.3,1086.788,1.0,1.3333333333333333,0.6666666666666666,0,3.0,
571819,F,True,False,usa,los angeles,LAX,52,,,3.0,1.0,607.0,1148.477,1.0,1.6666666666666667,0.3333333333333333,0,3.0,
571876,F,True,False,usa,houston,HOU,59,,1.0,2.0,2.0,2548.0,2242.7219999999998,1.6666666666666667,3.3333333333333335,0.5,0,2.0,
572133,F,True,False,usa,montgomery,MXF,75,,1.0,,,567.0,,1.0,7.0,,0,,
572176,M,False,False,usa,boston,BOS,74,,,1.0,1.0,184.0,121.28,1.0,2.0,0.0,0,1.0,
572214,F,True,False,usa,oakland,OAK,71,,,,,,,,,,0,,
572428,F,True,True,usa,omaha,OFF,43,,,2.0,1.0,840.0999999999999,594.78,1.0,3.5,0.0,0,2.0,
572489,F,True,True,usa,los angeles,LAX,47,1.0,1.0,,1.0,1988.0,236.42450000000002,2.0,7.0,0.0,1,1.0,
572502,F,True,False,usa,fresno,FAT,60,,1.0,2.0,1.0,1202.0,815.1700000000001,1.3333333333333333,2.0,1.0,0,2.0,
572529,F,True,False,usa,los angeles,LAX,65,,,2.0,1.0,274.0,371.58,1.0,1.5,0.0,0,2.0,
572554,F,False,False,usa,norfolk,NGU,56,2.0,2.0,4.0,1.1666666666666667,3759.0,2062.131,1.1666666666666667,3.3333333333333335,0.8333333333333334,0,6.0,
572578,F,False,False,canada,montreal,YUL,42,,,2.0,1.0,1391.4,348.8225,1.0,6.0,0.5,0,2.0,
572609,F,True,False,usa,kansas city,MCI,43,,1.0,2.0,1.0,925.0,686.0315,1.3333333333333333,2.6666666666666665,0.5,0,2.0,
572669,F,True,False,canada,winnipeg,YWG,53,,1.0,1.0,1.0,2556.8,192.71,1.5,5.0,0.0,0,1.0,
572728,F,False,True,usa,jacksonville,LRF,58,1.0,1.0,3.0,1.25,2856.0,2028.88,1.25,2.75,1.0,0,4.0,
572826,F,True,True,usa,houston,IAH,45,,1.0,1.0,1.0,1665.0,365.0,1.0,3.5,0.0,0,1.0,
572898,F,True,True,usa,norfolk,NGU,52,,1.0,1.0,1.0,2381.4,45.66,1.0,2.5,0.0,0,1.0,
572908,F,True,True,usa,new york,JFK,53,1.0,,4.0,1.0,2110.0,2462.6600000000003,1.0,2.75,0.8,0,5.0,Marriott 
572992,F,False,False,usa,phoenix,PHX,49,,,4.0,1.75,3799.0,8332.534,1.75,2.5,1.0,0,4.0,
573010,F,False,True,usa,new york,JFK,47,,,2.0,1.5,3618.0,861.046,1.5,3.5,0.5,1,2.0,
573011,F,True,False,usa,san antonio,SKF,45,,2.0,2.0,2.5,9608.0,5571.4,2.25,6.0,1.0,0,2.0,
573040,M,False,False,usa,portland,PDX,49,,,3.0,1.0,604.0,1603.1,1.0,1.6666666666666667,0.3333333333333333,0,3.0,
573086,F,False,True,usa,new york,LGA,47,,,2.0,1.0,2601.0,568.308,1.0,6.5,1.0,1,2.0,
573122,F,True,False,usa,new orleans,MSY,53,,,4.0,1.0,916.0,1107.99,1.0,2.5,0.25,0,3.0,Extended Stay 
573147,F,True,False,usa,chicago,ORD,44,,1.0,3.0,1.0,1899.0,830.6800000000001,1.0,3.5,1.3333333333333333,0,3.0,
573153,M,False,False,usa,los angeles,LAX,45,1.0,,2.0,1.0,676.0,1522.12,1.0,2.0,0.6666666666666666,1,3.0,
573189,F,True,False,usa,santa ana,SNA,53,,,4.0,1.0,1742.0,2472.2200000000003,1.0,3.75,1.0,0,3.0,Four Seasons
573191,M,False,False,usa,cleveland,CLE,40,,,2.0,1.0,1911.6,231.21699999999998,1.0,3.0,0.5,1,2.0,
573373,F,False,False,usa,madison,MSN,51,1.0,,1.0,1.0,142.0,430.825,1.0,2.0,0.5,0,2.0,
573423,F,False,False,usa,omaha,OMA,23,,,,,,,,,,0,,
573427,F,True,False,usa,winston-salem,INT,57,1.0,1.0,2.0,1.3333333333333333,2341.0,1515.5120000000002,1.0,6.0,1.3333333333333333,0,3.0,
573493,F,True,True,usa,el paso,BIF,50,,,3.0,1.0,644.7,1035.667,1.0,2.6666666666666665,0.6666666666666666,0,3.0,
573564,F,False,False,usa,cleveland,CLE,29,2.0,,3.0,1.0,1288.0,1218.63,1.0,4.0,0.2,0,5.0,
573584,M,True,False,usa,oklahoma city,OKC,40,,,1.0,1.0,233.7,189.09,1.0,3.0,0.0,0,1.0,
573588,F,False,False,canada,vancouver,YVR,42,,,4.0,1.0,1002.4000000000001,1934.13,1.0,1.5,0.5,0,4.0,
573621,F,True,True,usa,knoxville,TYS,51,,,4.0,1.25,1743.0,1252.004,1.25,2.5,0.25,0,4.0,InterContinental 
573670,F,False,False,usa,phoenix,LUF,34,,2.0,3.0,1.0,2701.0,1183.797,1.0,4.8,0.6666666666666666,1,3.0,Conrad 
573720,F,False,False,canada,vancouver,YVR,48,,,3.0,1.0,873.0,1881.06,1.0,3.0,0.3333333333333333,0,2.0,
573792,F,False,False,usa,denver,DEN,47,,,1.0,1.0,207.0,444.44,1.0,1.0,2.0,0,1.0,
573807,F,True,True,usa,milwaukee,MKE,38,,,2.0,1.0,1026.0,692.92,1.0,2.0,0.5,0,2.0,
573841,F,True,True,usa,sacramento,MCC,46,,1.0,1.0,1.0,3575.0,734.88,1.5,4.5,0.0,0,1.0,
573926,F,False,True,usa,colorado springs,COS,26,,,,,,,,,,0,,
573931,F,False,False,canada,toronto,YZD,19,,,3.0,1.3333333333333333,1328.6,2947.18,1.3333333333333333,2.0,1.0,0,3.0,
573988,F,True,True,usa,houston,HOU,50,,,3.0,1.0,1688.0,1064.38,1.0,6.666666666666667,0.0,0,3.0,
574150,M,True,False,usa,columbus,LCK,57,1.0,,2.0,1.3333333333333333,827.0,2007.1260000000002,1.5,2.5,0.6666666666666666,0,3.0,
574206,F,True,True,usa,phoenix,PHX,38,,1.0,1.0,1.0,1064.0,351.35,1.0,2.5,0.0,0,1.0,
574465,F,True,False,usa,chicago,MDW,34,,,3.0,1.3333333333333333,2166.0,701.21,1.3333333333333333,2.0,0.3333333333333333,0,3.0,
574467,M,True,True,usa,san antonio,RND,47,1.0,,3.0,1.0,2348.0,1272.66,1.0,2.6666666666666665,0.75,0,4.0,
574489,F,True,True,usa,rochester,ROC,54,,,2.0,1.0,976.0,928.09,1.0,2.0,1.0,0,2.0,
574493,F,True,False,usa,indianapolis,IND,39,,,3.0,1.3333333333333333,2006.0,521.712,1.3333333333333333,3.6666666666666665,1.0,0,3.0,
574513,F,False,False,usa,houston,HOU,47,2.0,,2.0,1.0,1258.0,1768.11,1.0,4.0,0.5,0,4.0,
574603,F,True,True,usa,indianapolis,IND,44,,1.0,3.0,1.3333333333333333,3264.1,1590.7599999999998,1.25,4.0,0.3333333333333333,0,3.0,
574625,F,True,False,usa,las vegas,LAS,53,1.0,,3.0,1.0,2876.0,1401.35,1.0,5.333333333333333,0.5,0,4.0,
574680,F,False,False,canada,toronto,YYZ,43,,1.0,1.0,1.0,2476.0,545.5469999999999,1.0,4.0,1.0,0,1.0,
574885,F,False,False,usa,las vegas,LSV,39,,,1.0,1.0,243.0,158.517,1.0,3.0,0.0,0,1.0,
574987,F,True,True,usa,new york,LGA,44,,,1.0,1.0,783.0,40.432,1.0,9.0,1.0,0,1.0,
575092,F,False,False,canada,london,YXU,27,,1.0,,,1836.0,,2.0,6.0,,0,,
575131,F,False,False,canada,windsor,YQG,40,,,3.0,1.0,751.0,335.46000000000004,1.0,1.3333333333333333,0.6666666666666666,0,3.0,
575208,F,False,False,usa,san diego,NZY,42,,,1.0,2.0,1080.0,1184.14,2.0,2.0,0.0,0,1.0,
575253,M,True,True,canada,ottawa,YOW,46,1.0,,2.0,1.0,424.0,894.681,1.0,1.5,0.6666666666666666,0,2.0,
575433,F,True,False,usa,los angeles,LAX,58,,1.0,2.0,1.0,3133.0,1090.33,1.0,2.6666666666666665,1.0,0,2.0,NH Hotel 
575459,F,False,False,usa,laredo,LRD,57,,,4.0,1.5,4676.0,2488.4979999999996,1.5,3.75,0.5,0,3.0,
575500,M,False,False,usa,san diego,NZY,54,,,2.0,1.0,473.0,1218.6399999999999,1.0,1.0,0.0,0,2.0,
575528,F,True,False,usa,phoenix,PHX,56,,,2.0,1.0,3676.0,668.1,1.0,4.0,0.0,0,2.0,
575677,F,True,False,canada,toronto,YYZ,45,,1.0,4.0,1.0,5385.0,669.581,1.2,4.4,0.25,0,4.0,Aman Resorts
575756,F,False,False,usa,colorado springs,COS,40,,1.0,1.0,1.0,855.0,349.94,1.0,3.0,0.0,1,1.0,
575823,F,True,False,usa,new york,JFK,44,,,1.0,2.0,242.0,2712.516,2.0,1.0,0.0,0,1.0,
575868,F,True,False,usa,dallas,DAL,68,1.0,,1.0,1.0,86.7,846.52,1.0,1.0,1.0,0,2.0,
575964,F,True,False,usa,kansas city,MCI,60,,,,,,,,,,0,,
575971,F,False,False,usa,chicago,MDW,54,,,5.0,1.0,3599.9,1634.1200000000001,1.0,4.0,0.8,0,5.0,
576159,F,True,True,usa,new york,LGA,30,,1.0,1.0,1.0,1677.0,24.44,1.0,6.0,1.0,0,1.0,
576169,F,False,False,usa,dallas,DAL,41,1.0,,4.0,1.0,1619.25,1329.2,1.0,2.5,0.8,0,5.0,
576231,F,True,True,canada,toronto,YYZ,33,,1.0,1.0,1.0,1430.65,101.29,1.0,2.5,0.0,0,1.0,Choice Hotels
576272,F,False,True,usa,charlotte,CLT,42,1.0,,3.0,1.0,1815.0,1240.8585,1.0,2.3333333333333335,0.5,0,4.0,
576370,M,False,False,canada,edmonton,YXD,37,,,1.0,1.0,1065.0,487.34,1.0,5.0,1.0,1,1.0,
576373,F,False,False,canada,halifax,YHZ,50,,2.0,2.0,1.5,2543.0,1751.1115,1.25,6.25,1.0,0,2.0,
576663,F,True,True,usa,new york,JFK,45,,,1.0,1.0,272.0,13.68,1.0,1.0,0.0,0,1.0,
576668,F,False,False,usa,baton rouge,BTR,20,,,,,,,,,,0,,
576677,F,True,False,canada,toronto,YZD,54,,,3.0,1.0,997.0,285.217,1.0,2.0,0.6666666666666666,1,3.0,Hyatt
576691,F,True,True,canada,winnipeg,YWG,45,1.0,1.0,3.0,1.0,7093.1,1433.43,1.25,3.75,0.75,0,4.0,
576712,F,False,False,canada,toronto,YKZ,72,,1.0,,,1932.0,,1.0,12.0,,0,,
576765,F,False,False,canada,calgary,YYC,23,,,,,,,,,,1,,
576833,F,False,True,usa,san antonio,SAT,43,1.0,,3.0,1.0,572.0,1744.1675,1.0,1.6666666666666667,0.0,0,3.0,
576846,F,False,True,usa,grand rapids,GRR,22,,1.0,,,1992.0,,2.0,3.0,,0,,
576945,M,True,True,usa,orlando,MCO,51,,,1.0,1.0,124.0,643.99,1.0,1.0,1.0,0,1.0,
576985,F,True,False,usa,austin,AUS,42,,1.0,3.0,1.0,9884.0,991.7365,1.0,10.75,0.3333333333333333,0,3.0,
577007,F,True,False,usa,minneapolis,MSP,41,,2.0,1.0,1.0,2215.0,323.224,1.0,5.666666666666667,3.0,0,1.0,Crowne Plaza
577044,F,True,True,usa,chicago,UGN,56,1.0,,2.0,1.3333333333333333,536.25,1349.23,1.0,1.0,0.3333333333333333,0,2.0,
577089,F,True,True,usa,new york,JFK,66,1.0,,2.0,1.0,747.0,1285.59,1.0,2.0,0.6666666666666666,0,3.0,
577115,F,False,False,usa,indianapolis,IND,33,,1.0,3.0,1.0,3171.5,1079.4055,1.0,3.5,0.0,0,3.0,
577208,F,False,True,usa,tallahassee,TLH,46,,1.0,1.0,1.0,377.0,170.97,1.0,3.0,0.0,0,1.0,
577215,F,False,False,usa,jacksonville,NIP,33,,,1.0,1.0,488.0,291.0,1.0,2.0,0.0,0,1.0,
577216,F,True,True,usa,tucson,TUS,49,,2.0,2.0,1.0,2793.5,627.72,1.0,3.0,1.0,0,2.0,
577225,F,True,False,usa,amarillo,AMA,48,,,2.0,1.5,1179.0,1201.78,1.5,2.0,1.5,0,2.0,
577386,F,False,False,usa,houston,EFD,55,1.0,,1.0,1.5,534.0,1947.67,2.0,3.0,0.5,0,2.0,
577410,F,True,True,usa,milwaukee,MKE,37,,2.0,3.0,1.0,2152.4,462.2,1.2,3.8,1.0,0,3.0,
577541,F,False,False,usa,baltimore,BWI,36,,,2.0,1.0,586.8,382.17,1.0,2.5,1.0,1,2.0,
577598,F,False,False,usa,new york,JFK,55,,,3.0,1.0,1572.0,962.8499999999999,1.0,3.3333333333333335,0.3333333333333333,1,3.0,Wyndham
577626,F,True,True,usa,indianapolis,IND,47,,,4.0,1.0,1836.2,971.3505,1.0,2.75,0.5,0,4.0,
577643,F,False,False,usa,madison,MSN,21,,,,,,,,,,0,,
577667,F,True,False,usa,minneapolis,MSP,40,1.0,,,1.0,,242.14,,,0.0,0,1.0,
577682,M,False,False,usa,newport news,PHF,20,,,1.0,1.0,62.0,394.76,1.0,1.0,1.0,0,1.0,
577851,F,True,True,usa,santa ana,SNA,29,,,1.0,1.0,93.0,687.02,1.0,1.0,0.0,1,1.0,
577915,M,True,False,usa,chicago,UGN,47,,,4.0,1.0,5026.0,1299.8715,1.0,4.75,1.0,0,3.0,
577930,F,True,False,usa,columbus,LCK,48,,1.0,3.0,1.0,1758.25,539.41,1.0,2.25,0.3333333333333333,0,2.0,
578058,F,False,False,usa,wichita,IAB,33,,,1.0,1.0,140.0,379.88,1.0,1.0,1.0,0,1.0,
578088,F,False,False,usa,houston,HOU,43,1.0,,2.0,1.0,1118.0,827.57,1.0,2.0,0.0,0,3.0,
578120,F,True,False,usa,las vegas,LSV,62,,1.0,2.0,1.0,1500.0,1024.8,1.0,3.0,1.0,0,2.0,
578459,F,False,False,usa,san jose,SJC,41,2.0,,1.0,1.0,224.0,1280.34,1.0,2.0,0.6666666666666666,0,3.0,
578488,F,False,False,usa,chicago,ORD,54,,,2.0,1.0,615.0,158.7625,1.0,1.5,1.0,0,1.0,
578511,F,True,True,usa,buffalo,BUF,56,,,1.0,2.0,300.0,2642.5,2.0,2.0,0.0,0,1.0,
578824,M,False,False,usa,phoenix,PHX,35,,,5.0,1.0,1835.0,1865.12,1.0,2.4,0.4,0,5.0,
578872,F,False,False,usa,grand rapids,GRR,36,,,2.0,1.0,942.0,220.96049999999997,1.0,2.0,0.5,0,2.0,
578886,F,True,True,usa,new york,JFK,27,1.0,1.0,,2.0,348.0,1586.1,1.0,2.0,1.0,0,1.0,
578993,F,False,True,usa,houston,HOU,30,,,2.0,1.0,222.0,1032.06,1.0,1.0,0.0,0,2.0,
579040,F,True,False,canada,london,YXU,49,,,,,,,,,,0,,
579307,F,True,True,usa,nashville,BNA,56,1.0,,3.0,1.0,513.0,701.89,1.0,1.3333333333333333,0.75,1,4.0,
579503,F,True,False,usa,tucson,TUS,75,,,,,,,,,,0,,
579792,F,True,False,canada,toronto,YZD,48,,1.0,4.0,1.25,3357.3,1143.0774999999999,1.4,5.0,0.25,0,4.0,Hilton
579804,F,True,False,usa,baton rouge,BTR,57,,1.0,2.0,1.0,5853.5,304.05,1.0,4.0,1.0,0,2.0,Wyndham
579950,F,False,True,usa,baltimore,BWI,37,,1.0,4.0,1.0,4451.0,2053.6220000000003,1.0,5.2,0.5,0,3.0,
579971,F,True,False,usa,baltimore,BWI,80,,,,,,,,,,0,,
580211,F,False,False,usa,oklahoma city,TIK,41,,,6.0,1.0,4159.6,1716.289,1.0,3.8333333333333335,0.8333333333333334,0,5.0,
580212,F,False,False,usa,baltimore,BWI,47,,1.0,3.0,1.0,2541.0,893.4449999999999,1.0,2.75,0.3333333333333333,0,3.0,
580402,F,False,False,usa,las vegas,LAS,43,1.0,1.0,3.0,1.25,1720.0,3007.8399999999997,1.25,4.25,1.0,0,4.0,
580515,F,False,False,usa,corpus christi,CRP,49,,,3.0,2.0,2614.0,8015.383499999999,2.0,3.6666666666666665,0.6666666666666666,0,3.0,
580611,F,False,False,usa,new york,JFK,40,1.0,,3.0,1.0,890.4000000000001,1605.19,1.0,2.6666666666666665,0.25,0,4.0,Four Seasons
580622,F,True,False,canada,london,YXU,70,,,,,,,,,,0,,
580658,F,False,False,canada,windsor,YQG,48,,,3.0,1.0,789.1,655.61,1.0,2.3333333333333335,0.3333333333333333,0,3.0,
580895,F,True,False,usa,austin,AUS,74,,2.0,,,1970.0,,2.0,5.0,,0,,
580902,F,True,False,usa,philadelphia,PHL,56,,,2.0,1.0,1452.0,57.11,1.0,3.5,0.0,0,1.0,
581005,F,False,False,usa,el paso,ELP,47,1.0,,4.0,1.0,2873.0,2027.83,1.0,4.25,0.6,0,3.0,
581086,F,False,False,usa,los angeles,LAX,45,,,1.0,3.0,777.6,5936.247,3.0,2.0,0.0,0,1.0,
581120,F,False,False,canada,quebec,YQB,43,,,2.0,1.0,442.0,938.4200000000001,1.0,2.5,1.0,1,2.0,Choice Hotels
581239,M,False,True,usa,chicago,UGN,38,1.0,,1.0,1.0,225.0,532.29,1.0,5.0,1.0,0,2.0,
581343,F,False,False,canada,halifax,YAW,27,,,1.0,1.0,924.0,878.09,1.0,3.0,1.0,1,1.0,
581385,F,True,True,canada,calgary,YYC,52,,1.0,,,932.0,,1.0,4.0,,0,,
581491,F,False,False,usa,kansas city,MCI,20,,1.0,1.0,1.0,1830.0,380.41,1.0,5.0,0.0,1,1.0,
581577,M,True,False,usa,portland,PWM,40,,,2.0,1.0,297.0,880.3100000000001,1.0,1.0,0.5,0,2.0,
581595,F,False,True,canada,edmonton,YEG,19,,,,,,,,,,0,,
582038,F,False,False,usa,norfolk,NGU,31,,,2.0,2.0,2172.0,5927.660000000001,2.0,3.5,2.5,0,2.0,
582190,F,True,False,usa,new york,JFK,70,,,,,,,,,,0,,
582254,F,False,False,usa,indianapolis,IND,52,1.0,,3.0,1.0,3978.0,890.24,1.0,4.0,0.5,0,4.0,
582319,F,False,False,usa,denver,DEN,58,,,4.0,1.25,3102.2,9564.210000000001,1.0,4.25,0.75,0,3.0,
582320,F,True,False,canada,ottawa,YOW,59,,1.0,1.0,1.0,1224.0,653.76,1.5,3.5,0.0,0,1.0,
582326,F,True,False,usa,baltimore,BWI,47,,,4.0,1.0,1345.0,850.8100000000001,1.0,2.0,1.25,0,4.0,
582333,F,True,False,usa,san antonio,SKF,45,1.0,1.0,2.0,1.3333333333333333,2490.5,1107.69,1.3333333333333333,4.0,0.6666666666666666,0,3.0,Choice Hotels
582343,F,False,False,usa,tampa,MCF,37,,,2.0,1.0,539.0,979.15,1.0,1.5,1.0,0,2.0,
582446,F,False,True,usa,rochester,ROC,35,,1.0,1.0,1.0,801.5,387.75,1.0,3.0,1.0,1,1.0,
582586,F,True,False,usa,chicago,ORD,91,,,,,,,,,,0,,
582664,F,True,True,usa,anchorage,MRI,56,,,1.0,1.0,1029.0,933.5,1.0,3.0,0.0,0,1.0,
582723,F,True,True,usa,new york,LGA,50,,,4.0,1.25,5615.8,4986.416,1.25,4.25,0.25,0,3.0,
582729,F,True,True,usa,kansas city,MCI,64,,,,,,,,,,0,,
582768,F,True,False,usa,chicago,ORD,45,1.0,,4.0,1.2,9485.0,7890.61,1.0,4.5,0.4,0,5.0,Conrad 
582785,F,False,True,usa,stockton,SCK,56,,,6.0,1.0,1723.0,2729.9495,1.0,2.1666666666666665,0.3333333333333333,0,5.0,Best Western
582796,F,False,False,canada,toronto,YKZ,27,,1.0,,,5838.0,,2.0,21.0,,0,,
582801,F,True,False,usa,milwaukee,MKE,53,,,2.0,1.0,1738.0,365.953,1.0,4.0,0.5,1,2.0,
582828,F,False,False,usa,san antonio,SAT,32,2.0,,1.0,1.0,1497.6000000000001,1232.0,1.0,2.0,0.6666666666666666,0,3.0,
582833,F,False,False,usa,detroit,YIP,45,1.0,,1.0,4.0,668.0,3348.0,4.0,1.0,0.5,0,2.0,
582979,F,False,False,usa,reno,RNO,48,1.0,,5.0,1.0,1749.0,2604.426,1.0,2.8,0.5,0,5.0,NH Hotel 
583023,F,True,False,usa,cleveland,CLE,55,,1.0,2.0,1.0,13425.45,206.63,1.6666666666666667,3.6666666666666665,0.5,0,2.0,
583038,M,True,False,usa,chicago,MDW,47,1.0,,2.0,1.0,783.0,445.514,1.0,2.5,0.6666666666666666,0,3.0,
583052,F,False,False,usa,miami,MIA,44,,,4.0,1.25,1897.5,2274.8585000000003,1.25,3.25,0.75,0,4.0,Marriott 
583070,F,False,True,usa,new york,LGA,28,2.0,,1.0,1.3333333333333333,1050.0,2546.2400000000002,1.0,2.0,0.6666666666666666,0,3.0,
583166,F,False,True,usa,columbus,CMH,23,,,,,,,,,,1,,
583335,F,False,True,usa,san jose,SJC,20,,,2.0,1.5,618.3,2279.9300000000003,1.5,1.5,0.5,0,2.0,
583342,F,False,False,usa,riverside,RIV,68,,2.0,,,1430.6,,1.0,7.0,,0,,
583446,F,False,False,usa,los angeles,LAX,36,,1.0,3.0,1.6666666666666667,5982.0,5065.428,1.75,3.5,0.6666666666666666,0,3.0,Aman Resorts
583454,F,False,True,usa,montgomery,MXF,24,,,1.0,1.0,123.0,232.56,1.0,1.0,1.0,0,1.0,
583490,M,False,False,usa,los angeles,LAX,26,,1.0,,,1290.0,,1.0,6.0,,0,,
583499,F,False,False,canada,ottawa,YOW,50,,,3.0,2.0,1215.0,5564.736999999999,2.0,2.6666666666666665,1.6666666666666667,0,3.0,Radisson 
583664,F,True,False,usa,detroit,DET,50,,,2.0,1.0,240.0,329.33000000000004,1.0,1.0,0.5,0,2.0,
583759,F,False,True,usa,akron,AKR,39,,1.0,1.0,1.0,1810.0,115.02,1.0,5.0,0.0,0,1.0,Crowne Plaza
583931,M,False,False,usa,newark,EWR,50,,1.0,2.0,1.0,934.0,101.07,1.0,3.3333333333333335,0.5,0,2.0,
583955,F,False,False,usa,new york,LGA,29,,,,,,,,,,0,,
584001,F,False,False,canada,calgary,YYC,19,,,1.0,2.0,556.0,1565.3,2.0,1.0,1.0,0,1.0,
584012,F,True,True,usa,milwaukee,MKE,49,,,2.0,1.0,642.0,531.8,1.0,3.0,1.0,0,2.0,
584030,F,True,True,usa,chicago,ORD,55,,,4.0,1.0,933.0,1272.125,1.0,1.25,0.5,0,4.0,
584034,F,False,False,usa,new york,JFK,41,,,3.0,1.0,1165.6999999999998,1131.22,1.0,1.6666666666666667,1.0,0,3.0,
584115,F,False,True,usa,houston,IAH,38,,2.0,,,1166.0,,1.5,3.5,,1,,
584241,F,False,True,usa,charlotte,CLT,58,,2.0,,,1960.0,,2.0,3.0,,0,,
584288,F,False,False,usa,tallahassee,TLH,39,,,5.0,1.2,2006.2,2134.319,1.2,2.6,0.8,0,4.0,Extended Stay 
584525,F,False,False,usa,new york,LGA,52,2.0,1.0,4.0,1.1666666666666667,5412.0,2540.269,1.2,8.6,0.5,0,6.0,
584537,F,True,False,usa,el paso,BIF,51,1.0,1.0,3.0,1.0,890.6,863.06,1.0,1.5,0.5,0,4.0,
584787,F,True,False,usa,los angeles,LAX,67,,2.0,,,3876.0,,1.5,9.5,,1,,
584875,F,True,False,usa,las vegas,LAS,42,,,3.0,1.3333333333333333,4238.0,3263.15,1.3333333333333333,3.6666666666666665,0.6666666666666666,0,1.0,
584912,F,False,False,usa,tucson,DMA,39,1.0,,3.0,1.0,1471.0,1833.05,1.0,2.0,0.5,0,4.0,Rosewood
584977,M,False,False,usa,fort worth,FTW,48,,,3.0,1.3333333333333333,4180.0,2063.0634999999997,1.3333333333333333,3.0,0.3333333333333333,0,3.0,
584998,F,True,False,usa,lincoln,LNK,58,,2.0,2.0,1.0,2804.4,626.39,1.25,6.0,1.5,0,2.0,
585169,M,True,True,usa,los angeles,LAX,37,,,,,,,,,,0,,
585187,F,True,False,usa,philadelphia,PHL,59,,,3.0,1.0,474.6,917.133,1.0,1.6666666666666667,1.0,0,3.0,
585231,M,False,False,usa,new york,LGA,51,,,,,,,,,,0,,
585248,F,True,True,usa,el paso,ELP,50,,,1.0,1.0,121.0,394.55,1.0,1.0,0.0,0,1.0,
585250,F,False,False,usa,new york,JFK,49,,,,,,,,,,0,,
585310,F,False,False,canada,toronto,YZD,37,,,3.0,1.0,1976.0,1126.51,1.0,2.0,0.6666666666666666,0,3.0,
585361,F,False,True,usa,new york,LGA,24,,,,,,,,,,0,,
585492,F,False,False,usa,new york,LGA,47,,,1.0,1.0,120.0,613.989,1.0,2.0,0.0,0,1.0,
585522,M,True,False,usa,phoenix,LUF,70,,,,,,,,,,0,,
585583,F,False,True,usa,milwaukee,MKE,39,,,2.0,1.5,577.0,678.62,1.5,2.0,0.0,0,2.0,
585650,F,False,False,usa,portland,PDX,33,,1.0,1.0,1.0,3270.0,161.59,1.5,4.5,0.0,1,1.0,
585717,M,False,False,usa,houston,HOU,22,1.0,,1.0,1.0,300.0,789.69,1.0,3.0,0.0,0,2.0,
585768,F,False,True,usa,san francisco,SFO,46,,,1.0,1.0,544.0,742.71,1.0,2.0,1.0,0,1.0,
585832,F,False,False,canada,hamilton,YHM,52,,,2.0,1.0,533.0,528.82,1.0,2.0,1.0,0,2.0,Aman Resorts
585915,F,True,False,usa,los angeles,LAX,48,2.0,,1.0,1.3333333333333333,1544.0,1041.43,2.0,4.0,1.0,0,3.0,
585946,F,True,False,usa,akron,AKR,49,,1.0,1.0,1.0,1548.0,200.49300000000002,1.0,3.0,0.0,0,1.0,
586096,F,True,False,usa,chicago,ORD,49,,1.0,3.0,1.0,1296.3,1089.88,1.0,2.5,0.3333333333333333,0,3.0,
586257,M,False,False,usa,norfolk,NGU,22,,,,,,,,,,0,,
586270,F,False,True,usa,boston,BOS,37,,1.0,1.0,1.0,951.0,92.54,1.0,4.0,0.0,0,1.0,
586272,F,False,False,usa,colorado springs,COS,20,,,1.0,1.0,272.0,367.45,1.0,2.0,0.0,1,1.0,
586344,F,False,False,canada,edmonton,YED,20,,1.0,,,736.0,,1.0,16.0,,0,,
586357,F,False,False,usa,san diego,SAN,23,,,,,,,,,,0,,
586384,F,False,False,canada,toronto,YTZ,35,1.0,2.0,3.0,1.25,4597.950000000001,1046.656,1.0,5.2,0.5,0,3.0,
586458,F,True,False,usa,el paso,BIF,72,,,,,,,,,,0,,
586471,F,False,False,usa,philadelphia,PNE,50,,,1.0,1.0,152.0,23.25,1.0,1.0,1.0,0,1.0,
586637,F,True,False,usa,chicago,MDW,49,,1.0,3.0,1.6666666666666667,5874.5,1216.37,2.0,4.0,0.3333333333333333,0,3.0,
586644,F,True,False,usa,philadelphia,PNE,53,,1.0,2.0,1.0,1318.0,609.41,1.0,3.0,0.0,0,2.0,
586656,F,True,False,canada,toronto,YTZ,47,,,1.0,1.0,966.0,91.45,1.0,6.0,0.0,0,1.0,
586762,F,False,False,canada,montreal,YUL,38,,,3.0,1.3333333333333333,5819.0,2147.93,1.3333333333333333,6.333333333333333,0.3333333333333333,0,3.0,
586774,F,True,True,usa,new york,LGA,42,,,3.0,1.3333333333333333,1031.0,1160.344,1.3333333333333333,2.0,0.3333333333333333,0,3.0,
586811,F,False,True,usa,baltimore,BWI,44,2.0,,2.0,1.0,575.0,690.6800000000001,1.0,2.0,0.5,0,4.0,
586820,F,True,False,canada,toronto,YYZ,45,1.0,,3.0,1.75,8383.099999999999,1805.4499999999998,1.6666666666666667,7.0,0.25,0,3.0,
586829,F,False,False,usa,los angeles,LAX,19,,,,,,,,,,0,,
586850,F,False,False,canada,hamilton,YHM,47,,,4.0,1.0,1248.0,1213.7,1.0,1.5,0.5,0,4.0,
586876,F,False,True,canada,toronto,YZD,36,,1.0,3.0,1.0,4780.0,336.504,1.25,5.25,0.6666666666666666,0,3.0,
586953,F,False,True,usa,memphis,MEM,42,1.0,1.0,2.0,1.0,1712.0,922.68,1.0,4.0,0.6666666666666666,0,3.0,
587470,F,True,True,usa,indianapolis,IND,58,,,1.0,1.0,598.5,198.72,1.0,6.0,0.0,0,1.0,
587483,F,False,False,usa,miami,MIA,49,1.0,1.0,2.0,1.0,2511.5,915.65,1.0,4.0,0.3333333333333333,0,3.0,
587538,F,False,True,usa,kansas city,MCI,43,1.0,1.0,1.0,1.5,3398.0,772.182,2.0,3.5,0.0,0,2.0,
587577,F,True,False,canada,toronto,YTZ,52,,1.0,1.0,1.0,1839.0,508.6,1.0,3.5,0.0,0,1.0,
587642,F,False,False,usa,fresno,FAT,72,,,,,,,,,,0,,
587675,F,False,False,usa,atlanta,ATL,45,,,1.0,1.0,2002.0,70.84,1.0,7.0,1.0,1,1.0,
587698,F,False,False,usa,salt lake city,SLC,23,,,1.0,1.0,250.0,470.7,1.0,2.0,0.0,0,1.0,
588013,M,False,False,canada,hamilton,YHM,30,,,1.0,1.0,2526.0,680.76,1.0,6.0,0.0,0,1.0,
588048,F,True,False,usa,san antonio,SKF,46,2.0,,1.0,1.0,476.0,1209.1599999999999,1.0,2.0,1.3333333333333333,0,3.0,
588103,F,True,False,usa,san jose,SJC,51,1.0,,5.0,1.1666666666666667,1094.0,3950.0249999999996,1.0,1.6,1.0,0,5.0,
588497,F,False,True,usa,san jose,SJC,22,,,1.0,1.0,850.0,467.71,1.0,5.0,0.0,0,1.0,
588507,F,False,False,usa,st. petersburg,PIE,52,,1.0,2.0,1.5,2968.0,9272.32,1.0,11.666666666666666,0.5,0,2.0,
588677,F,True,True,usa,atlanta,ATL,35,,,3.0,1.0,615.05,980.11,1.0,1.3333333333333333,0.3333333333333333,0,3.0,
588732,F,False,False,usa,lincoln,LNK,40,1.0,,2.0,1.0,1373.0,736.9080000000001,1.0,2.0,0.3333333333333333,0,2.0,
588893,F,False,False,usa,phoenix,LUF,45,,,2.0,1.0,1271.6,526.1890000000001,1.0,2.0,0.5,0,2.0,
588919,F,True,True,usa,fort worth,FTW,56,,1.0,1.0,1.0,1206.4499999999998,218.05,1.0,5.0,2.0,0,1.0,
589121,F,False,False,usa,madison,MSN,24,,1.0,2.0,1.0,1059.0,124.06,1.3333333333333333,1.6666666666666667,1.0,0,2.0,
589140,F,False,True,usa,los angeles,LAX,32,,,1.0,1.0,458.0,780.45,1.0,1.0,0.0,0,1.0,
589162,F,False,True,usa,sacramento,SMF,51,,,3.0,1.0,1802.8,1507.31,1.0,4.333333333333333,0.0,0,3.0,
589171,F,True,True,usa,los angeles,LAX,38,,,1.0,1.0,280.0,695.01,1.0,5.0,0.0,0,1.0,
589228,M,True,False,usa,los angeles,LAX,53,,,3.0,1.0,1592.0,1201.9920000000002,1.0,2.3333333333333335,0.0,1,3.0,
589259,M,True,True,usa,los angeles,LAX,40,,1.0,1.0,1.0,1676.0,736.89,1.0,4.0,2.0,0,1.0,
589311,F,True,True,usa,portland,PWM,44,1.0,2.0,1.0,1.0,3492.0,929.3599999999999,1.0,5.333333333333333,0.5,0,2.0,
589414,F,True,True,usa,omaha,OMA,48,,,1.0,1.0,171.0,344.947,1.0,1.0,1.0,0,1.0,
589822,F,False,False,usa,columbus,CMH,23,,,,,,,,,,0,,
589995,F,True,False,usa,nashville,BNA,52,1.0,,2.0,1.3333333333333333,471.0,1305.3890000000001,1.5,1.0,1.0,0,3.0,
590014,F,False,False,canada,toronto,YKZ,22,,,1.0,1.0,71.39999999999999,627.22,1.0,1.0,0.0,0,1.0,
590095,F,False,False,usa,providence,PVD,40,,,1.0,1.0,4024.0,41.28,1.0,8.0,1.0,0,1.0,
590103,F,True,False,usa,philadelphia,PNE,50,,,3.0,1.0,1094.0,681.5799999999999,1.0,2.0,0.3333333333333333,0,3.0,
590130,F,False,False,usa,austin,AUS,61,,,2.0,1.0,285.35,960.6490000000001,1.0,1.0,0.0,0,2.0,
590230,F,False,False,usa,new york,JFK,29,,,2.0,1.0,1393.0,846.6700000000001,1.0,2.5,1.0,1,2.0,
590394,F,True,True,usa,san francisco,SFO,43,,1.0,1.0,1.0,1164.0,107.13,1.0,2.5,0.0,0,1.0,
590400,F,True,False,canada,montreal,YMX,46,,1.0,3.0,1.0,3339.2,307.547,1.25,3.5,1.0,0,3.0,Conrad 
590404,F,True,True,usa,san antonio,RND,54,,,4.0,1.25,1819.0,3079.9610000000002,1.25,3.25,0.5,0,3.0,Wyndham
590429,F,False,False,usa,louisville,LOU,59,2.0,,1.0,1.3333333333333333,768.0,1084.14,1.0,2.0,0.3333333333333333,0,3.0,
590434,M,False,False,usa,riverside,RIV,56,1.0,,2.0,1.0,2186.0,1228.3000000000002,1.0,2.5,1.0,0,3.0,
590442,F,True,False,usa,rochester,ROC,47,,,4.0,1.0,970.0,1253.8999999999999,1.0,2.75,0.0,0,4.0,Marriott 
590558,F,True,False,usa,milwaukee,MKE,29,,2.0,1.0,1.0,5268.400000000001,130.01,1.3333333333333333,5.0,1.0,0,1.0,
590744,F,False,False,usa,los angeles,LAX,23,,,1.0,1.0,486.0,543.25,1.0,3.0,0.0,0,1.0,
590829,F,False,False,usa,minneapolis,MSP,46,,1.0,2.0,1.0,1243.0,552.01,1.3333333333333333,3.0,1.0,0,2.0,
590905,F,True,False,usa,houston,EFD,43,,1.0,3.0,1.6666666666666667,2559.6,1609.922,1.5,3.0,0.6666666666666666,0,3.0,
590922,F,False,False,canada,montreal,YUL,67,,,3.0,1.0,2274.0,1166.1105,1.0,4.666666666666667,0.0,0,3.0,Hyatt
590967,F,False,True,usa,houston,HOU,48,,,5.0,1.0,2477.0,1895.5169999999998,1.0,4.2,0.4,0,4.0,Crowne Plaza
591003,F,False,True,usa,philadelphia,PNE,49,1.0,,3.0,1.0,1952.1,1222.3899999999999,1.0,4.0,0.75,0,4.0,
591155,M,True,False,canada,windsor,YQG,43,,1.0,1.0,1.0,853.9,546.35,1.0,3.5,1.0,0,1.0,
591255,F,False,False,usa,omaha,OMA,30,,,1.0,1.0,468.0,253.11,1.0,3.0,1.0,0,1.0,
591271,F,True,False,canada,halifax,YAW,49,,,,,,,,,,0,,
591433,F,False,False,usa,dallas,DAL,38,,,5.0,1.2,1946.0,2473.1425,1.2,3.2,0.8,0,4.0,
591478,F,False,False,usa,new york,JFK,21,,2.0,,,2951.0,,1.0,8.5,,0,,
591582,M,True,False,canada,montreal,YUL,32,,,3.0,1.6666666666666667,1654.0,3287.492,1.6666666666666667,4.0,0.6666666666666666,1,3.0,Best Western
591593,F,False,False,usa,long beach,LGB,26,,,2.0,1.5,517.5,3860.1,1.0,2.5,0.5,0,2.0,
591599,F,False,True,usa,lincoln,LNK,57,,,2.0,1.0,462.0,598.043,1.0,2.5,1.0,0,2.0,Hilton
591746,F,False,False,usa,san antonio,RND,41,,,3.0,1.0,1076.7,804.96,1.0,1.3333333333333333,0.6666666666666666,0,3.0,
591835,F,False,False,usa,reno,RNO,78,,1.0,,,756.0,,2.0,3.0,,0,,
592035,F,False,True,usa,jacksonville,LRF,45,1.0,,1.0,2.0,126.0,1197.8600000000001,2.0,3.0,0.5,1,2.0,
592082,F,True,False,usa,boston,BOS,61,,,2.0,1.0,650.0,658.53,1.0,2.5,0.0,0,2.0,
592118,F,False,False,usa,san jose,SJC,20,,,,,,,,,,0,,
592158,F,True,True,usa,washington,IAD,45,,,2.0,1.0,329.0,1376.74,1.0,1.5,0.0,0,2.0,Marriott 
592221,F,False,False,usa,bakersfield,BFL,39,,,3.0,1.6666666666666667,1252.0,7354.44,1.6666666666666667,1.6666666666666667,0.6666666666666666,0,2.0,Best Western
592372,M,False,False,usa,charlotte,CLT,19,1.0,,1.0,2.0,394.0,22361.039999999997,1.0,1.0,1.0,0,2.0,
592399,F,False,False,canada,toronto,YKZ,34,,,4.0,1.0,830.0,1422.5120000000002,1.0,2.0,0.75,0,4.0,Wyndham
592445,M,False,True,usa,new york,JFK,39,,1.0,2.0,2.0,1896.0,5985.04,1.6666666666666667,4.0,0.5,0,2.0,Hilton
592491,F,True,False,usa,rochester,ROC,40,,1.0,3.0,1.6666666666666667,6064.2,1805.13,1.75,3.75,1.3333333333333333,0,3.0,
592598,F,True,True,usa,fresno,FAT,52,1.0,,4.0,1.8,1921.0,17504.120000000003,1.5,5.75,1.8,0,5.0,Four Seasons
592707,F,True,False,usa,boston,BOS,26,,,1.0,1.0,386.0,653.08,1.0,2.0,1.0,0,1.0,
592792,F,False,True,canada,montreal,YUL,49,,,3.0,1.3333333333333333,1292.0,1879.46,1.3333333333333333,1.3333333333333333,0.3333333333333333,0,3.0,
592833,F,False,True,usa,chicago,MDW,42,,,3.0,1.3333333333333333,2323.2,1336.96,1.3333333333333333,3.3333333333333335,0.6666666666666666,0,2.0,
592958,F,False,False,usa,chicago,ORD,20,,1.0,,,1566.0,,3.0,3.0,,0,,
593020,F,False,False,usa,oakland,OAK,40,,,3.0,1.3333333333333333,627.5999999999999,1293.26,1.3333333333333333,2.6666666666666665,0.3333333333333333,0,3.0,
593047,F,True,True,usa,dallas,DAL,62,,,,,,,,,,0,,
593244,F,False,False,usa,columbus,LCK,32,1.0,,2.0,1.0,1024.0,984.41,1.0,3.5,0.6666666666666666,0,3.0,
593386,F,False,False,usa,sacramento,SMF,40,,1.0,2.0,1.0,2750.0,944.3699999999999,1.0,7.0,0.0,0,2.0,
593632,F,True,True,usa,dallas,DAL,57,2.0,,2.0,1.0,1077.6,1358.6685,1.0,5.0,0.75,0,4.0,
593719,M,False,True,usa,houston,HOU,39,,,1.0,1.0,330.0,505.27,1.0,6.0,1.0,0,1.0,
593786,F,False,True,canada,vancouver,YVR,47,,,2.0,1.0,1588.0,835.9,1.0,5.5,1.0,1,2.0,
593804,F,True,False,canada,victoria,YYJ,31,1.0,,,1.0,,601.44,,,1.0,0,1.0,
593910,M,True,False,canada,winnipeg,YAV,58,,,2.0,1.0,2664.0,563.3465,1.0,3.5,1.5,0,1.0,
594103,F,False,True,usa,tampa,TPA,38,,1.0,2.0,1.0,7574.0,428.03999999999996,1.3333333333333333,4.333333333333333,0.0,0,2.0,
594123,F,False,True,canada,quebec,YQB,49,,1.0,1.0,1.0,5052.0,114.9,1.5,4.0,1.0,0,1.0,
594188,F,False,True,usa,oakland,OAK,56,,,2.0,2.0,837.0,6881.69,2.0,3.0,0.5,0,2.0,
594238,F,True,True,usa,amarillo,AMA,57,,,2.0,1.0,767.0,810.682,1.0,1.5,0.5,0,2.0,
594240,F,False,True,usa,austin,AUS,44,,,1.0,1.0,86.45,30.996,1.0,1.0,0.0,0,1.0,
594446,F,False,True,canada,montreal,YUL,27,1.0,1.0,1.0,1.5,2307.0,9121.961,1.0,7.5,1.0,0,2.0,
594503,F,False,False,usa,los angeles,LAX,25,,1.0,1.0,1.0,1112.0,340.28,1.0,5.5,1.0,0,1.0,
594601,F,True,False,usa,honolulu,HNL,37,,,1.0,1.0,258.0,722.45,1.0,1.0,0.0,0,1.0,
594695,F,True,False,usa,denver,DEN,58,1.0,1.0,2.0,1.0,6747.0,1236.35,1.0,10.333333333333334,1.0,0,3.0,
594737,F,True,True,usa,los angeles,LAX,36,,1.0,2.0,1.0,940.4,1138.01,1.0,2.3333333333333335,0.5,0,2.0,
594892,F,True,False,usa,san antonio,SKF,53,,,2.0,1.0,1200.75,956.71,1.0,2.0,0.0,0,2.0,
594914,F,False,False,canada,halifax,YHZ,45,,,3.0,1.0,1518.4,1477.5434999999998,1.0,5.0,0.3333333333333333,0,2.0,
594948,F,False,False,canada,edmonton,YXD,67,,,1.0,1.0,480.0,344.54,1.0,4.0,1.0,0,1.0,
594985,F,False,False,canada,toronto,YKZ,44,,,3.0,1.0,1792.0,428.914,1.0,3.6666666666666665,0.3333333333333333,0,2.0,
595026,F,False,False,canada,montreal,YMX,48,,2.0,1.0,1.0,4778.0,427.97,1.3333333333333333,4.333333333333333,1.0,0,1.0,
595087,F,False,False,usa,los angeles,LAX,43,,1.0,4.0,1.0,3993.0,1872.923,1.0,4.2,0.75,0,3.0,
595122,F,True,False,canada,toronto,YZD,60,,,2.0,1.5,1704.0,7244.7365,1.0,8.5,0.5,0,2.0,
595126,F,False,False,canada,gatineau,YND,34,,1.0,1.0,2.0,2723.0,3406.766,1.0,8.0,1.0,0,1.0,
595184,F,False,False,canada,toronto,YYZ,51,1.0,1.0,3.0,1.0,700.25,1034.52,1.0,1.5,0.75,0,4.0,InterContinental 
595284,F,True,False,usa,new york,LGA,54,,,4.0,1.25,4248.1,1457.854,1.25,4.25,0.25,0,4.0,
595414,F,True,False,usa,dallas,DAL,50,,,4.0,1.0,2140.0,1193.92,1.0,3.75,0.75,0,4.0,
595431,F,False,False,usa,new york,LGA,39,,,3.0,1.0,2277.0,959.8699999999999,1.0,4.333333333333333,0.3333333333333333,0,3.0,Starwood 
595624,F,False,False,usa,anchorage,ANC,38,,,1.0,1.0,1092.0,944.73,1.0,3.0,0.0,0,1.0,
595626,F,False,False,usa,los angeles,LAX,48,1.0,,3.0,1.5,1159.0,4102.977,1.6666666666666667,2.6666666666666665,0.5,0,4.0,
595740,F,True,True,usa,san diego,NZY,60,,,2.0,1.5,503.8,3086.9799999999996,1.5,1.5,0.0,0,2.0,
595852,F,False,False,canada,montreal,YMX,56,,,3.0,1.0,567.0,637.5699999999999,1.0,1.3333333333333333,1.0,0,3.0,
595861,F,False,False,usa,new york,LGA,42,,,1.0,1.0,383.0,833.72,1.0,1.0,0.0,0,1.0,
595958,F,True,False,usa,sacramento,MCC,53,,1.0,2.0,1.0,518.0,848.193,1.0,2.3333333333333335,0.5,1,2.0,
596329,F,False,False,usa,phoenix,PHX,23,,,,,,,,,,0,,
596335,M,True,False,canada,hamilton,YHM,40,,,2.0,1.5,1960.0,1109.0900000000001,1.5,5.0,0.5,0,2.0,
596442,O,False,False,usa,omaha,OMA,20,,1.0,,,997.5,,1.0,6.0,,0,,
596559,F,False,False,canada,edmonton,YEG,21,,,,,,,,,,1,,
596611,M,False,False,canada,halifax,YAW,25,,,,,,,,,,0,,
596856,F,False,True,canada,quebec,YQB,32,,2.0,1.0,1.0,3231.0,263.24,1.0,6.666666666666667,1.0,0,1.0,
597003,F,True,False,usa,stockton,SCK,46,,,2.0,1.0,679.0,993.37,1.0,1.5,0.0,0,2.0,
597010,F,True,False,canada,edmonton,YXD,42,1.0,,3.0,1.75,1272.0,4880.902999999999,2.0,3.3333333333333335,0.25,0,3.0,Rosewood
597410,M,False,False,usa,new york,JFK,50,,1.0,2.0,1.0,5413.0,833.6,1.0,9.333333333333334,0.0,0,2.0,
597498,M,True,False,canada,london,YXU,60,1.0,,4.0,1.2,1169.0,2082.42,1.25,3.0,0.0,0,4.0,Aman Resorts
597510,F,False,True,canada,montreal,YHU,55,,,3.0,1.0,2419.2,940.0,1.0,2.6666666666666665,0.6666666666666666,0,3.0,
597662,F,False,True,canada,ottawa,YOW,19,,,,,,,,,,0,,
597948,M,False,True,canada,montreal,YHU,21,,,,,,,,,,0,,
597954,F,True,False,usa,new york,JFK,43,,,4.0,1.25,2277.05,1031.116,1.25,2.5,0.5,0,4.0,
598069,F,False,False,usa,tampa,TPA,33,1.0,1.0,1.0,1.0,2182.0,452.47799999999995,1.0,6.5,0.5,0,2.0,
598185,F,True,True,usa,cleveland,CLE,36,,1.0,1.0,5.0,6246.0,3469.3,2.0,6.0,4.0,0,1.0,
598276,F,True,False,usa,mobile,BFM,47,,,2.0,1.0,639.0,392.46,1.0,4.0,0.0,0,2.0,
598306,F,True,False,usa,miami,TNT,50,,,2.0,1.5,2782.0,2921.47,1.5,4.0,2.5,0,2.0,
598687,M,False,False,usa,modesto,MOD,42,,,3.0,1.0,1585.0,878.6800000000001,1.0,3.3333333333333335,1.0,0,3.0,
598691,F,False,False,canada,ottawa,YOW,38,,,2.0,1.0,1320.0,179.95499999999998,1.0,6.0,0.5,0,1.0,
598832,F,True,True,usa,louisville,LOU,54,,1.0,,,1014.0,,2.0,3.0,,0,,
599065,M,False,True,usa,new york,LGA,41,,,2.0,1.5,848.0,2067.46,1.5,2.5,0.5,1,2.0,
599239,F,False,True,usa,nashville,BNA,41,,1.0,1.0,1.0,1445.0,464.9,1.0,4.5,0.0,0,1.0,
599311,F,False,True,canada,quebec,YQB,41,1.0,1.0,1.0,1.0,1154.0,316.5385,2.0,2.5,0.5,0,2.0,
599348,F,False,False,usa,san antonio,RND,42,2.0,,3.0,1.0,975.0,1818.6599999999999,1.0,3.3333333333333335,0.4,0,5.0,
599649,F,True,True,usa,new york,JFK,58,,,3.0,2.0,5608.5,8033.06,2.0,3.6666666666666665,1.0,1,3.0,
599651,F,True,False,usa,shreveport,SHV,44,,,,,,,,,,0,,
599657,F,True,False,canada,london,YXU,51,,,1.0,1.0,141.0,86.69600000000001,1.0,1.0,0.0,0,1.0,
599765,F,False,False,usa,los angeles,LAX,56,,,1.0,1.0,728.0,512.544,1.0,8.0,0.0,0,1.0,
599790,F,False,False,usa,new york,JFK,58,,,,,,,,,,0,,
599927,F,False,False,usa,los angeles,LAX,45,,,4.0,1.0,2966.0,1795.7645000000002,1.0,2.25,0.5,0,4.0,
599999,F,False,False,canada,victoria,YYJ,68,,,,,,,,,,0,,
600011,F,False,False,usa,new york,JFK,47,1.0,,2.0,1.3333333333333333,973.0,2880.67,1.5,2.0,0.0,0,2.0,
600163,M,True,True,usa,minneapolis,MSP,57,,1.0,,,660.0,,2.0,5.0,,0,,
600265,F,False,True,canada,victoria,YYJ,37,,,1.0,1.0,1445.0,460.28,1.0,17.0,0.0,0,1.0,
600395,F,True,False,usa,houston,HOU,56,,1.0,3.0,1.3333333333333333,990.2,1437.03,1.25,2.0,0.6666666666666666,0,3.0,
600444,F,True,False,canada,edmonton,YXD,55,,,5.0,1.0,859.4,1789.3449999999998,1.0,1.6,0.4,0,4.0,Best Western
600515,F,True,False,canada,toronto,YZD,38,,,3.0,1.0,1419.6999999999998,1276.83,1.0,2.6666666666666665,1.0,1,3.0,
600605,F,True,False,usa,oakland,OAK,58,,1.0,2.0,1.0,2027.0,986.0649999999999,1.0,6.0,0.0,0,2.0,Radisson 
600796,F,True,False,canada,vancouver,YVR,82,,1.0,,,2106.0,,1.0,6.0,,0,,
600833,F,True,False,usa,san diego,SAN,74,,1.0,,,2484.0,,2.0,9.0,,0,,
600926,M,True,True,usa,kansas city,MCI,49,,,2.0,1.0,822.6,479.97,1.0,2.5,0.0,0,2.0,
600930,F,True,True,usa,sacramento,SAC,58,1.0,,1.0,1.5,80.0,1821.9700000000003,1.0,1.0,0.5,0,2.0,
601094,M,False,False,usa,chicago,ORD,20,,,,,,,,,,0,,
601104,F,True,False,usa,santa ana,SNA,57,,1.0,1.0,1.0,6257.0,10.84,1.5,10.0,1.0,0,1.0,
601158,F,False,False,usa,new york,LGA,32,1.0,,1.0,1.0,603.0,1283.55,1.0,3.0,0.5,0,1.0,
601582,M,False,True,usa,sacramento,SMF,54,,1.0,1.0,1.0,3317.0,188.89,1.0,9.5,0.0,0,1.0,
601882,F,True,False,usa,omaha,OFF,48,1.0,,2.0,1.0,746.0,1016.96,1.0,2.5,0.0,0,3.0,
602120,F,False,False,canada,montreal,YMX,44,,,4.0,1.0,1539.7,1204.972,1.0,3.5,0.5,0,4.0,Best Western
602323,F,False,True,usa,dallas,DAL,21,,1.0,1.0,2.0,890.0,846.954,2.0,2.0,0.0,0,1.0,
602433,F,False,False,usa,madison,MSN,55,,,3.0,1.0,806.8,1270.962,1.0,1.3333333333333333,0.6666666666666666,0,3.0,
602476,F,False,False,canada,edmonton,YED,38,,1.0,3.0,1.0,3560.2,1067.369,1.0,4.0,0.0,0,3.0,
602598,F,True,True,usa,new york,LGA,34,,1.0,3.0,1.6666666666666667,1734.0,1843.9839999999997,1.75,3.5,0.6666666666666666,0,3.0,
602734,F,False,False,usa,chicago,UGN,38,,,,,,,,,,1,,
602748,M,True,False,usa,oklahoma city,TIK,45,1.0,,3.0,1.25,1400.7,12107.34,1.0,2.0,0.5,0,4.0,
602793,F,False,True,usa,miami,OPF,39,,1.0,1.0,1.0,676.0,352.75,1.0,3.0,1.0,0,1.0,
602827,F,True,True,usa,san jose,SJC,58,,,5.0,1.0,1715.6999999999998,3356.34,1.0,2.0,0.6,0,4.0,
602918,F,True,False,canada,winnipeg,YWG,47,2.0,1.0,,1.0,522.0,654.83,1.0,6.0,1.0,0,2.0,
602953,F,False,False,usa,memphis,MEM,42,1.0,,3.0,1.0,2108.0,1284.82,1.0,3.0,0.75,1,3.0,
602962,F,True,True,canada,ottawa,YOW,42,,,3.0,1.0,1615.0,695.7,1.0,3.6666666666666665,0.6666666666666666,0,3.0,
603160,F,False,False,usa,los angeles,LAX,38,1.0,,5.0,1.0,2304.0,2922.64,1.0,2.2,0.6666666666666666,0,6.0,Shangri-La
603278,F,True,False,canada,calgary,YYC,36,,,3.0,1.0,235.75,1369.042,1.0,1.3333333333333333,1.0,0,3.0,Marriott 
603296,F,False,False,canada,halifax,YHZ,43,2.0,,1.0,1.0,192.0,731.5875,1.0,1.0,1.0,0,3.0,
603345,F,True,True,canada,saskatoon,YXE,53,,,2.0,1.0,451.0,548.63,1.0,1.5,1.0,0,2.0,
603440,F,False,False,usa,colorado springs,COS,45,,1.0,2.0,1.0,1857.0,540.46,1.0,4.333333333333333,0.0,1,2.0,
603515,M,False,False,usa,san diego,NZY,40,,1.0,2.0,1.0,3272.0,344.61,1.0,4.0,0.5,0,2.0,Fairmont
603592,F,False,False,usa,oklahoma city,OKC,40,,,2.0,1.0,1856.0,762.79,1.0,4.0,0.5,1,1.0,
603635,F,True,False,canada,hamilton,YHM,67,,,2.0,1.0,1696.6,1006.26,1.0,5.5,1.0,1,2.0,
603715,F,True,False,usa,phoenix,LUF,47,,1.0,2.0,1.0,2471.8,1148.23,1.0,3.3333333333333335,0.0,0,2.0,
603883,F,True,False,usa,baltimore,BWI,62,,1.0,2.0,1.0,1388.1,453.12,1.0,2.0,0.5,0,2.0,
604136,F,True,False,canada,toronto,YKZ,41,2.0,1.0,,1.5,553.0,509.44,1.0,7.0,0.0,0,2.0,
604355,F,False,False,usa,houston,EFD,34,,1.0,2.0,1.0,2412.0,272.649,1.0,3.0,1.5,0,2.0,
604617,F,True,False,usa,new orleans,NBG,54,1.0,1.0,,1.0,1150.0,570.16,1.0,10.0,1.0,0,1.0,
604688,F,True,True,usa,san francisco,SFO,42,,,3.0,1.0,1401.0,1409.53,1.0,3.0,0.6666666666666666,1,3.0,
604804,F,True,True,usa,new york,LGA,51,1.0,,1.0,1.0,52.0,407.99,1.0,1.0,0.5,0,2.0,
604840,F,False,False,usa,tampa,TPA,40,,,3.0,1.6666666666666667,2464.0,5193.27,1.6666666666666667,2.0,0.3333333333333333,0,3.0,
604916,F,False,True,usa,new york,JFK,28,,,,,,,,,,0,,
605004,F,True,False,usa,buffalo,BUF,44,,,3.0,1.6666666666666667,978.0,2807.25,1.6666666666666667,2.3333333333333335,0.6666666666666666,0,3.0,
605096,M,True,True,usa,dallas,DAL,55,,,3.0,1.0,1306.0,709.47,1.0,2.0,1.3333333333333333,0,3.0,
605308,F,True,False,usa,houston,EFD,70,,,,,,,,,,0,,
605311,F,False,True,usa,cleveland,CLE,46,,,3.0,1.3333333333333333,2152.0,747.5699999999999,1.3333333333333333,3.0,0.6666666666666666,0,3.0,
605578,F,False,False,usa,honolulu,HNL,34,,1.0,,,1040.0,,1.0,8.0,,0,,
605619,F,True,True,usa,miami,OPF,46,,,2.0,1.0,714.0,1006.3800000000001,1.0,3.0,2.0,0,2.0,
605878,F,True,False,usa,brownsville,BRO,44,,,2.0,1.0,699.45,670.99,1.0,3.5,0.5,0,2.0,
606094,F,True,False,usa,new orleans,NBG,56,,,4.0,1.0,1152.5,1011.88,1.0,2.25,0.0,0,4.0,
606290,F,True,False,usa,new york,JFK,40,,1.0,3.0,1.0,3392.0,1809.51,1.25,2.75,1.0,0,3.0,
606362,F,True,False,usa,new york,LGA,53,,,1.0,1.0,3450.0,201.33,1.0,5.0,0.0,0,1.0,
606568,M,False,False,usa,los angeles,LAX,49,,1.0,1.0,1.0,1723.2,393.97,1.5,3.5,0.0,0,1.0,
606635,F,False,False,usa,reno,RNO,48,,,2.0,1.0,2816.0,851.5585,1.0,4.5,0.0,0,2.0,
606862,F,False,False,canada,calgary,YYC,41,,,2.0,1.0,802.6,825.706,1.0,3.5,1.0,0,2.0,
606930,F,False,False,usa,charlotte,CLT,42,,,4.0,1.5,2148.0,4012.0635,1.5,2.5,1.0,1,4.0,
607017,F,False,False,usa,sacramento,MCC,45,1.0,1.0,2.0,1.0,3618.0,514.017,1.0,7.333333333333333,0.3333333333333333,0,2.0,
607028,F,False,False,usa,seattle,BFI,51,,,4.0,1.25,3779.0,2116.244,1.25,3.75,0.75,0,3.0,
607197,F,False,True,usa,dallas,DAL,20,,,,,,,,,,1,,
607270,F,True,False,usa,columbus,CMH,44,,,1.0,1.0,1308.0,533.64,1.0,4.0,1.0,0,1.0,
607524,F,True,False,usa,miami,MIA,66,,1.0,,,5060.0,,1.0,20.0,,0,,
607799,F,False,True,usa,los angeles,LAX,38,,,1.0,1.0,177.0,118.05,1.0,1.0,1.0,0,1.0,
607931,F,False,False,canada,edmonton,YED,31,1.0,,2.0,1.0,1019.0,1386.4875,1.0,2.0,0.3333333333333333,0,3.0,
607949,F,False,False,usa,new york,JFK,20,1.0,1.0,,1.0,2664.0,572.0,2.0,12.0,0.0,0,1.0,
607998,F,False,False,usa,new york,JFK,42,1.0,,2.0,1.0,650.0,1536.31,1.0,2.0,0.0,0,3.0,
608343,F,True,False,usa,new orleans,MSY,46,,,1.0,1.0,420.0,133.37,1.0,4.0,1.0,1,1.0,
608520,F,True,False,usa,new orleans,MSY,53,,2.0,2.0,1.5,1920.45,1987.42,1.5,3.5,1.0,0,2.0,
608725,F,True,True,usa,tacoma,TCM,49,,1.0,1.0,1.0,620.0,594.22,1.0,3.0,1.0,0,1.0,
608727,F,False,True,canada,hamilton,YHM,57,,2.0,2.0,1.0,4826.0,630.727,1.0,7.5,0.0,0,2.0,Marriott 
608823,F,False,False,canada,windsor,YQG,20,,,1.0,1.0,756.0,623.83,1.0,7.0,0.0,0,1.0,
608860,F,False,False,usa,san antonio,RND,46,,,2.0,1.0,3790.0,667.01,1.0,6.0,0.5,0,2.0,
609102,F,False,True,usa,new york,LGA,44,,,1.0,1.0,824.0,198.24,1.0,4.0,2.0,0,1.0,
609167,F,False,False,usa,omaha,OMA,41,,,4.0,1.25,2010.0,1412.009,1.25,3.0,0.75,0,4.0,Radisson 
609221,F,False,False,usa,oakland,OAK,32,1.0,,,1.0,,686.5,,,1.0,0,1.0,
609228,F,True,False,usa,los angeles,LAX,58,,,3.0,1.0,1617.95,1786.78,1.0,4.333333333333333,0.0,0,2.0,
609230,F,False,False,usa,austin,AUS,32,1.0,,1.0,1.5,155.20000000000002,1016.9599999999999,2.0,1.0,0.0,0,2.0,
609236,F,False,False,usa,milwaukee,MKE,43,,1.0,3.0,1.0,3478.0,526.088,1.0,5.0,0.6666666666666666,0,3.0,Shangri-La
609240,F,False,True,canada,toronto,YYZ,55,,,3.0,1.0,583.8,908.0999999999999,1.0,2.0,1.3333333333333333,0,3.0,
609393,M,False,False,canada,ottawa,YOW,40,1.0,,2.0,1.3333333333333333,1648.8000000000002,747.9100000000001,1.5,6.0,0.6666666666666666,1,3.0,
609413,F,False,True,canada,quebec,YQB,53,,,3.0,1.0,1010.0,336.154,1.0,2.0,0.6666666666666666,0,3.0,
609683,F,False,False,usa,memphis,MEM,19,,,,,,,,,,1,,
609720,F,False,True,usa,phoenix,PHX,39,1.0,,1.0,1.0,178.0,1261.55,1.0,2.0,0.5,1,2.0,
609763,F,False,True,canada,vancouver,YVR,20,,1.0,,,186.0,,1.0,2.0,,0,,
609800,F,True,True,canada,ottawa,YOW,50,,,2.0,1.0,217.0,649.9795,1.0,1.5,1.0,0,2.0,
609817,F,False,False,usa,bakersfield,BFL,55,1.0,,3.0,1.0,841.0,1174.926,1.0,2.0,0.5,0,4.0,
609838,F,True,False,usa,buffalo,BUF,68,,,,,,,,,,1,,
609868,F,True,True,canada,halifax,YAW,57,,,4.0,1.0,626.1,1721.53,1.0,1.5,0.25,0,4.0,
610144,F,False,False,usa,los angeles,LAX,48,,,6.0,1.0,3135.0,3157.5299999999997,1.0,2.5,0.6666666666666666,0,5.0,Choice Hotels
610226,F,False,True,usa,houston,IAH,59,,,1.0,1.0,1860.0,248.2,1.0,5.0,1.0,0,1.0,
610280,F,True,True,canada,toronto,YKZ,60,,2.0,,,2418.0,,1.0,9.0,,0,,
610474,F,True,False,usa,indianapolis,IND,54,,,3.0,1.0,2522.0,470.19000000000005,1.0,5.333333333333333,0.3333333333333333,0,3.0,
610482,F,False,False,usa,winston-salem,INT,38,,2.0,3.0,1.0,4698.4,1136.93,1.4,3.0,0.6666666666666666,0,3.0,Accor
610492,F,False,True,canada,calgary,YYC,22,,1.0,,,696.6,,1.0,2.0,,1,,
610530,F,False,False,usa,oklahoma city,TIK,27,,,,,,,,,,0,,
610670,F,False,True,canada,toronto,YTZ,38,,,3.0,1.0,441.0,1089.04,1.0,2.0,0.6666666666666666,0,3.0,
610763,F,False,True,usa,milwaukee,MKE,27,,,1.0,1.0,314.0,249.61,1.0,2.0,1.0,1,1.0,
610793,F,False,True,usa,dallas,DAL,37,,,2.0,1.0,926.0,791.86,1.0,2.5,0.5,0,2.0,
610806,F,True,False,usa,laredo,LRD,50,1.0,,3.0,1.25,2665.4,2274.4500000000003,1.3333333333333333,6.0,0.5,0,4.0,
611065,F,False,False,usa,los angeles,LAX,44,,,4.0,1.5,1681.0,7163.49,1.5,1.5,0.75,0,4.0,
611251,F,False,False,canada,ottawa,YOW,51,,,3.0,1.6666666666666667,635.0,1845.21,1.6666666666666667,1.6666666666666667,0.3333333333333333,0,3.0,
611371,F,False,False,canada,calgary,YYC,37,1.0,1.0,3.0,1.0,4001.65,1873.0600000000002,1.0,3.25,0.75,0,4.0,Shangri-La
611583,M,False,True,usa,jacksonville,JAX,40,1.0,,2.0,1.0,398.0,740.05,1.0,1.5,1.0,0,2.0,
611887,F,False,False,usa,philadelphia,PNE,34,2.0,,1.0,1.0,492.0,898.78,1.0,5.0,0.6666666666666666,0,3.0,
611954,F,False,False,usa,st. louis,STL,45,,,4.0,1.0,1608.15,724.595,1.0,2.0,0.75,0,4.0,
612002,F,False,True,usa,los angeles,LAX,45,,1.0,2.0,1.0,2376.0,1239.78,1.0,8.0,0.5,1,2.0,
612128,M,True,True,usa,phoenix,PHX,47,,1.0,1.0,1.0,2394.8,263.56,1.5,3.5,2.0,0,1.0,
612175,F,True,True,usa,little rock,LIT,39,,1.0,2.0,1.0,4360.0,609.51,1.6666666666666667,4.333333333333333,1.5,0,2.0,
612797,F,True,True,usa,phoenix,LUF,55,,,1.0,1.0,487.8,170.91,1.0,1.0,0.0,0,1.0,
612812,M,True,False,usa,orlando,MCO,71,,1.0,,,932.4,,1.0,14.0,,0,,
612976,F,False,False,usa,tucson,TUS,28,,,,,,,,,,0,,
613252,F,False,False,usa,austin,AUS,23,,,,,,,,,,0,,
613386,F,False,True,usa,chicago,UGN,20,,,,,,,,,,0,,
613442,M,False,False,usa,fresno,FAT,37,,1.0,3.0,1.0,1696.2,1117.6599999999999,1.0,1.75,1.0,0,3.0,
613655,F,False,False,canada,calgary,YYC,61,,,2.0,1.0,470.0,1003.9585,1.0,1.5,0.5,0,2.0,
613921,F,False,False,usa,milwaukee,MKE,33,,,1.0,1.0,242.0,127.84,1.0,1.0,1.0,0,1.0,
613941,F,True,False,usa,new york,LGA,46,,2.0,1.0,2.0,3089.75,1517.46,1.6666666666666667,5.666666666666667,0.0,1,1.0,
614111,M,False,False,usa,tampa,MCF,36,,1.0,2.0,1.5,6219.8,1222.56,1.3333333333333333,9.0,0.0,0,2.0,
614165,F,False,False,usa,columbus,CMH,29,,,4.0,1.0,4302.0,1096.6599999999999,1.0,3.0,0.75,0,4.0,
614311,F,True,False,usa,memphis,MEM,52,,,1.0,1.0,88.0,305.05,1.0,2.0,1.0,1,1.0,
614549,F,False,False,usa,el paso,BIF,30,,1.0,2.0,1.5,756.2,2864.71,1.3333333333333333,2.0,1.0,0,1.0,Marriott 
614595,F,True,True,usa,santa ana,SNA,52,,,,,,,,,,1,,
614814,F,True,False,usa,montgomery,MXF,70,,1.0,,,2023.0,,1.0,7.0,,0,,
614918,F,False,False,canada,toronto,YKZ,41,,,5.0,1.0,1115.8,985.0045,1.0,1.2,0.6,0,5.0,Hilton
614933,F,True,False,usa,indianapolis,IND,57,,,2.0,1.0,1710.0,821.51,1.0,4.0,0.5,0,2.0,
615006,F,False,False,usa,columbus,CMH,52,,,1.0,1.0,660.0,548.169,1.0,4.0,0.0,0,1.0,
615489,F,True,True,usa,montgomery,MXF,59,,,1.0,2.0,216.0,792.36,2.0,1.0,0.0,1,1.0,
615749,F,False,False,usa,san francisco,SFO,50,,,4.0,1.25,1557.0,2176.3900000000003,1.25,1.5,0.0,0,4.0,
615881,F,False,False,usa,riverside,RIV,67,,,,,,,,,,0,,
616222,F,True,True,canada,quebec,YQB,50,,,2.0,1.5,1274.4,3335.8909999999996,1.5,2.5,0.5,0,2.0,
616491,F,False,True,usa,nashville,BNA,52,,,3.0,1.0,2940.0,318.54999999999995,1.0,3.0,0.3333333333333333,0,2.0,
616518,F,False,False,usa,new york,LGA,47,,,2.0,1.0,243.0,739.76,1.0,1.5,1.0,0,2.0,Rosewood
616718,F,True,False,canada,hamilton,YHM,47,,,3.0,1.3333333333333333,1552.0,3328.326,1.3333333333333333,3.3333333333333335,0.0,1,3.0,
616752,F,False,True,usa,honolulu,HNL,20,,1.0,1.0,1.0,2964.0,1046.34,1.0,6.0,1.0,0,1.0,
616802,F,True,False,usa,montgomery,MXF,46,1.0,,2.0,1.0,628.0,776.46,1.0,1.5,0.6666666666666666,1,3.0,
617052,F,True,True,usa,laredo,LRD,50,,,3.0,1.3333333333333333,1004.8,1561.7005,1.3333333333333333,2.0,0.6666666666666666,0,2.0,
617199,M,True,False,usa,kansas city,MCI,54,,2.0,3.0,1.3333333333333333,13186.0,1812.03,1.2,7.6,0.6666666666666666,0,3.0,
617458,F,True,True,canada,montreal,YMX,31,1.0,,2.0,1.0,637.0,245.94,1.0,2.5,0.6666666666666666,0,3.0,
617964,F,False,True,usa,miami,OPF,34,,1.0,,,171.0,,1.0,3.0,,0,,
618230,F,True,False,usa,omaha,OMA,30,,,,,,,,,,0,,
618266,F,False,True,usa,miami,OPF,45,,,1.0,1.0,990.9,309.68,1.0,3.0,1.0,1,1.0,
618308,F,True,True,usa,memphis,MEM,61,,,2.0,1.0,655.5,428.978,1.0,2.0,1.0,0,2.0,
618343,M,True,True,usa,new york,LGA,42,,1.0,,,1056.0,,2.0,6.0,,0,,
618418,F,False,False,canada,toronto,YKZ,47,,,5.0,1.0,2800.8,1616.108,1.0,3.2,0.4,0,5.0,
618429,M,False,True,usa,philadelphia,PHL,49,,,3.0,1.0,1242.6,1171.09,1.0,3.0,1.0,0,2.0,
618642,F,True,False,usa,honolulu,HNL,41,2.0,,,1.0,,2328.9,,,1.0,0,2.0,
618759,F,False,True,usa,san diego,SAN,26,1.0,1.0,,1.0,2310.4,117.77,1.0,16.0,1.0,0,1.0,
618780,F,False,True,usa,new york,JFK,37,,,3.0,1.0,1288.0,1075.67,1.0,3.0,0.6666666666666666,0,3.0,
618815,F,False,True,usa,san francisco,SFO,33,,1.0,,,832.0,,1.0,8.0,,0,,
619109,F,False,False,usa,portland,PWM,42,,,1.0,1.0,420.0,76.67,1.0,6.0,0.0,0,1.0,
619218,F,True,False,usa,orlando,MCO,45,,,1.0,1.0,567.0,710.51,1.0,3.0,0.0,0,1.0,
619362,F,True,False,usa,san francisco,SFO,49,,,4.0,1.25,1703.0,4324.82,1.25,2.25,0.5,0,4.0,NH Hotel 
619520,F,True,False,canada,ottawa,YOW,39,,,2.0,1.5,236.0,1075.6200000000001,1.5,1.0,0.5,0,2.0,
619615,F,False,False,usa,nashville,BNA,51,,,4.0,1.0,1950.0,1539.7,1.0,2.0,0.25,0,4.0,
619938,F,False,False,usa,houston,IAH,28,,,,,,,,,,0,,
619971,F,True,False,usa,san diego,NZY,41,,1.0,,,274.0,,1.0,2.0,,0,,
619988,F,False,False,usa,providence,PVD,19,,,,,,,,,,0,,
620274,F,True,False,usa,tucson,DMA,65,,,3.0,1.0,968.0,1284.1999999999998,1.0,2.0,0.6666666666666666,0,3.0,
620300,F,True,True,usa,houston,IAH,51,,,3.0,1.3333333333333333,507.0,2414.15,1.3333333333333333,1.3333333333333333,0.6666666666666666,0,3.0,Shangri-La
620382,F,False,True,usa,st. louis,STL,19,,1.0,1.0,1.0,1163.15,181.233,1.5,4.5,0.0,0,1.0,
620453,F,True,True,usa,richmond,RIC,50,,,1.0,2.0,363.6,1244.98,2.0,2.0,1.0,0,1.0,
620884,F,False,False,usa,chicago,MDW,36,1.0,,2.0,1.0,1020.45,519.6600000000001,1.0,3.0,0.3333333333333333,1,3.0,
620972,M,False,False,usa,kansas city,MCI,40,,,3.0,1.3333333333333333,1286.6,1511.41,1.3333333333333333,2.0,0.3333333333333333,0,3.0,
621072,F,True,True,usa,providence,PVD,56,,,1.0,1.0,356.0,460.17,1.0,4.0,0.0,0,1.0,
621085,F,False,False,usa,minneapolis,MSP,51,,1.0,,,735.0,,1.0,7.0,,0,,
621113,F,False,False,usa,new york,LGA,31,,,,,,,,,,0,,
621150,F,False,True,usa,phoenix,LUF,20,,,,,,,,,,0,,
621291,F,True,False,usa,indianapolis,IND,55,1.0,1.0,3.0,2.25,5212.0,5502.5,2.25,5.75,0.25,0,3.0,
621607,F,False,True,canada,ottawa,YOW,35,,,2.0,1.0,1075.0,386.173,1.0,3.5,0.0,0,2.0,
621665,F,False,True,usa,chicago,MDW,49,1.0,,3.0,1.25,799.0,1738.6,1.0,1.6666666666666667,0.75,1,4.0,
621811,F,True,True,usa,norfolk,NGU,43,1.0,,1.0,1.0,489.0,683.28,1.0,3.0,0.0,0,2.0,
621922,F,False,False,usa,milwaukee,MKE,23,,,1.0,1.0,294.0,263.71,1.0,3.0,0.0,0,1.0,
622149,F,True,False,usa,santa ana,SNA,48,,,1.0,1.0,154.0,408.267,1.0,1.0,0.0,0,1.0,
622293,F,False,False,usa,las vegas,LAS,30,2.0,,1.0,1.6666666666666667,1356.0,6054.6990000000005,2.0,3.0,0.6666666666666666,0,1.0,
622343,F,False,False,usa,chicago,ORD,49,,,1.0,1.0,492.0,420.14,1.0,2.0,1.0,1,1.0,
623077,M,False,False,usa,miami,TNT,37,,2.0,2.0,1.0,3290.0,647.9594999999999,1.0,5.5,0.5,0,2.0,Hilton
623087,F,False,False,usa,new york,LGA,50,,,3.0,1.0,2507.0,1171.13,1.0,2.6666666666666665,0.0,0,3.0,
623417,F,True,True,usa,sacramento,MHR,57,,,,,,,,,,0,,
623691,F,False,False,usa,detroit,YIP,27,,,1.0,1.0,712.8000000000001,474.78,1.0,8.0,0.0,0,1.0,
623815,F,False,False,canada,calgary,YYC,34,,,3.0,1.0,570.0,826.6915,1.0,1.6666666666666667,0.3333333333333333,0,3.0,
623935,F,True,True,usa,new york,LGA,61,1.0,1.0,,2.0,2232.0,9377.42,3.0,8.0,1.0,0,1.0,
624215,F,False,True,usa,austin,AUS,41,,,4.0,1.25,845.0,1941.788,1.25,1.25,0.75,0,3.0,
624258,F,True,False,canada,calgary,YYC,41,,,1.0,1.0,843.0,428.87,1.0,3.0,0.0,0,1.0,
624497,F,False,True,canada,edmonton,YXD,30,,,1.0,3.0,423.0,3679.26,3.0,1.0,3.0,2,1.0,
624593,M,True,True,usa,new york,JFK,42,,,2.0,1.0,719.0,621.9200000000001,1.0,4.5,1.0,0,2.0,
624636,F,True,False,usa,jacksonville,NIP,46,,,3.0,1.0,752.0,1738.11,1.0,2.3333333333333335,0.6666666666666666,0,3.0,
624913,M,False,True,canada,halifax,YAW,42,,,3.0,1.0,889.8,1348.0555,1.0,1.3333333333333333,1.0,0,3.0,
625030,F,False,False,usa,oklahoma city,OKC,43,1.0,1.0,3.0,1.0,3954.0,1476.2095,1.0,3.5,0.5,0,2.0,
625703,F,False,False,canada,ottawa,YOW,36,,,2.0,1.0,305.0,267.14,1.0,1.5,0.5,0,2.0,
625984,F,True,False,usa,new york,JFK,52,,,3.0,1.3333333333333333,879.5999999999999,1655.99,1.3333333333333333,2.6666666666666665,0.6666666666666666,0,3.0,
626037,F,False,False,usa,anchorage,ANC,27,,,,,,,,,,0,,
626067,F,False,False,usa,long beach,LGB,21,,,,,,,,,,0,,
626249,F,False,False,canada,gatineau,YND,31,,,,,,,,,,0,,
626318,F,True,False,usa,new york,JFK,57,1.0,1.0,1.0,1.0,965.2,224.94,1.0,3.5,0.5,0,2.0,
626329,F,False,False,usa,little rock,LIT,47,,,1.0,1.0,406.0,165.84,1.0,2.0,1.0,0,1.0,
626558,F,False,False,usa,st. petersburg,PIE,34,,,,,,,,,,0,,
626587,M,False,False,usa,lincoln,LNK,19,,1.0,,,693.0,,1.0,9.0,,0,,
627041,F,False,False,canada,gatineau,YND,43,1.0,,1.0,1.0,126.0,521.1500000000001,1.0,2.0,0.0,0,2.0,
627158,M,True,True,usa,houston,IAH,51,2.0,,1.0,1.0,142.0,1247.5,1.0,1.0,0.6666666666666666,0,3.0,
627176,F,False,False,usa,indianapolis,IND,50,,,2.0,1.0,527.0,170.43,1.0,1.5,0.5,1,2.0,
627475,F,False,False,canada,calgary,YYC,19,,,,,,,,,,0,,
627518,F,False,True,usa,anchorage,ANC,20,,,1.0,1.0,477.0,983.5349999999999,1.0,3.0,1.0,0,1.0,
627617,F,True,False,usa,laredo,LRD,23,,1.0,1.0,1.0,1120.0,258.264,1.0,3.0,0.0,0,1.0,
627729,F,False,True,canada,toronto,YKZ,25,,,,,,,,,,0,,
628023,F,True,False,usa,el paso,BIF,49,1.0,,2.0,1.0,924.0,1604.29,1.0,1.0,0.3333333333333333,0,3.0,
628033,M,True,True,usa,st. petersburg,PIE,36,1.0,1.0,2.0,1.0,9831.0,1133.9205,1.6666666666666667,5.333333333333333,0.0,0,3.0,
628671,F,False,True,usa,new york,JFK,38,,,2.0,1.5,514.0,1649.926,1.5,2.5,1.0,0,2.0,
629345,F,False,False,usa,new orleans,NBG,20,,1.0,,,6588.0,,1.0,12.0,,0,,
629725,F,False,False,usa,atlanta,ATL,47,2.0,,1.0,1.0,185.0,584.5360000000001,1.0,1.0,0.3333333333333333,0,3.0,
629747,F,False,False,usa,milwaukee,MKE,21,,,,,,,,,,0,,
629803,M,False,True,usa,tulsa,TUL,43,1.0,,2.0,1.3333333333333333,1206.9,2070.627,1.5,2.5,1.0,0,3.0,
629877,F,True,False,canada,halifax,YHZ,46,,,2.0,1.5,3959.0,852.06,1.5,9.5,0.5,0,2.0,
629952,F,False,False,usa,cincinnati,CVG,47,,,3.0,1.3333333333333333,1429.0,2108.89,1.3333333333333333,1.6666666666666667,0.6666666666666666,0,3.0,
630039,F,False,False,usa,los angeles,LAX,42,,,1.0,1.0,1002.0,182.36,1.0,3.0,0.0,0,1.0,
630097,F,True,False,usa,santa ana,SNA,47,,1.0,2.0,1.0,2399.0,1175.4,1.0,3.3333333333333335,1.0,0,2.0,
630176,F,True,True,usa,montgomery,MXF,54,,,1.0,1.0,108.0,597.57,1.0,1.0,0.0,0,1.0,
630607,F,False,False,usa,seattle,BFI,29,,,,,,,,,,0,,
630738,F,False,False,usa,birmingham,BHM,45,1.0,,2.0,1.0,723.5,493.0585,1.0,4.0,0.3333333333333333,0,3.0,
630992,F,True,True,usa,montgomery,MXF,61,,1.0,,,546.0,,1.0,6.0,,0,,
631319,F,True,False,canada,montreal,YMX,52,,,2.0,1.0,1826.0,451.90999999999997,1.0,3.0,0.5,0,2.0,
631384,F,True,False,usa,richmond,RIC,57,,,,,,,,,,0,,
631448,F,True,True,usa,cincinnati,CVG,42,,2.0,,,1690.0,,2.0,3.5,,0,,
631477,F,True,True,usa,riverside,RAL,62,,,1.0,1.0,132.0,691.17,1.0,3.0,1.0,0,1.0,
631970,F,False,False,usa,memphis,MEM,56,,,3.0,1.0,491.0,862.8700000000001,1.0,1.0,0.3333333333333333,0,3.0,
631975,F,False,False,canada,montreal,YMX,41,1.0,,,1.0,,100.99,,,1.0,0,1.0,
631993,F,True,True,canada,ottawa,YOW,50,,,2.0,1.0,486.2,1237.93,1.0,1.5,0.5,0,1.0,
632239,F,True,False,usa,los angeles,LAX,57,,,1.0,1.0,141.0,24.768,1.0,1.0,0.0,0,1.0,
632475,F,True,False,canada,ottawa,YOW,70,,1.0,,,468.0,,1.0,3.0,,1,,
632665,F,False,False,usa,dallas,DAL,37,,,1.0,1.0,1007.0,341.97,1.0,4.0,3.0,0,1.0,
632866,F,True,False,usa,austin,AUS,50,,,,,,,,,,0,,
633183,F,False,False,usa,new york,LGA,42,1.0,,2.0,1.0,1321.5,964.6935000000001,1.0,2.0,0.6666666666666666,0,3.0,
633195,F,False,False,canada,winnipeg,YAV,33,1.0,,1.0,1.0,316.0,741.65,1.0,1.0,1.0,0,2.0,
633725,F,True,False,canada,hamilton,YHM,50,,,6.0,1.0,1674.6,814.372,1.0,1.6666666666666667,0.6666666666666666,1,5.0,Rosewood
633972,F,True,False,usa,richmond,RIC,74,,,,,,,,,,0,,
634130,F,True,False,usa,new york,JFK,52,,2.0,2.0,1.0,5496.0,1080.17,1.25,3.75,1.0,0,2.0,
634795,F,True,True,usa,houston,HOU,47,,1.0,1.0,1.0,465.0,162.94400000000002,1.0,3.0,0.0,0,1.0,
634824,F,True,False,usa,new york,LGA,40,,,2.0,1.0,269.0,235.16,1.0,1.5,0.5,0,2.0,
635300,F,True,False,usa,chicago,ORD,47,1.0,1.0,4.0,1.2,3728.1,1254.733,1.4,2.8,1.6,0,5.0,
635303,F,False,True,usa,los angeles,LAX,45,1.0,,3.0,2.0,5694.0,9724.02,2.0,2.3333333333333335,1.0,0,4.0,Fairmont
635375,F,False,False,usa,fayetteville,FYV,19,,1.0,,,1932.0,,1.0,21.0,,0,,
635576,F,True,False,canada,toronto,YKZ,41,1.0,,3.0,1.25,777.0,3476.65,1.3333333333333333,1.3333333333333333,0.25,0,4.0,
635790,F,False,False,usa,boston,BOS,50,2.0,,2.0,1.0,522.0,2072.801,1.0,1.5,0.75,0,4.0,
636251,F,True,False,usa,louisville,LOU,70,,1.0,,,1890.0,,2.0,5.0,,0,,
636873,F,False,False,usa,chicago,ORD,45,,,5.0,1.2,2715.3999999999996,2572.02,1.2,4.0,0.8,0,5.0,Extended Stay 
636874,F,False,False,usa,reno,RNO,50,,,3.0,1.0,1383.0,1513.046,1.0,3.3333333333333335,0.3333333333333333,0,2.0,
637421,F,True,True,usa,new york,LGA,32,,1.0,2.0,1.5,1320.0,1041.29,1.3333333333333333,2.0,0.5,0,2.0,
638237,F,False,True,canada,toronto,YZD,25,,,,,,,,,,0,,
638565,F,True,True,usa,chicago,MDW,50,1.0,,2.0,1.0,471.0,496.38,1.0,4.0,0.3333333333333333,0,3.0,
638576,F,False,True,usa,phoenix,PHX,40,1.0,,2.0,1.0,1317.0,1707.7060000000001,1.0,4.5,0.6666666666666666,0,2.0,
638580,F,False,False,canada,victoria,YYJ,45,,2.0,,,2017.0,,1.0,5.5,,0,,
638598,F,False,False,usa,dallas,DAL,20,,,1.0,1.0,219.0,413.52,1.0,3.0,1.0,0,1.0,
638600,F,False,False,canada,winnipeg,YWG,75,,,,,,,,,,0,,
639009,F,False,False,usa,oklahoma city,OKC,37,,,3.0,1.6666666666666667,773.0,3175.9570000000003,1.6666666666666667,1.3333333333333333,1.6666666666666667,0,3.0,
639168,F,False,True,canada,montreal,YUL,43,,,2.0,1.0,3567.7,897.27,1.0,6.5,0.5,0,2.0,
639458,F,False,False,usa,stockton,SCK,45,,,3.0,1.0,901.0,1267.155,1.0,1.6666666666666667,0.3333333333333333,0,3.0,
639510,F,True,False,usa,san diego,NZY,59,,,2.0,1.0,815.0,818.5640000000001,1.0,2.5,0.0,0,2.0,
639554,F,False,False,usa,los angeles,LAX,20,,,2.0,1.0,1340.0,902.6899999999999,1.0,2.5,0.5,0,2.0,Four Seasons
639894,F,True,True,usa,brownsville,BRO,46,,1.0,1.0,1.0,5671.0,653.32,1.0,9.5,0.0,0,1.0,
640580,F,True,False,canada,montreal,YMX,56,,,3.0,1.0,2466.4,796.3805000000001,1.0,3.6666666666666665,0.3333333333333333,0,3.0,
640689,F,False,False,usa,omaha,OFF,53,,,3.0,1.0,1069.0,1093.249,1.0,2.0,0.6666666666666666,1,2.0,Hilton
640867,F,False,True,canada,montreal,YHU,53,,,2.0,1.5,1037.0,1133.31,1.5,2.0,0.5,1,2.0,
640968,F,True,False,usa,indianapolis,IND,56,1.0,,1.0,1.0,981.0,403.0235,1.0,3.0,1.0,0,2.0,
641364,F,False,False,usa,las vegas,LSV,32,1.0,,4.0,1.0,1002.1000000000001,1520.59,1.0,1.75,0.8,0,5.0,Marriott 
642578,F,True,True,usa,new york,LGA,66,1.0,1.0,1.0,1.0,415.5,688.06,1.0,3.0,1.0,0,2.0,
642786,F,False,False,usa,charlotte,CLT,44,,1.0,2.0,1.0,4396.0,141.8865,1.0,7.333333333333333,1.0,0,2.0,
642820,F,True,True,usa,las vegas,LAS,50,,,2.0,1.0,1172.0,715.43,1.0,3.0,0.0,0,2.0,
643359,M,False,False,usa,santa ana,SNA,27,,,1.0,1.0,258.0,472.365,1.0,2.0,0.0,0,1.0,
643469,F,True,False,usa,new york,LGA,45,,2.0,1.0,1.0,4530.0,23.7405,1.0,11.0,0.0,0,1.0,Hilton
643929,F,True,False,usa,new york,LGA,43,,1.0,1.0,2.0,2994.0,1883.98,2.5,3.5,1.0,0,1.0,
644467,F,False,True,usa,detroit,DTW,34,,,3.0,2.3333333333333335,1525.2,3968.18,2.3333333333333335,2.0,1.0,0,2.0,
644639,F,True,True,usa,santa ana,SNA,60,,,,,,,,,,0,,
644870,F,False,False,usa,bakersfield,BFL,50,1.0,2.0,2.0,1.0,2186.5,1539.3500000000001,1.0,4.25,1.3333333333333333,0,2.0,
645022,F,False,False,usa,corpus christi,CRP,19,,1.0,,,445.0,,1.0,5.0,,0,,
645168,F,True,False,usa,baton rouge,BTR,40,1.0,,2.0,1.3333333333333333,667.8,10378.172,1.0,2.0,0.3333333333333333,0,3.0,
645685,M,False,False,usa,orlando,MCO,52,,,4.0,1.0,897.25,1346.58,1.0,1.75,0.75,0,3.0,
645933,F,True,False,usa,fresno,FAT,39,,,2.0,1.5,1190.0,1037.46,1.5,4.0,0.0,0,2.0,
645939,F,True,True,usa,austin,AUS,53,,,,,,,,,,1,,
646127,F,False,True,usa,shreveport,SHV,25,,,,,,,,,,0,,
646197,F,False,False,usa,los angeles,LAX,25,,,,,,,,,,0,,
646257,F,False,False,usa,indianapolis,IND,38,,,1.0,1.0,639.0,77.63,1.0,3.0,1.0,0,1.0,
646259,F,True,True,usa,new york,JFK,26,,2.0,,,1999.0,,1.5,4.5,,0,,
646424,F,True,False,canada,montreal,YMX,46,,1.0,1.0,2.0,4671.6,1161.7,2.5,7.0,0.0,1,1.0,
646455,F,True,False,usa,houston,IAH,54,1.0,,3.0,1.25,3609.0,2845.4539999999997,1.3333333333333333,4.333333333333333,1.0,0,4.0,
646937,F,False,True,usa,mobile,MOB,48,,,3.0,2.0,1687.0,6597.32,2.0,2.0,1.0,0,3.0,
647555,M,True,False,usa,cleveland,CLE,60,,,1.0,1.0,232.0,101.75,1.0,2.0,1.0,0,1.0,
647638,F,False,False,canada,winnipeg,YAV,20,,1.0,,,315.0,,1.0,3.0,,0,,
647674,F,False,True,usa,chicago,ORD,39,,1.0,3.0,1.0,1296.0,1085.0,1.25,1.75,0.6666666666666666,0,3.0,
648201,F,False,False,usa,anchorage,ANC,19,,,,,,,,,,0,,
648379,M,True,True,canada,montreal,YMX,42,,,1.0,1.0,980.0,710.38,1.0,4.0,0.0,0,1.0,
648990,F,True,False,usa,san jose,SJC,50,,,3.0,1.3333333333333333,2255.0,997.65,1.3333333333333333,5.333333333333333,0.6666666666666666,0,3.0,
649080,F,False,True,usa,houston,IAH,40,,1.0,1.0,1.0,888.0,376.9,1.0,3.0,1.0,0,1.0,
649081,F,False,False,usa,nashville,BNA,45,1.0,,3.0,1.0,900.0,745.95,1.0,2.3333333333333335,0.5,0,3.0,
649208,F,False,True,usa,el paso,BIF,36,,,1.0,1.0,1008.0,417.01,1.0,6.0,0.0,0,1.0,
649935,F,False,False,usa,stockton,SCK,25,,,,,,,,,,0,,
650049,F,False,True,canada,gatineau,YND,25,,,1.0,3.0,2928.0,309.29999999999995,2.0,8.0,2.0,0,1.0,
650055,F,True,False,usa,new york,LGA,36,,,2.0,1.0,549.0,871.77,1.0,1.0,0.5,0,2.0,
650079,F,True,False,usa,san antonio,SKF,44,1.0,,1.0,1.0,1190.0,884.89,1.0,7.0,1.0,0,2.0,
650606,F,False,False,canada,quebec,YQB,21,,,,,,,,,,0,,
651390,F,False,True,usa,stockton,SCK,31,,,1.0,1.0,283.0,767.08,1.0,1.0,1.0,0,1.0,
651675,F,False,True,usa,tulsa,TUL,56,,,3.0,1.0,768.4,1123.87,1.0,2.0,1.3333333333333333,0,2.0,
651805,M,True,True,usa,new york,JFK,50,,,2.0,1.0,712.0,1165.46,1.0,2.0,0.5,0,2.0,
651828,F,True,True,usa,phoenix,PHX,44,,1.0,1.0,3.0,1258.0,6245.34,2.5,4.5,0.0,0,1.0,
652003,F,True,True,canada,toronto,YYZ,50,,,,,,,,,,0,,
652040,F,False,False,canada,calgary,YYC,56,,,3.0,1.3333333333333333,1534.0500000000002,2295.2275,1.3333333333333333,2.3333333333333335,1.0,0,3.0,
652190,F,False,True,usa,los angeles,LAX,21,,,,,,,,,,0,,
652527,F,False,False,usa,akron,AKR,30,,,1.0,1.0,193.0,93.89,1.0,1.0,1.0,0,1.0,
653332,F,True,True,usa,new york,LGA,55,,,1.0,1.0,600.0,408.33,1.0,3.0,0.0,0,1.0,
653852,F,False,False,usa,new york,JFK,51,,,1.0,1.0,331.0,191.1,1.0,1.0,1.0,0,1.0,
654233,F,False,False,usa,memphis,MEM,40,,,4.0,1.0,1774.1999999999998,757.0699999999999,1.0,3.0,0.5,0,4.0,
654259,F,True,False,usa,san diego,SAN,48,,,5.0,1.4,4196.0,5275.08,1.4,3.4,0.8,0,5.0,
655300,F,False,False,usa,new orleans,NBG,54,,,2.0,1.0,1044.5,476.13,1.0,2.5,1.0,0,2.0,
655499,F,False,False,usa,baltimore,BWI,69,,1.0,1.0,2.0,965.6,2364.9840000000004,1.5,4.0,0.0,0,1.0,
656150,F,True,True,usa,st. louis,STL,49,,,1.0,1.0,801.0,117.67,1.0,3.0,0.0,0,1.0,
656346,F,True,True,usa,chicago,UGN,49,,,2.0,1.0,1986.0,754.13,1.0,8.5,1.0,0,2.0,
656422,F,False,False,canada,quebec,YQB,39,1.0,,3.0,1.75,1400.0,5423.4,2.0,1.3333333333333333,1.0,0,2.0,
656471,F,False,True,usa,new york,JFK,31,,,1.0,2.0,544.0,217.34,2.0,2.0,1.0,1,1.0,
656560,F,True,True,canada,london,YXU,42,,,1.0,1.0,464.0,246.88,1.0,8.0,2.0,0,1.0,
656708,F,True,True,canada,edmonton,YXD,55,,,2.0,1.0,586.0,1222.99,1.0,2.0,1.0,0,2.0,
656850,F,False,False,usa,new york,LGA,25,,,,,,,,,,0,,
656873,F,False,False,canada,ottawa,YOW,48,1.0,,2.0,1.0,609.0,1106.29,1.0,2.5,0.0,0,3.0,
656920,F,True,False,usa,jacksonville,NIP,38,2.0,1.0,,2.5,1464.0,3494.866,2.0,2.0,0.5,0,1.0,
657122,F,True,True,canada,toronto,YTZ,61,,1.0,1.0,1.0,915.0,171.08,1.0,5.0,0.0,0,1.0,
657343,F,True,False,usa,corpus christi,CRP,58,,,,,,,,,,1,,
657514,F,True,False,usa,tulsa,TUL,44,,,,,,,,,,0,,
657629,M,False,False,usa,phoenix,LUF,31,1.0,1.0,2.0,1.6666666666666667,2095.7,4397.25,1.0,5.0,0.3333333333333333,0,3.0,
658234,F,False,True,usa,tacoma,TCM,42,1.0,,,1.0,,286.51,,,1.0,0,1.0,
658528,F,True,True,usa,sacramento,SAC,50,,,1.0,1.0,359.0,68.55,1.0,1.0,1.0,0,1.0,
659128,F,True,True,usa,new york,JFK,51,,,5.0,1.0,1666.0,2568.473,1.0,2.4,1.2,0,4.0,
659161,F,False,False,usa,new york,LGA,41,1.0,,4.0,1.6,2251.0,8892.08,1.75,2.25,0.4,0,5.0,Choice Hotels
659832,F,True,False,usa,los angeles,LAX,46,1.0,,3.0,1.25,787.8,3703.77,1.3333333333333333,1.6666666666666667,0.25,0,4.0,
660110,F,False,False,usa,dallas,DAL,27,,,2.0,1.0,962.0,940.69,1.0,2.0,0.5,0,2.0,
660903,F,False,True,usa,philadelphia,PNE,19,,,,,,,,,,0,,
662010,F,True,False,usa,denver,DEN,44,,,4.0,1.75,4031.0,3493.85,1.75,2.5,0.5,0,4.0,
662535,F,False,False,usa,kansas city,MCI,44,,,1.0,1.0,238.0,116.49,1.0,1.0,1.0,0,1.0,
662596,F,False,False,usa,nashville,BNA,22,1.0,,,1.0,,226.09,,,1.0,1,1.0,
662750,F,True,True,usa,dallas,DAL,50,,,,,,,,,,0,,
663017,M,True,False,usa,houston,HOU,42,,,4.0,1.5,3784.35,4249.193,1.5,3.75,1.0,0,3.0,NH Hotel 
663565,F,False,False,usa,san antonio,SKF,43,,1.0,3.0,1.3333333333333333,15824.0,1921.0205,1.5,6.25,0.6666666666666666,0,3.0,
664084,F,False,False,usa,new york,JFK,38,,,1.0,1.0,218.0,199.32,1.0,2.0,1.0,0,1.0,
664119,F,True,False,usa,st. petersburg,SPG,58,,1.0,,,1893.6000000000001,,1.0,8.0,,0,,
664401,F,False,False,usa,columbus,LCK,44,,,2.0,1.0,741.0,516.6675,1.0,1.5,0.0,1,2.0,
664405,F,True,True,canada,montreal,YHU,55,,,1.0,1.0,95.94999999999999,212.82,1.0,1.0,0.0,1,1.0,
664998,F,True,False,usa,houston,EFD,51,1.0,,1.0,2.0,240.0,1507.027,3.0,1.0,1.0,0,2.0,
665746,F,True,False,usa,boston,BOS,49,1.0,,,2.0,,1838.68,,,1.0,1,1.0,
665892,F,False,True,usa,knoxville,TYS,34,,1.0,4.0,1.0,3280.4,1206.742,1.0,3.4,0.5,0,3.0,
666174,M,True,False,canada,toronto,YKZ,44,,,1.0,1.0,604.0,548.74,1.0,2.0,1.0,1,1.0,
666718,F,True,False,usa,memphis,MEM,47,1.0,,1.0,1.0,209.00000000000003,595.73,1.0,2.0,0.5,0,2.0,
667299,F,True,False,usa,los angeles,LAX,71,,,,,,,,,,0,,
667536,F,False,False,usa,portland,PDX,27,,,2.0,1.0,255.0,1260.3400000000001,1.0,1.0,1.5,0,2.0,
667718,F,False,False,usa,nashville,BNA,40,,,2.0,1.5,522.0,1453.0130000000001,1.5,2.5,0.5,1,2.0,
667916,F,False,False,canada,vancouver,YVR,50,1.0,,2.0,1.0,657.0,1919.65,1.0,3.0,0.3333333333333333,0,3.0,
667929,F,False,False,usa,new york,LGA,37,1.0,,,1.0,,108.19,,,1.0,0,1.0,
667981,F,True,False,usa,san antonio,RND,49,,,3.0,1.0,3540.0,951.38,1.0,6.333333333333333,0.0,0,3.0,
668083,M,False,False,canada,montreal,YUL,24,1.0,1.0,,1.0,220.0,320.63,1.0,5.0,0.0,0,1.0,
668172,F,False,False,usa,san francisco,SFO,35,1.0,,2.0,1.3333333333333333,1027.0,4170.829,1.0,1.5,0.6666666666666666,0,3.0,
668677,F,False,False,usa,new york,LGA,32,,,2.0,1.5,870.0,636.3,1.5,1.5,0.0,0,2.0,
668776,F,True,True,usa,sacramento,SMF,39,,1.0,2.0,1.0,4535.0,534.98,1.3333333333333333,5.666666666666667,0.5,0,2.0,
669140,F,True,True,usa,detroit,YIP,65,,1.0,1.0,1.0,288.0,194.344,1.0,2.5,2.0,0,1.0,
669155,F,False,True,usa,new york,LGA,22,,1.0,,,1550.3999999999999,,1.0,17.0,,0,,
669329,F,False,False,canada,vancouver,YVR,34,,1.0,1.0,3.0,22356.0,2905.86,2.0,9.0,0.0,0,1.0,
669348,F,True,False,usa,bakersfield,BFL,42,,,2.0,1.0,532.0,1163.46,1.0,3.5,0.5,0,2.0,
670471,F,True,True,usa,louisville,LOU,41,,,2.0,1.0,916.0,387.06,1.0,2.0,0.5,0,2.0,Extended Stay 
670971,F,False,False,usa,st. louis,STL,43,,,1.0,1.0,146.0,190.49,1.0,1.0,0.0,0,1.0,
671066,F,True,True,usa,providence,PVD,51,,,1.0,1.0,552.0,97.51,1.0,6.0,0.0,0,1.0,
671151,F,True,False,usa,milwaukee,MKE,53,,,3.0,1.0,1270.0,960.726,1.0,3.3333333333333335,0.3333333333333333,1,3.0,
671999,F,False,True,usa,los angeles,LAX,19,,,,,,,,,,1,,
672009,F,True,False,usa,indianapolis,IND,53,,,2.0,3.0,828.0,7078.7655,3.0,1.0,0.0,0,2.0,
672112,F,True,True,usa,madison,MSN,52,1.0,2.0,1.0,1.0,1692.0,400.96,1.0,5.0,0.5,0,2.0,
673076,F,False,False,usa,new york,JFK,22,,,1.0,1.0,346.0,87.696,1.0,2.0,2.0,0,1.0,
674375,F,True,False,usa,sacramento,SMF,48,,1.0,1.0,1.0,1090.9,444.2,1.0,7.0,1.0,0,1.0,
675201,M,False,True,usa,phoenix,PHX,47,,1.0,5.0,1.0,3223.45,2572.6025,1.0,3.3333333333333335,0.6,0,5.0,
676043,F,True,False,usa,wichita,IAB,65,,,,,,,,,,0,,
676373,F,True,True,usa,new york,LGA,36,,1.0,1.0,1.0,2424.0,508.72,1.0,7.0,1.0,0,1.0,
677209,F,False,False,canada,toronto,YTZ,41,,,1.0,1.0,216.0,96.3,1.0,2.0,0.0,0,1.0,
677896,F,True,True,usa,denver,DEN,67,,1.0,1.0,1.0,852.0,283.23,1.0,4.5,0.0,0,1.0,
678536,F,True,False,usa,milwaukee,MKE,33,,1.0,,,901.0,,1.0,17.0,,0,,
678547,F,False,False,canada,toronto,YKZ,33,1.0,1.0,,1.0,3834.0,274.58,2.0,10.0,1.0,0,1.0,
679047,F,False,False,usa,riverside,RAL,39,,1.0,1.0,1.0,1320.0,116.92,1.0,5.0,1.0,0,1.0,
679066,F,True,False,usa,montgomery,MXF,48,,,3.0,1.3333333333333333,2241.0,1536.64,1.3333333333333333,4.333333333333333,0.6666666666666666,0,3.0,
679442,M,True,False,usa,winston-salem,INT,45,,,1.0,2.0,332.0,662.44,2.0,1.0,1.0,0,1.0,
680424,F,True,True,usa,new york,LGA,52,,1.0,2.0,1.0,1927.0,374.64,1.0,3.6666666666666665,0.0,0,2.0,
681050,F,False,False,usa,orlando,ORL,52,1.0,,1.0,1.5,420.0,1888.48,1.0,5.0,0.5,0,2.0,
681720,M,False,True,usa,new york,LGA,41,2.0,,2.0,1.0,908.0,1215.3999999999999,1.0,1.5,0.25,0,4.0,
682005,F,False,False,usa,los angeles,LAX,33,,2.0,,,1054.0,,1.5,4.5,,0,,
683663,F,True,False,usa,austin,AUS,68,,1.0,,,564.0,,2.0,3.0,,0,,
683976,F,False,True,usa,los angeles,LAX,25,,1.0,,,280.0,,1.0,5.0,,0,,
683978,F,True,True,usa,columbus,CMH,56,,,3.0,1.0,1091.0,749.4499999999999,1.0,2.3333333333333335,0.6666666666666666,0,3.0,Rosewood
684510,F,False,True,usa,corpus christi,CRP,38,,2.0,1.0,1.0,8092.0,37.12,1.6666666666666667,5.666666666666667,0.0,0,1.0,
684806,F,False,True,usa,dallas,DAL,30,,,4.0,1.5,1319.0,3913.52,1.5,3.5,0.0,0,4.0,
685604,F,True,False,usa,new york,LGA,58,,,1.0,1.0,2340.0,441.23,1.0,6.0,1.0,0,1.0,
686920,F,True,False,usa,richmond,RIC,56,,,2.0,1.0,2310.0,770.2160000000001,1.0,5.0,1.0,0,2.0,
688312,F,True,False,usa,fort worth,FTW,29,,,,,,,,,,0,,
689374,F,True,True,usa,san jose,SJC,58,,,1.0,1.0,258.0,670.38,1.0,3.0,0.0,0,1.0,
689624,F,False,True,canada,toronto,YYZ,30,1.0,,2.0,1.0,2594.5,1376.07,1.0,8.0,0.6666666666666666,0,3.0,Radisson 
689984,F,False,True,usa,philadelphia,PHL,23,,1.0,2.0,1.0,1286.0,510.58000000000004,1.0,4.333333333333333,0.5,0,2.0,
690420,F,True,True,usa,st. petersburg,PIE,57,,,3.0,1.0,736.2,1644.48,1.0,2.6666666666666665,0.0,1,3.0,
690422,F,False,False,usa,new york,LGA,47,,,3.0,1.0,1657.0,1270.18,1.0,2.3333333333333335,0.6666666666666666,0,3.0,
691334,F,False,True,usa,new york,JFK,51,,,3.0,1.0,1558.0,1870.3400000000001,1.0,2.6666666666666665,0.6666666666666666,0,3.0,
691546,F,False,True,usa,portland,PWM,48,,,5.0,1.0,1720.4,1570.6100000000001,1.0,2.2,0.6,0,5.0,
693301,F,False,False,usa,el paso,ELP,76,,1.0,1.0,1.0,464.0,209.88,1.0,1.5,1.0,0,1.0,
693729,F,True,True,usa,dallas,DAL,31,,,2.0,1.0,683.0,434.94000000000005,1.0,2.0,1.0,0,2.0,
694265,F,True,True,usa,des moines,DSM,31,,,,,,,,,,1,,
695094,F,True,False,usa,san diego,SAN,44,,,1.0,1.0,392.0,29.52,1.0,2.0,0.0,0,1.0,
695132,F,True,True,usa,san antonio,SAT,51,,,2.0,1.0,545.8,805.3399999999999,1.0,1.0,0.5,0,2.0,
695557,F,False,False,usa,san diego,SAN,33,,,4.0,1.25,2663.6,3646.0475,1.25,2.5,0.75,0,3.0,
698291,F,False,False,usa,corpus christi,CRP,29,,,3.0,1.3333333333333333,1752.0,1352.3899999999999,1.3333333333333333,3.6666666666666665,0.6666666666666666,0,3.0,
699040,F,False,False,usa,kansas city,MCI,37,1.0,,,1.0,,129.05749999999998,,,0.0,0,1.0,
700289,F,True,False,usa,new york,JFK,72,,1.0,,,1447.2,,2.0,4.0,,0,,
700666,F,True,True,usa,portland,PDX,60,,1.0,,,7700.0,,2.0,14.0,,0,,
701565,F,True,True,usa,charlotte,CLT,55,,,3.0,1.0,727.6,1326.25,1.0,1.3333333333333333,0.3333333333333333,0,2.0,
702595,F,False,True,usa,fort worth,FTW,43,,,3.0,1.0,779.0,957.2900000000001,1.0,2.0,0.3333333333333333,0,3.0,
703333,F,False,True,usa,boston,BOS,45,,,1.0,1.0,452.0,656.64,1.0,4.0,0.0,0,1.0,
704652,F,False,True,usa,new york,JFK,52,,,3.0,1.3333333333333333,1034.0,1575.59,1.3333333333333333,1.6666666666666667,0.6666666666666666,0,3.0,
707525,F,True,True,usa,indianapolis,IND,47,,,3.0,1.6666666666666667,4526.0,1529.66,1.3333333333333333,7.0,1.0,0,2.0,Radisson 
708887,F,False,False,usa,rochester,ROC,24,,2.0,,,7824.0,,1.0,13.5,,0,,
710489,F,False,False,usa,buffalo,BUF,39,1.0,,2.0,1.3333333333333333,1239.0,599.05,1.5,2.0,0.6666666666666666,0,3.0,
710523,F,False,False,canada,london,YXU,19,,,,,,,,,,0,,
713557,F,True,False,usa,minneapolis,MSP,60,,,2.0,1.5,1074.0,1686.07,1.5,3.5,1.0,0,2.0,
714420,F,True,True,usa,nashville,BNA,45,,,2.0,1.5,1596.7,713.1065,1.5,2.5,1.0,0,2.0,
714504,F,False,False,usa,san antonio,SAT,48,,,2.0,1.0,631.2,773.04,1.0,2.5,1.0,0,2.0,
715059,F,False,False,usa,houston,IAH,43,,,3.0,1.0,640.6,1050.1100000000001,1.0,1.3333333333333333,0.3333333333333333,0,2.0,
716337,F,True,False,usa,indianapolis,IND,38,,1.0,1.0,1.0,1256.0,517.85,1.0,6.0,0.0,0,1.0,NH Hotel 
716801,F,True,False,usa,sacramento,SAC,69,,1.0,,,138.0,,1.0,2.0,,1,,
717149,F,True,False,canada,ottawa,YOW,33,,,1.0,1.0,77.0,480.3975,1.0,1.0,1.0,0,1.0,
717546,F,True,False,usa,new orleans,NBG,68,,,2.0,1.0,558.0,218.386,1.0,2.5,0.5,0,2.0,
720860,F,False,True,usa,long beach,LGB,40,,,4.0,1.5,2247.0,4756.54,1.5,2.5,0.75,0,4.0,
721496,F,True,True,usa,chicago,MDW,52,,1.0,1.0,1.0,2275.6,61.05649999999999,1.0,8.0,0.0,0,1.0,
721570,F,False,False,usa,newark,EWR,46,,1.0,,,1258.0,,1.0,17.0,,1,,
725357,F,True,False,usa,cincinnati,CVG,47,,,,,,,,,,0,,
727886,F,True,False,usa,san francisco,SFO,48,,,2.0,1.0,309.0,981.86,1.0,1.0,0.0,2,2.0,
728820,M,False,True,usa,houston,HOU,40,,1.0,,,450.0,,1.0,5.0,,1,,
733654,F,True,False,usa,portland,PWM,70,,,,,,,,,,1,,
734565,F,True,False,usa,honolulu,HNL,60,,,2.0,1.0,713.0,2633.8940000000002,1.0,2.5,0.5,0,2.0,
741190,F,False,True,canada,toronto,YTZ,23,,,,,,,,,,0,,
741902,F,True,True,canada,halifax,YAW,49,,,1.0,1.0,276.0,432.76,1.0,1.0,1.0,0,1.0,
743151,F,False,True,usa,seattle,BFI,35,,,,,,,,,,0,,
752933,F,True,False,usa,fresno,FAT,70,,1.0,,,3298.3999999999996,,2.0,7.0,,1,,
756434,F,False,True,usa,omaha,OFF,44,,1.0,1.0,1.0,1255.0,359.14,1.5,2.5,0.0,0,1.0,
757930,F,False,False,usa,las vegas,LAS,48,1.0,1.0,2.0,1.0,2180.0,802.375,1.0,4.0,0.3333333333333333,0,3.0,
760793,F,True,False,usa,modesto,MOD,43,,1.0,2.0,1.0,2664.0,825.26,1.0,4.666666666666667,0.5,0,2.0,
767426,F,True,True,usa,fayetteville,FYV,39,1.0,2.0,1.0,2.0,3052.0,3120.5,1.0,3.6666666666666665,0.5,0,2.0,
770252,F,False,False,usa,oakland,OAK,27,,,,,,,,,,1,,
774666,F,True,False,usa,minneapolis,MSP,47,1.0,,1.0,1.0,585.0,633.69,1.0,5.0,1.5,0,2.0,
777366,F,False,False,usa,new york,JFK,50,,,1.0,1.0,628.0,108.73,1.0,2.0,0.0,0,1.0,
780167,F,True,True,usa,los angeles,LAX,52,1.0,,1.0,1.5,220.0,1597.1819999999998,2.0,1.0,0.0,0,2.0,
785186,F,True,True,usa,little rock,LIT,47,,,2.0,1.0,291.0,353.35,1.0,1.0,0.0,0,2.0,
792549,F,False,False,usa,kansas city,MCI,48,3.0,,1.0,1.0,144.0,1039.17,1.0,4.0,0.5,0,4.0,
811077,F,True,True,usa,knoxville,TYS,47,,,1.0,1.0,852.0,579.79,1.0,6.0,0.0,0,1.0,
844489,M,False,True,usa,el paso,BIF,26,,,,,,,,,,0,,
